line_id,plant_id,product_id,production_order_id,Bottleneck_Risk_Probability,Bottleneck_Risk_Level,oee_overall,downtime_unplanned_minutes,bottleneck_station_id
MFG-LINE-PLT-004-06,PLT-004,PRD-2021-SKU-05702,WO-2021-98019,0.7157151018462937,High,0.9243,0.0,WC-003
MFG-LINE-PLT-005-05,PLT-005,PRD-2020-SKU-05736,WO-2020-36066,0.033417680770949545,Low,0.5824,113.5,WC-003
MFG-LINE-PLT-005-01,PLT-005,PRD-2022-SKU-04660,WO-2022-67019,0.43060717194834003,Medium,0.4954,131.1,WC-001
MFG-LINE-PLT-007-02,PLT-007,PRD-2023-SKU-01042,WO-2023-12387,0.5916807986768504,Medium,0.7364,14.6,WC-001
MFG-LINE-PLT-001-02,PLT-001,PRD-2024-SKU-02680,WO-2024-99757,0.7899103403055929,High,0.6257,65.8,WC-001
MFG-LINE-PLT-006-02,PLT-006,PRD-2020-SKU-03525,WO-2020-85336,0.9549361779831845,High,0.4776,143.9,WC-012
MFG-LINE-PLT-005-05,PLT-005,PRD-2024-SKU-02707,WO-2024-01817,0.009306166960158313,Low,0.7148,25.6,WC-002
MFG-LINE-PLT-005-04,PLT-005,PRD-2024-SKU-07919,WO-2024-13111,0.6868722797122238,Medium,0.7909,48.5,WC-001
MFG-LINE-PLT-002-04,PLT-002,PRD-2020-SKU-07478,WO-2020-24841,0.9636495501887115,High,0.4299,92.1,WC-004
MFG-LINE-PLT-003-03,PLT-003,PRD-2020-SKU-07716,WO-2020-74961,0.05288860037189731,Low,0.4917,149.3,WC-003
MFG-LINE-PLT-010-04,PLT-010,PRD-2023-SKU-03844,WO-2023-84331,0.8129107268039502,High,0.7021,51.1,WC-002
MFG-LINE-PLT-010-04,PLT-010,PRD-2024-SKU-09427,WO-2024-41666,0.7910271653512176,High,0.5202,124.9,WC-008
MFG-LINE-PLT-004-01,PLT-004,PRD-2023-SKU-02419,WO-2023-38537,0.17426556689641942,Low,0.5453,125.9,WC-002
MFG-LINE-PLT-003-04,PLT-003,PRD-2020-SKU-05777,WO-2020-49367,0.15122834253028836,Low,0.898,18.5,WC-006
MFG-LINE-PLT-010-03,PLT-010,PRD-2024-SKU-04506,WO-2024-81095,0.9177142327093435,High,0.7282,85.3,WC-007
MFG-LINE-PLT-004-07,PLT-004,PRD-2023-SKU-01622,WO-2023-91573,0.5353497520085754,Medium,0.8131,31.7,WC-004
MFG-LINE-PLT-005-03,PLT-005,PRD-2023-SKU-06623,WO-2023-94883,0.08886660842279205,Low,0.8188,47.4,WC-001
MFG-LINE-PLT-004-02,PLT-004,PRD-2022-SKU-06381,WO-2022-74519,0.5884208619948263,Medium,0.4562,134.7,WC-001
MFG-LINE-PLT-002-03,PLT-002,PRD-2021-SKU-05217,WO-2021-49431,0.5433210569321265,Medium,0.7088,10.0,WC-001
MFG-LINE-PLT-004-04,PLT-004,PRD-2023-SKU-06474,WO-2023-77184,0.4600458304145625,Medium,0.6792,0.0,WC-001
MFG-LINE-PLT-004-03,PLT-004,PRD-2024-SKU-02431,WO-2024-93850,0.32220271313883775,Low,0.7852,91.9,WC-005
MFG-LINE-PLT-007-01,PLT-007,PRD-2020-SKU-09741,WO-2020-57860,0.04326399687131542,Low,0.543,77.9,WC-012
MFG-LINE-PLT-002-04,PLT-002,PRD-2020-SKU-04916,WO-2020-08671,0.9250042714533515,High,0.657,35.1,WC-006
MFG-LINE-PLT-003-03,PLT-003,PRD-2024-SKU-04067,WO-2024-63902,0.011654136402467348,Low,0.6934,53.8,WC-002
MFG-LINE-PLT-009-01,PLT-009,PRD-2021-SKU-04231,WO-2021-01844,0.93836878932854,High,0.677,66.1,WC-001
MFG-LINE-PLT-004-05,PLT-004,PRD-2021-SKU-07789,WO-2021-75376,0.22747678007541808,Low,0.7695,36.0,WC-007
MFG-LINE-PLT-003-05,PLT-003,PRD-2020-SKU-09637,WO-2020-54698,0.42860548216566957,Medium,0.6647,0.0,WC-005
MFG-LINE-PLT-002-04,PLT-002,PRD-2020-SKU-03036,WO-2020-60652,0.9425473406511601,High,0.7889,64.0,WC-002
MFG-LINE-PLT-006-02,PLT-006,PRD-2023-SKU-03848,WO-2023-26345,0.950909992860256,High,0.5075,67.3,WC-018
MFG-LINE-PLT-010-02,PLT-010,PRD-2021-SKU-07234,WO-2021-53390,0.915879023192261,High,0.6067,46.7,WC-005
MFG-LINE-PLT-007-02,PLT-007,PRD-2021-SKU-07858,WO-2021-35212,0.6978129562038246,Medium,0.6671,39.9,WC-002
MFG-LINE-PLT-003-05,PLT-003,PRD-2020-SKU-07265,WO-2020-30548,0.8268242421059915,High,0.7764,4.1,WC-001
MFG-LINE-PLT-003-04,PLT-003,PRD-2020-SKU-01500,WO-2020-69184,0.7061847609630941,High,0.6268,15.6,WC-007
MFG-LINE-PLT-005-05,PLT-005,PRD-2020-SKU-09110,WO-2020-95908,0.02803716922845748,Low,0.5294,119.6,WC-003
MFG-LINE-PLT-004-04,PLT-004,PRD-2024-SKU-03845,WO-2024-50718,0.7822744778370825,High,0.7917,5.6,WC-001
MFG-LINE-PLT-004-05,PLT-004,PRD-2024-SKU-05700,WO-2024-45674,0.42461844181741204,Medium,0.5528,118.0,WC-002
MFG-LINE-PLT-007-02,PLT-007,PRD-2020-SKU-07651,WO-2020-57481,0.5221190465552736,Medium,0.7739,57.5,WC-001
MFG-LINE-PLT-004-06,PLT-004,PRD-2022-SKU-03311,WO-2022-70669,0.5002789103948732,Medium,0.7074,86.7,WC-001
MFG-LINE-PLT-005-03,PLT-005,PRD-2021-SKU-06758,WO-2021-32878,0.06203455179577417,Low,0.6236,105.9,WC-002
MFG-LINE-PLT-007-01,PLT-007,PRD-2024-SKU-01151,WO-2024-02027,0.023731483601309545,Low,0.7922,43.4,WC-009
MFG-LINE-PLT-003-03,PLT-003,PRD-2024-SKU-09218,WO-2024-56313,0.02281814676548185,Low,0.5848,115.9,WC-003
MFG-LINE-PLT-009-02,PLT-009,PRD-2023-SKU-07693,WO-2023-09951,0.11529276885558808,Low,0.7671,0.0,WC-002
MFG-LINE-PLT-005-04,PLT-005,PRD-2023-SKU-06465,WO-2023-61460,0.5615796833895654,Medium,0.5796,79.8,WC-004
MFG-LINE-PLT-004-07,PLT-004,PRD-2020-SKU-07228,WO-2020-04296,0.10860499078202215,Low,0.4952,172.9,WC-005
MFG-LINE-PLT-006-02,PLT-006,PRD-2022-SKU-03787,WO-2022-92273,0.9786218219028268,High,0.8892,21.4,WC-003
MFG-LINE-PLT-010-02,PLT-010,PRD-2022-SKU-01790,WO-2022-10144,0.4230859473779168,Medium,0.8314,28.6,WC-001
MFG-LINE-PLT-004-01,PLT-004,PRD-2020-SKU-08985,WO-2020-50647,0.15160635735718564,Low,0.6303,77.5,WC-002
MFG-LINE-PLT-003-03,PLT-003,PRD-2022-SKU-02248,WO-2022-86626,0.029283024505298277,Low,0.8866,34.3,WC-002
MFG-LINE-PLT-010-02,PLT-010,PRD-2022-SKU-08934,WO-2022-36436,0.7506641820232212,High,0.6208,94.6,WC-003
MFG-LINE-PLT-009-02,PLT-009,PRD-2020-SKU-06499,WO-2020-64487,0.05942276845769057,Low,0.5091,35.6,WC-001
MFG-LINE-PLT-006-02,PLT-006,PRD-2023-SKU-06305,WO-2023-72247,0.9682914088634154,High,0.4948,50.4,WC-014
MFG-LINE-PLT-010-01,PLT-010,PRD-2024-SKU-03741,WO-2024-06182,0.697692741827786,Medium,0.6492,7.1,WC-001
MFG-LINE-PLT-008-02,PLT-008,PRD-2021-SKU-07849,WO-2021-09456,0.7495914458628424,High,0.9103,0.0,WC-003
MFG-LINE-PLT-004-02,PLT-004,PRD-2023-SKU-06807,WO-2023-21119,0.6911823811216463,Medium,0.8169,56.7,WC-002
MFG-LINE-PLT-003-01,PLT-003,PRD-2024-SKU-08094,WO-2024-62958,0.2494426376239147,Low,0.5586,71.9,WC-011
MFG-LINE-PLT-010-02,PLT-010,PRD-2024-SKU-05992,WO-2024-32412,0.789343768732605,High,0.624,85.2,WC-002
MFG-LINE-PLT-005-03,PLT-005,PRD-2020-SKU-03118,WO-2020-51016,0.1856374949068487,Low,0.6975,99.3,WC-001
MFG-LINE-PLT-001-02,PLT-001,PRD-2020-SKU-02889,WO-2020-23423,0.5944596890161611,Medium,0.7398,24.6,WC-001
MFG-LINE-PLT-004-03,PLT-004,PRD-2022-SKU-07755,WO-2022-48056,0.14287345134695986,Low,0.4897,68.9,WC-004
MFG-LINE-PLT-003-04,PLT-003,PRD-2021-SKU-09657,WO-2021-71199,0.10400850789589706,Low,0.7745,51.7,WC-004
MFG-LINE-PLT-007-01,PLT-007,PRD-2022-SKU-09402,WO-2022-65398,0.031221253025252065,Low,0.6761,62.8,WC-006
MFG-LINE-PLT-010-01,PLT-010,PRD-2023-SKU-05152,WO-2023-53699,0.46322859078889683,Medium,0.4709,59.4,WC-004
MFG-LINE-PLT-005-06,PLT-005,PRD-2024-SKU-08878,WO-2024-47405,0.28887953376041603,Low,0.1942,295.2,WC-007
MFG-LINE-PLT-009-01,PLT-009,PRD-2021-SKU-07958,WO-2021-46833,0.9032796287805716,High,0.7223,97.5,WC-006
MFG-LINE-PLT-005-04,PLT-005,PRD-2022-SKU-09088,WO-2022-23784,0.7796486227021099,High,0.5403,98.4,WC-002
MFG-LINE-PLT-008-02,PLT-008,PRD-2022-SKU-01183,WO-2022-66621,0.6718937736152126,Medium,0.5768,45.9,WC-005
MFG-LINE-PLT-009-02,PLT-009,PRD-2020-SKU-09513,WO-2020-84985,0.025028003613810117,Low,0.8372,21.5,WC-002
MFG-LINE-PLT-010-04,PLT-010,PRD-2022-SKU-02729,WO-2022-21508,0.813695945339256,High,0.6402,69.3,WC-004
MFG-LINE-PLT-004-01,PLT-004,PRD-2021-SKU-08319,WO-2021-08645,0.1919922035727607,Low,0.5632,40.4,WC-004
MFG-LINE-PLT-004-05,PLT-004,PRD-2020-SKU-05834,WO-2020-65881,0.25951217474014315,Low,0.638,23.8,WC-007
MFG-LINE-PLT-005-03,PLT-005,PRD-2022-SKU-03656,WO-2022-40217,0.08063414962805321,Low,0.7366,56.8,WC-002
MFG-LINE-PLT-003-01,PLT-003,PRD-2024-SKU-07110,WO-2024-69198,0.5041960398778003,Medium,0.6712,69.7,WC-009
MFG-LINE-PLT-004-07,PLT-004,PRD-2024-SKU-01720,WO-2024-36090,0.05329745371601965,Low,0.6895,87.3,WC-002
MFG-LINE-PLT-006-02,PLT-006,PRD-2023-SKU-03780,WO-2023-61498,0.9894194748986853,High,0.7309,14.8,WC-006
MFG-LINE-PLT-003-02,PLT-003,PRD-2023-SKU-01134,WO-2023-68937,0.3108157737200555,Low,0.5982,123.4,WC-001
MFG-LINE-PLT-005-06,PLT-005,PRD-2024-SKU-09802,WO-2024-99119,0.23120255164416367,Low,0.6738,10.6,WC-005
MFG-LINE-PLT-010-02,PLT-010,PRD-2024-SKU-06194,WO-2024-44873,0.7606968069266812,High,0.7314,13.8,WC-003
MFG-LINE-PLT-004-03,PLT-004,PRD-2021-SKU-07682,WO-2021-17779,0.09213144496370888,Low,0.7017,74.5,WC-005
MFG-LINE-PLT-007-01,PLT-007,PRD-2021-SKU-08640,WO-2021-29812,0.05226145361716069,Low,0.6404,77.0,WC-002
MFG-LINE-PLT-002-01,PLT-002,PRD-2023-SKU-07623,WO-2023-14654,0.058294596027912184,Low,0.6391,57.9,WC-002
MFG-LINE-PLT-005-02,PLT-005,PRD-2022-SKU-06767,WO-2022-68531,0.7749559102319845,High,0.7869,45.5,WC-001
MFG-LINE-PLT-002-02,PLT-002,PRD-2023-SKU-05089,WO-2023-10115,0.013400824607212395,Low,0.7853,0.0,WC-004
MFG-LINE-PLT-005-02,PLT-005,PRD-2023-SKU-07625,WO-2023-19410,0.46373080432760533,Medium,0.8101,45.8,WC-002
MFG-LINE-PLT-009-02,PLT-009,PRD-2024-SKU-09757,WO-2024-42073,0.3374512904815827,Low,0.7461,61.7,WC-001
MFG-LINE-PLT-002-01,PLT-002,PRD-2022-SKU-01941,WO-2022-89203,0.05763308034310867,Low,0.822,75.5,WC-001
MFG-LINE-PLT-005-02,PLT-005,PRD-2021-SKU-09410,WO-2021-95396,0.6520855267052278,Medium,0.7509,67.5,WC-006
MFG-LINE-PLT-010-03,PLT-010,PRD-2021-SKU-02033,WO-2021-17399,0.6521887948932096,Medium,0.6839,60.9,WC-005
MFG-LINE-PLT-004-03,PLT-004,PRD-2022-SKU-05308,WO-2022-15805,0.12368142198747804,Low,0.3728,241.7,WC-004
MFG-LINE-PLT-009-01,PLT-009,PRD-2020-SKU-09851,WO-2020-49755,0.6924766971229404,Medium,0.6868,36.2,WC-008
MFG-LINE-PLT-004-01,PLT-004,PRD-2021-SKU-07755,WO-2021-77924,0.530835137796136,Medium,0.5668,90.1,WC-007
MFG-LINE-PLT-010-04,PLT-010,PRD-2022-SKU-06548,WO-2022-08484,0.776014624798268,High,0.838,19.1,WC-003
MFG-LINE-PLT-004-03,PLT-004,PRD-2021-SKU-04557,WO-2021-42475,0.1200156305467715,Low,0.4946,95.3,WC-003
MFG-LINE-PLT-004-04,PLT-004,PRD-2023-SKU-06096,WO-2023-50974,0.4944473187321029,Medium,0.5012,22.6,WC-002
MFG-LINE-PLT-002-03,PLT-002,PRD-2020-SKU-08707,WO-2020-90779,0.5317105444048869,Medium,0.5225,126.0,WC-001
MFG-LINE-PLT-010-04,PLT-010,PRD-2020-SKU-09116,WO-2020-35901,0.8182955063070494,High,0.5666,59.7,WC-003
MFG-LINE-PLT-004-05,PLT-004,PRD-2021-SKU-09338,WO-2021-41115,0.6135328461910365,Medium,0.5316,18.7,WC-001
MFG-LINE-PLT-004-05,PLT-004,PRD-2022-SKU-03275,WO-2022-47203,0.5988099282742622,Medium,0.6712,98.7,WC-004
MFG-LINE-PLT-004-03,PLT-004,PRD-2023-SKU-02159,WO-2023-45250,0.09742081354222325,Low,0.4481,105.5,WC-004
MFG-LINE-PLT-004-02,PLT-004,PRD-2022-SKU-05907,WO-2022-10859,0.8360559256540998,High,0.7883,14.3,WC-002
MFG-LINE-PLT-001-01,PLT-001,PRD-2022-SKU-09413,WO-2022-25508,0.031321264471925625,Low,0.8892,11.7,WC-009
MFG-LINE-PLT-006-02,PLT-006,PRD-2024-SKU-01787,WO-2024-52586,0.9985289229888752,High,0.8264,38.9,WC-017
MFG-LINE-PLT-004-06,PLT-004,PRD-2020-SKU-07841,WO-2020-16794,0.4768706632711385,Medium,0.8727,23.0,WC-001
MFG-LINE-PLT-003-05,PLT-003,PRD-2020-SKU-05336,WO-2020-39777,0.8422004440688309,High,0.669,101.0,WC-004
MFG-LINE-PLT-008-01,PLT-008,PRD-2023-SKU-04855,WO-2023-71692,0.7279278343895664,High,0.466,76.5,WC-001
MFG-LINE-PLT-004-07,PLT-004,PRD-2024-SKU-02913,WO-2024-52217,0.07753426995367592,Low,0.7073,89.2,WC-005
MFG-LINE-PLT-005-04,PLT-005,PRD-2023-SKU-04539,WO-2023-79491,0.7648106414950694,High,0.636,46.7,WC-003
MFG-LINE-PLT-003-02,PLT-003,PRD-2023-SKU-04884,WO-2023-66558,0.2519887352058829,Low,0.7446,57.0,WC-001
MFG-LINE-PLT-002-03,PLT-002,PRD-2020-SKU-08878,WO-2020-60650,0.27314918172052705,Low,0.6974,49.2,WC-009
MFG-LINE-PLT-004-04,PLT-004,PRD-2020-SKU-01069,WO-2020-19696,0.7479921055816308,High,0.7917,0.0,WC-001
MFG-LINE-PLT-008-01,PLT-008,PRD-2023-SKU-06770,WO-2023-68705,0.24425910507134493,Low,0.8581,11.4,WC-003
MFG-LINE-PLT-002-01,PLT-002,PRD-2021-SKU-04230,WO-2021-31408,0.5407802315958685,Medium,0.5292,12.0,WC-002
MFG-LINE-PLT-005-02,PLT-005,PRD-2023-SKU-06842,WO-2023-31941,0.7417603844576043,High,0.998,0.0,WC-005
MFG-LINE-PLT-010-04,PLT-010,PRD-2024-SKU-02558,WO-2024-57242,0.8315734288847412,High,0.8223,14.6,WC-002
MFG-LINE-PLT-001-02,PLT-001,PRD-2022-SKU-01429,WO-2022-87038,0.43238883481541973,Medium,0.7023,49.1,WC-001
MFG-LINE-PLT-006-01,PLT-006,PRD-2023-SKU-09300,WO-2023-82118,0.9908223577512157,High,0.5763,112.2,WC-002
MFG-LINE-PLT-008-02,PLT-008,PRD-2024-SKU-09741,WO-2024-70025,0.6666517231956245,Medium,0.7703,16.0,WC-002
MFG-LINE-PLT-008-02,PLT-008,PRD-2022-SKU-09554,WO-2022-39317,0.6785798226844374,Medium,0.602,70.2,WC-006
MFG-LINE-PLT-002-03,PLT-002,PRD-2024-SKU-08689,WO-2024-17685,0.5306562458893693,Medium,0.9007,34.7,WC-007
MFG-LINE-PLT-004-04,PLT-004,PRD-2020-SKU-01365,WO-2020-26126,0.6154175212732047,Medium,0.6641,134.0,WC-002
MFG-LINE-PLT-008-01,PLT-008,PRD-2021-SKU-09494,WO-2021-98474,0.6621549061240273,Medium,0.5967,116.6,WC-001
MFG-LINE-PLT-002-04,PLT-002,PRD-2022-SKU-07361,WO-2022-14191,0.9854998216594326,High,0.7877,5.7,WC-006
MFG-LINE-PLT-003-04,PLT-003,PRD-2024-SKU-03998,WO-2024-96210,0.1760095221582132,Low,0.762,32.2,WC-005
MFG-LINE-PLT-005-04,PLT-005,PRD-2023-SKU-08500,WO-2023-52899,0.498319525855981,Medium,0.6147,25.0,WC-002
MFG-LINE-PLT-004-06,PLT-004,PRD-2023-SKU-02440,WO-2023-39286,0.763081643380592,High,0.7064,103.7,WC-002
MFG-LINE-PLT-010-03,PLT-010,PRD-2021-SKU-01251,WO-2021-94385,0.8794190292269235,High,0.6899,40.5,WC-001
MFG-LINE-PLT-003-01,PLT-003,PRD-2023-SKU-02527,WO-2023-30830,0.21119462983319862,Low,0.6339,135.1,WC-010
MFG-LINE-PLT-003-02,PLT-003,PRD-2021-SKU-03402,WO-2021-10833,0.24597730506813564,Low,0.9427,62.5,WC-001
MFG-LINE-PLT-004-01,PLT-004,PRD-2021-SKU-09708,WO-2021-15295,0.34444272911741913,Low,0.629,54.5,WC-001
MFG-LINE-PLT-010-04,PLT-010,PRD-2022-SKU-05633,WO-2022-86016,0.8365648456241002,High,0.6697,31.9,WC-005
MFG-LINE-PLT-003-05,PLT-003,PRD-2023-SKU-08450,WO-2023-69430,0.3088215656408893,Low,0.6434,9.8,WC-001
MFG-LINE-PLT-008-01,PLT-008,PRD-2023-SKU-03299,WO-2023-41114,0.6345735642111825,Medium,0.7439,31.7,WC-001
MFG-LINE-PLT-009-02,PLT-009,PRD-2021-SKU-07028,WO-2021-69371,0.05480184195699799,Low,0.7646,47.4,WC-001
MFG-LINE-PLT-002-03,PLT-002,PRD-2023-SKU-07008,WO-2023-17016,0.2682099586297391,Low,0.7086,45.4,WC-010
MFG-LINE-PLT-007-01,PLT-007,PRD-2023-SKU-01051,WO-2023-96257,0.05482515705514483,Low,0.7157,58.2,WC-005
MFG-LINE-PLT-010-03,PLT-010,PRD-2022-SKU-01433,WO-2022-69041,0.923707065122712,High,0.7111,59.1,WC-002
MFG-LINE-PLT-003-01,PLT-003,PRD-2020-SKU-09140,WO-2020-72328,0.5896296574279938,Medium,0.685,72.8,WC-007
MFG-LINE-PLT-004-06,PLT-004,PRD-2021-SKU-01566,WO-2021-29923,0.7390425655244753,High,0.7041,52.1,WC-003
MFG-LINE-PLT-010-04,PLT-010,PRD-2021-SKU-01625,WO-2021-32169,0.7271993653268521,High,0.8378,54.0,WC-008
MFG-LINE-PLT-005-06,PLT-005,PRD-2020-SKU-04442,WO-2020-35012,0.19554649928615703,Low,0.7035,93.0,WC-004
MFG-LINE-PLT-005-01,PLT-005,PRD-2023-SKU-09716,WO-2023-62583,0.29665362739532763,Low,0.6813,16.2,WC-002
MFG-LINE-PLT-004-04,PLT-004,PRD-2021-SKU-02827,WO-2021-90000,0.7488423801228382,High,0.7305,53.5,WC-001
MFG-LINE-PLT-004-04,PLT-004,PRD-2022-SKU-02960,WO-2022-94122,0.44993803297643353,Medium,0.7519,50.1,WC-002
MFG-LINE-PLT-009-02,PLT-009,PRD-2024-SKU-01350,WO-2024-77084,0.037804706977368284,Low,0.7473,72.1,WC-001
MFG-LINE-PLT-009-02,PLT-009,PRD-2020-SKU-02608,WO-2020-94831,0.06479355585683895,Low,0.4563,109.9,WC-003
MFG-LINE-PLT-006-02,PLT-006,PRD-2022-SKU-08422,WO-2022-88455,0.9865551891843994,High,0.6192,63.3,WC-016
MFG-LINE-PLT-004-02,PLT-004,PRD-2024-SKU-08388,WO-2024-65322,0.5028023538857933,Medium,0.7249,46.3,WC-002
MFG-LINE-PLT-005-03,PLT-005,PRD-2023-SKU-02335,WO-2023-70070,0.06919095572371887,Low,0.4347,105.4,WC-002
MFG-LINE-PLT-003-03,PLT-003,PRD-2021-SKU-07067,WO-2021-05804,0.038592914880099145,Low,0.6656,96.1,WC-002
MFG-LINE-PLT-005-02,PLT-005,PRD-2024-SKU-01343,WO-2024-79274,0.5300134250393418,Medium,0.9481,0.0,WC-005
MFG-LINE-PLT-005-06,PLT-005,PRD-2022-SKU-09428,WO-2022-91203,0.14416328932897396,Low,0.6703,113.9,WC-002
MFG-LINE-PLT-005-02,PLT-005,PRD-2020-SKU-05714,WO-2020-17529,0.3714027530735288,Low,0.6873,43.8,WC-005
MFG-LINE-PLT-004-02,PLT-004,PRD-2023-SKU-02391,WO-2023-97168,0.5501345288949774,Medium,0.3829,8.0,WC-002
MFG-LINE-PLT-005-06,PLT-005,PRD-2021-SKU-06023,WO-2021-33486,0.22441490642927275,Low,0.377,218.94828652410524,WC-004
MFG-LINE-PLT-003-05,PLT-003,PRD-2023-SKU-06706,WO-2023-02328,0.7960582751369721,High,0.7619,69.3,WC-005
MFG-LINE-PLT-006-01,PLT-006,PRD-2024-SKU-05414,WO-2024-48360,0.8564349371429738,High,0.0296,265.6549494980062,WC-005
MFG-LINE-PLT-009-01,PLT-009,PRD-2021-SKU-09067,WO-2021-76938,0.87270909247797,High,0.7744,70.7,WC-010
MFG-LINE-PLT-004-05,PLT-004,PRD-2023-SKU-06280,WO-2023-22324,0.2243046988458105,Low,0.4252,116.7,WC-006
MFG-LINE-PLT-006-02,PLT-006,PRD-2024-SKU-07807,WO-2024-48529,0.956643033118713,High,0.6565,83.2,WC-012
MFG-LINE-PLT-005-06,PLT-005,PRD-2024-SKU-05177,WO-2024-11145,0.16468449037967842,Low,0.6216,113.4,WC-002
MFG-LINE-PLT-008-01,PLT-008,PRD-2024-SKU-09019,WO-2024-89613,0.2940103029890707,Low,0.8837,9.2,WC-002
MFG-LINE-PLT-010-04,PLT-010,PRD-2021-SKU-08323,WO-2021-16028,0.7247404283155329,High,0.9646,0.0,WC-006
MFG-LINE-PLT-007-02,PLT-007,PRD-2024-SKU-02666,WO-2024-87976,0.424581028723379,Medium,0.6699,70.1,WC-001
MFG-LINE-PLT-002-04,PLT-002,PRD-2020-SKU-05975,WO-2020-99230,0.9442730063303643,High,0.8285,18.1,WC-001
MFG-LINE-PLT-008-01,PLT-008,PRD-2024-SKU-05297,WO-2024-46346,0.2601035193245944,Low,0.6661,123.3,WC-001
MFG-LINE-PLT-004-03,PLT-004,PRD-2020-SKU-04654,WO-2020-55008,0.16290181404417062,Low,0.7159,115.7,WC-003
MFG-LINE-PLT-005-04,PLT-005,PRD-2021-SKU-03968,WO-2021-20805,0.6673665340256569,Medium,0.7047,34.6,WC-004
MFG-LINE-PLT-005-02,PLT-005,PRD-2021-SKU-05213,WO-2021-36879,0.530924277720275,Medium,0.6944,40.8,WC-006
MFG-LINE-PLT-003-05,PLT-003,PRD-2021-SKU-05798,WO-2021-18081,0.8697563321343476,High,0.7772,23.5,WC-001
MFG-LINE-PLT-009-01,PLT-009,PRD-2022-SKU-09902,WO-2022-68646,0.6960278782076837,Medium,0.5527,150.3,WC-008
MFG-LINE-PLT-003-01,PLT-003,PRD-2020-SKU-02905,WO-2020-87631,0.4042877326499662,Medium,0.4191,95.6,WC-003
MFG-LINE-PLT-003-01,PLT-003,PRD-2023-SKU-06001,WO-2023-05442,0.17582686561923652,Low,0.6024,80.0,WC-007
MFG-LINE-PLT-008-02,PLT-008,PRD-2020-SKU-02164,WO-2020-22857,0.696141176155674,Medium,0.5931,25.8,WC-004
MFG-LINE-PLT-009-01,PLT-009,PRD-2024-SKU-03806,WO-2024-96694,0.9360824940330359,High,0.5334,71.9,WC-010
MFG-LINE-PLT-001-02,PLT-001,PRD-2024-SKU-04345,WO-2024-97791,0.8907414926241165,High,0.6864,13.0,WC-004
MFG-LINE-PLT-008-01,PLT-008,PRD-2023-SKU-06239,WO-2023-05325,0.31123389140597063,Low,0.6939,23.0,WC-002
MFG-LINE-PLT-010-01,PLT-010,PRD-2020-SKU-06336,WO-2020-43062,0.36638582476291925,Low,0.6193,27.8,WC-004
MFG-LINE-PLT-003-03,PLT-003,PRD-2020-SKU-02750,WO-2020-90194,0.15939720297129223,Low,0.6302,42.8,WC-003
MFG-LINE-PLT-008-02,PLT-008,PRD-2023-SKU-02735,WO-2023-30121,0.6559686906305536,Medium,0.8163,0.0,WC-005
MFG-LINE-PLT-003-02,PLT-003,PRD-2020-SKU-02115,WO-2020-84415,0.08906149894694801,Low,0.7052,63.1,WC-001
MFG-LINE-PLT-009-01,PLT-009,PRD-2021-SKU-07857,WO-2021-67105,0.9272145490387548,High,0.6152,40.7,WC-009
MFG-LINE-PLT-010-03,PLT-010,PRD-2021-SKU-03400,WO-2021-64378,0.9033464590732335,High,0.8158,34.5,WC-009
MFG-LINE-PLT-003-03,PLT-003,PRD-2024-SKU-07852,WO-2024-31438,0.10109523028453939,Low,0.9376,64.5,WC-003
MFG-LINE-PLT-004-04,PLT-004,PRD-2024-SKU-04398,WO-2024-14206,0.5478812403887273,Medium,0.5968,75.3,WC-002
MFG-LINE-PLT-004-05,PLT-004,PRD-2022-SKU-01703,WO-2022-45733,0.5548751172245961,Medium,0.4009,82.0,WC-006
MFG-LINE-PLT-010-03,PLT-010,PRD-2023-SKU-09733,WO-2023-99492,0.8839755883589282,High,0.4891,5.8,WC-008
MFG-LINE-PLT-004-05,PLT-004,PRD-2020-SKU-01105,WO-2020-82618,0.14799364656679032,Low,0.9095,18.1,WC-009
MFG-LINE-PLT-007-02,PLT-007,PRD-2022-SKU-03545,WO-2022-14586,0.5107619873606761,Medium,0.7736,36.1,WC-001
MFG-LINE-PLT-002-04,PLT-002,PRD-2022-SKU-07171,WO-2022-41760,0.99019242490009,High,0.6,90.0,WC-003
MFG-LINE-PLT-004-06,PLT-004,PRD-2021-SKU-04419,WO-2021-41441,0.7518308900289993,High,0.6341,58.2,WC-001
MFG-LINE-PLT-002-02,PLT-002,PRD-2024-SKU-09907,WO-2024-32301,0.019176107226107224,Low,0.619,94.1,WC-002
MFG-LINE-PLT-005-03,PLT-005,PRD-2021-SKU-09592,WO-2021-40169,0.1443389910066344,Low,0.6085,150.2,WC-001
MFG-LINE-PLT-008-01,PLT-008,PRD-2020-SKU-08873,WO-2020-18033,0.27938042619899084,Low,0.2726,226.00235516296743,WC-001
MFG-LINE-PLT-005-03,PLT-005,PRD-2020-SKU-08174,WO-2020-77064,0.06344871333939851,Low,0.5535,87.2,WC-001
MFG-LINE-PLT-005-06,PLT-005,PRD-2021-SKU-05703,WO-2021-57281,0.25941124031399176,Low,0.2102,251.5,WC-009
MFG-LINE-PLT-010-04,PLT-010,PRD-2024-SKU-09840,WO-2024-34312,0.8228045565400655,High,0.7115,35.1,WC-008
MFG-LINE-PLT-004-04,PLT-004,PRD-2021-SKU-02596,WO-2021-65514,0.4610357576406478,Medium,0.5206,39.7,WC-002
MFG-LINE-PLT-002-02,PLT-002,PRD-2022-SKU-07550,WO-2022-68129,0.01748315018315018,Low,0.6323,79.3,WC-006
MFG-LINE-PLT-002-04,PLT-002,PRD-2022-SKU-09734,WO-2022-07699,0.9405028756768918,High,0.7667,78.9,WC-005
MFG-LINE-PLT-005-04,PLT-005,PRD-2021-SKU-04808,WO-2021-37952,0.6269288925481438,Medium,0.6403,59.8,WC-002
MFG-LINE-PLT-009-02,PLT-009,PRD-2022-SKU-02756,WO-2022-14512,0.05524011004840513,Low,0.6181,65.0,WC-003
MFG-LINE-PLT-004-03,PLT-004,PRD-2022-SKU-08698,WO-2022-62012,0.10697350815430241,Low,0.4147,219.3,WC-004
MFG-LINE-PLT-005-05,PLT-005,PRD-2023-SKU-03604,WO-2023-84993,0.01479219551208096,Low,0.6626,45.4,WC-002
MFG-LINE-PLT-004-06,PLT-004,PRD-2020-SKU-09857,WO-2020-63702,0.6234987133519981,Medium,0.5572,11.5,WC-001
MFG-LINE-PLT-005-02,PLT-005,PRD-2020-SKU-03660,WO-2020-24006,0.38929151502509224,Low,0.6343,19.0,WC-002
MFG-LINE-PLT-010-04,PLT-010,PRD-2020-SKU-03426,WO-2020-73847,0.8448748435837586,High,0.553,38.8,WC-006
MFG-LINE-PLT-010-01,PLT-010,PRD-2023-SKU-09508,WO-2023-39716,0.34733769351841515,Low,0.5141,111.2,WC-003
MFG-LINE-PLT-003-03,PLT-003,PRD-2023-SKU-02162,WO-2023-34706,0.06532502732247779,Low,0.5653,140.7,WC-003
MFG-LINE-PLT-002-04,PLT-002,PRD-2020-SKU-02373,WO-2020-26624,0.9864697954990836,High,0.6753,30.1,WC-002
MFG-LINE-PLT-002-02,PLT-002,PRD-2020-SKU-02813,WO-2020-22278,0.02067682776656384,Low,0.5654,36.1,WC-008
MFG-LINE-PLT-003-02,PLT-003,PRD-2022-SKU-09714,WO-2022-93192,0.2349047270636238,Low,0.6183,8.1,WC-001
MFG-LINE-PLT-004-04,PLT-004,PRD-2022-SKU-02700,WO-2022-64864,0.8430559355610587,High,0.5482,31.5,WC-002
MFG-LINE-PLT-002-04,PLT-002,PRD-2024-SKU-03248,WO-2024-43414,0.9680383534170546,High,0.773,65.9,WC-006
MFG-LINE-PLT-009-01,PLT-009,PRD-2021-SKU-01978,WO-2021-50602,0.9554356089572309,High,0.7602,50.4,WC-010
MFG-LINE-PLT-005-01,PLT-005,PRD-2024-SKU-09451,WO-2024-99970,0.38030882021735163,Low,0.4444,183.8,WC-004
MFG-LINE-PLT-005-05,PLT-005,PRD-2021-SKU-01948,WO-2021-29524,0.012146973353200346,Low,0.6775,90.7,WC-003
MFG-LINE-PLT-001-01,PLT-001,PRD-2024-SKU-09242,WO-2024-72979,0.061903453966796876,Low,0.4167,19.9,WC-001
MFG-LINE-PLT-007-01,PLT-007,PRD-2020-SKU-05544,WO-2020-86300,0.09244646306718018,Low,0.4112,149.5,WC-004
MFG-LINE-PLT-004-01,PLT-004,PRD-2022-SKU-04062,WO-2022-72052,0.49151606169437545,Medium,0.529,142.1,WC-002
MFG-LINE-PLT-010-01,PLT-010,PRD-2021-SKU-03841,WO-2021-60995,0.29418079133997493,Low,0.8286,30.5,WC-004
MFG-LINE-PLT-005-04,PLT-005,PRD-2021-SKU-04995,WO-2021-08389,0.36863522435793733,Low,0.833,34.5,WC-002
MFG-LINE-PLT-005-05,PLT-005,PRD-2024-SKU-09659,WO-2024-93297,0.027002959947973325,Low,0.6417,52.3,WC-001
MFG-LINE-PLT-010-01,PLT-010,PRD-2024-SKU-03373,WO-2024-69965,0.553097934990561,Medium,0.6981,66.1,WC-004
MFG-LINE-PLT-004-02,PLT-004,PRD-2022-SKU-08608,WO-2022-04753,0.6532511412799084,Medium,0.7452,37.7,WC-002
MFG-LINE-PLT-004-06,PLT-004,PRD-2023-SKU-07198,WO-2023-67378,0.7202167988891108,High,0.4257,152.6,WC-001
MFG-LINE-PLT-001-02,PLT-001,PRD-2022-SKU-09702,WO-2022-88788,0.6820445739118811,Medium,0.5294,20.1,WC-004
MFG-LINE-PLT-009-01,PLT-009,PRD-2021-SKU-08789,WO-2021-58370,0.8275148715168507,High,0.5515,137.4,WC-004
MFG-LINE-PLT-007-02,PLT-007,PRD-2022-SKU-07774,WO-2022-35819,0.4243839938513467,Medium,0.6245,78.8,WC-002
MFG-LINE-PLT-004-06,PLT-004,PRD-2024-SKU-03999,WO-2024-73220,0.7298822481822463,High,0.5289,13.0,WC-003
MFG-LINE-PLT-005-01,PLT-005,PRD-2023-SKU-05643,WO-2023-54237,0.7122867556896707,High,0.792,24.4,WC-004
MFG-LINE-PLT-003-05,PLT-003,PRD-2022-SKU-06848,WO-2022-41481,0.5363870923289747,Medium,0.6351,22.3,WC-003
MFG-LINE-PLT-003-05,PLT-003,PRD-2023-SKU-06899,WO-2023-91039,0.8250693694146458,High,0.7399,40.9,WC-003
MFG-LINE-PLT-002-04,PLT-002,PRD-2022-SKU-09477,WO-2022-51718,0.6210232727461009,Medium,0.8057,57.4,WC-003
MFG-LINE-PLT-005-03,PLT-005,PRD-2023-SKU-06505,WO-2023-91280,0.03881301573877727,Low,0.6415,107.6,WC-001
MFG-LINE-PLT-001-02,PLT-001,PRD-2020-SKU-05259,WO-2020-19545,0.8592319742606718,High,0.639,51.9,WC-003
MFG-LINE-PLT-003-01,PLT-003,PRD-2022-SKU-01129,WO-2022-09030,0.36222962727229585,Low,0.2793,227.9,WC-009
MFG-LINE-PLT-010-03,PLT-010,PRD-2020-SKU-01933,WO-2020-28821,0.9381570777326066,High,0.6467,38.6,WC-010
MFG-LINE-PLT-005-04,PLT-005,PRD-2022-SKU-03066,WO-2022-35332,0.7592402822203189,High,0.5463,87.6,WC-002
MFG-LINE-PLT-009-02,PLT-009,PRD-2020-SKU-05275,WO-2020-34992,0.05581487056908879,Low,0.7024,47.1,WC-002
MFG-LINE-PLT-005-01,PLT-005,PRD-2024-SKU-01678,WO-2024-71796,0.6541166828823245,Medium,0.8375,23.5,WC-004
MFG-LINE-PLT-003-05,PLT-003,PRD-2023-SKU-07074,WO-2023-96249,0.8075526400315561,High,0.6661,72.0,WC-005
MFG-LINE-PLT-002-01,PLT-002,PRD-2020-SKU-08591,WO-2020-95606,0.1069619578764454,Low,0.4029,63.2,WC-001
MFG-LINE-PLT-003-02,PLT-003,PRD-2024-SKU-05377,WO-2024-01545,0.23196564342114084,Low,0.5941,97.0,WC-001
MFG-LINE-PLT-007-01,PLT-007,PRD-2021-SKU-07987,WO-2021-34584,0.0876203450317711,Low,0.9143,7.9,WC-011
MFG-LINE-PLT-010-03,PLT-010,PRD-2020-SKU-06868,WO-2020-56549,0.9383307901843199,High,0.7619,25.1,WC-005
MFG-LINE-PLT-004-05,PLT-004,PRD-2024-SKU-03376,WO-2024-88156,0.23359588347653526,Low,0.82,20.6,WC-006
MFG-LINE-PLT-004-04,PLT-004,PRD-2024-SKU-08849,WO-2024-15311,0.365735593295059,Low,0.6352,103.8,WC-001
MFG-LINE-PLT-010-01,PLT-010,PRD-2022-SKU-01856,WO-2022-62654,0.6346582115000913,Medium,0.5099,66.0,WC-002
MFG-LINE-PLT-004-06,PLT-004,PRD-2021-SKU-07623,WO-2021-51878,0.5253698116333431,Medium,0.5514,63.9,WC-003
MFG-LINE-PLT-002-01,PLT-002,PRD-2022-SKU-03932,WO-2022-97221,0.07857972183249759,Low,0.7249,68.6,WC-002
MFG-LINE-PLT-006-01,PLT-006,PRD-2020-SKU-07649,WO-2020-80467,0.9656753970711537,High,0.8314,50.1,WC-010
MFG-LINE-PLT-003-04,PLT-003,PRD-2024-SKU-03851,WO-2024-51876,0.3088860139942952,Low,0.723,8.2,WC-002
MFG-LINE-PLT-005-01,PLT-005,PRD-2022-SKU-08284,WO-2022-46308,0.5657407183521854,Medium,0.6534,84.9,WC-001
MFG-LINE-PLT-005-01,PLT-005,PRD-2021-SKU-09707,WO-2021-92277,0.6169399336065289,Medium,0.4342,168.4,WC-001
MFG-LINE-PLT-003-02,PLT-003,PRD-2021-SKU-03861,WO-2021-68077,0.2254377918992127,Low,0.6799,33.1,WC-001
MFG-LINE-PLT-004-05,PLT-004,PRD-2022-SKU-01790,WO-2022-82389,0.19834264316062075,Low,0.6076,54.3,WC-009
MFG-LINE-PLT-005-03,PLT-005,PRD-2021-SKU-08466,WO-2021-98465,0.13989281834523581,Low,0.4498,47.8,WC-001
MFG-LINE-PLT-004-07,PLT-004,PRD-2022-SKU-08818,WO-2022-62547,0.1784632667098811,Low,0.5615,79.2,WC-003
MFG-LINE-PLT-002-02,PLT-002,PRD-2022-SKU-03475,WO-2022-43693,0.004388888888888888,Low,0.8659,19.3,WC-005
MFG-LINE-PLT-002-02,PLT-002,PRD-2021-SKU-05657,WO-2021-15353,0.009995433255269321,Low,0.7118,10.6,WC-008
MFG-LINE-PLT-005-02,PLT-005,PRD-2020-SKU-06483,WO-2020-51669,0.6588780679836171,Medium,0.9374,18.8,WC-005
MFG-LINE-PLT-001-02,PLT-001,PRD-2020-SKU-03772,WO-2020-68894,0.721490238986363,High,0.8534,22.3,WC-003
MFG-LINE-PLT-002-03,PLT-002,PRD-2022-SKU-03641,WO-2022-35736,0.27642743767946687,Low,0.7357,16.7,WC-009
MFG-LINE-PLT-003-02,PLT-003,PRD-2020-SKU-07740,WO-2020-68378,0.13227532002244252,Low,0.7265,50.1,WC-001
MFG-LINE-PLT-004-01,PLT-004,PRD-2023-SKU-07998,WO-2023-73473,0.1514452753023808,Low,0.6301,131.5,WC-008
MFG-LINE-PLT-004-06,PLT-004,PRD-2023-SKU-06330,WO-2023-96811,0.7212651082507437,High,0.8329,28.4,WC-002
MFG-LINE-PLT-003-05,PLT-003,PRD-2020-SKU-05222,WO-2020-99576,0.6437651862934394,Medium,0.7496,0.0,WC-001
MFG-LINE-PLT-005-01,PLT-005,PRD-2020-SKU-04089,WO-2020-31234,0.3352405984686781,Low,0.6766,56.0,WC-004
MFG-LINE-PLT-003-03,PLT-003,PRD-2020-SKU-06262,WO-2020-94690,0.02988493652080568,Low,0.5742,65.3,WC-003
MFG-LINE-PLT-004-03,PLT-004,PRD-2022-SKU-03440,WO-2022-12719,0.16814480681572666,Low,0.7214,26.0,WC-005
MFG-LINE-PLT-004-03,PLT-004,PRD-2022-SKU-04065,WO-2022-76353,0.17042694021390375,Low,0.3783,100.9,WC-005
MFG-LINE-PLT-004-07,PLT-004,PRD-2020-SKU-08418,WO-2020-73534,0.5043224144014937,Medium,0.5809,48.2,WC-002
MFG-LINE-PLT-005-03,PLT-005,PRD-2022-SKU-01914,WO-2022-60977,0.04874407019344219,Low,0.7069,38.5,WC-001
MFG-LINE-PLT-003-04,PLT-003,PRD-2022-SKU-01876,WO-2022-19357,0.46589726194938763,Medium,0.8272,39.0,WC-007
MFG-LINE-PLT-010-04,PLT-010,PRD-2020-SKU-01331,WO-2020-88773,0.8118817986639847,High,0.8883,27.6,WC-002
MFG-LINE-PLT-002-04,PLT-002,PRD-2022-SKU-08700,WO-2022-55983,0.9785658074431738,High,0.7636,10.0,WC-005
MFG-LINE-PLT-004-07,PLT-004,PRD-2020-SKU-02628,WO-2020-39321,0.2059793400542023,Low,0.3443,94.3,WC-001
MFG-LINE-PLT-005-03,PLT-005,PRD-2023-SKU-08112,WO-2023-36945,0.08707088831527328,Low,0.6671,17.4,WC-002
MFG-LINE-PLT-005-06,PLT-005,PRD-2022-SKU-01055,WO-2022-37630,0.2441925646852144,Low,0.6322,83.9,WC-007
MFG-LINE-PLT-002-04,PLT-002,PRD-2024-SKU-07809,WO-2024-75293,0.9906592873550746,High,0.6785,53.9,WC-001
MFG-LINE-PLT-002-02,PLT-002,PRD-2023-SKU-06389,WO-2023-83238,0.044785531135531145,Low,0.5595,127.8,WC-003
MFG-LINE-PLT-003-02,PLT-003,PRD-2021-SKU-08654,WO-2021-98833,0.27743901261290904,Low,0.6278,81.1,WC-001
MFG-LINE-PLT-010-01,PLT-010,PRD-2023-SKU-03095,WO-2023-00780,0.6679402553739647,Medium,0.7419,52.9,WC-003
MFG-LINE-PLT-003-01,PLT-003,PRD-2023-SKU-06415,WO-2023-23081,0.59851491871249,Medium,0.6659,81.4,WC-002
MFG-LINE-PLT-010-01,PLT-010,PRD-2021-SKU-06444,WO-2021-71653,0.33217883292978034,Low,0.8526,0.0,WC-002
MFG-LINE-PLT-004-03,PLT-004,PRD-2021-SKU-07067,WO-2021-59980,0.15729939497552914,Low,0.6677,43.2,WC-004
MFG-LINE-PLT-008-02,PLT-008,PRD-2021-SKU-05397,WO-2021-67618,0.5388042912106094,Medium,0.7287,18.6,WC-002
MFG-LINE-PLT-004-06,PLT-004,PRD-2022-SKU-03567,WO-2022-19584,0.3289269196394315,Low,0.8571,8.8,WC-002
MFG-LINE-PLT-010-01,PLT-010,PRD-2023-SKU-03601,WO-2023-01156,0.2947565787221174,Low,0.7001,5.2,WC-001
MFG-LINE-PLT-010-01,PLT-010,PRD-2020-SKU-02412,WO-2020-67512,0.29579242241982434,Low,0.7422,51.3,WC-004
MFG-LINE-PLT-004-02,PLT-004,PRD-2023-SKU-05548,WO-2023-04726,0.40648701852343,Medium,0.6937,81.4,WC-001
MFG-LINE-PLT-008-01,PLT-008,PRD-2020-SKU-02665,WO-2020-35689,0.533429174716859,Medium,0.655,4.6,WC-002
MFG-LINE-PLT-005-01,PLT-005,PRD-2023-SKU-04245,WO-2023-79338,0.8609901978465568,High,0.7438,42.7,WC-002
MFG-LINE-PLT-008-02,PLT-008,PRD-2021-SKU-06972,WO-2021-31914,0.6132038145790836,Medium,0.6823,12.0,WC-003
MFG-LINE-PLT-005-03,PLT-005,PRD-2022-SKU-01267,WO-2022-06892,0.3552355774780735,Low,0.8081,51.7,WC-002
MFG-LINE-PLT-005-01,PLT-005,PRD-2023-SKU-06449,WO-2023-89904,0.5277318939522281,Medium,0.8166,11.5,WC-003
MFG-LINE-PLT-010-04,PLT-010,PRD-2021-SKU-08676,WO-2021-67668,0.8668266698450644,High,0.5841,8.4,WC-008
MFG-LINE-PLT-008-01,PLT-008,PRD-2020-SKU-08594,WO-2020-58590,0.4086605598647722,Medium,0.6636,48.4,WC-001
MFG-LINE-PLT-001-01,PLT-001,PRD-2024-SKU-05135,WO-2024-44532,0.015007970496397606,Low,0.8215,0.0,WC-001
MFG-LINE-PLT-008-02,PLT-008,PRD-2024-SKU-09260,WO-2024-29491,0.4033925954468701,Medium,0.675,40.1,WC-004
MFG-LINE-PLT-004-01,PLT-004,PRD-2021-SKU-05584,WO-2021-94023,0.1797293850456453,Low,0.6121,85.1,WC-008
MFG-LINE-PLT-004-07,PLT-004,PRD-2024-SKU-05057,WO-2024-51616,0.13660300164583578,Low,0.7286,26.7,WC-004
MFG-LINE-PLT-010-02,PLT-010,PRD-2022-SKU-01463,WO-2022-43561,0.799218531748655,High,0.5623,4.6,WC-005
MFG-LINE-PLT-002-04,PLT-002,PRD-2024-SKU-06528,WO-2024-63811,0.9011253488059653,High,0.5663,131.5,WC-005
MFG-LINE-PLT-008-01,PLT-008,PRD-2024-SKU-05406,WO-2024-13081,0.7324800190775337,High,0.6613,11.0,WC-001
MFG-LINE-PLT-005-03,PLT-005,PRD-2020-SKU-03003,WO-2020-60425,0.06926542109724806,Low,0.4308,179.5,WC-002
MFG-LINE-PLT-003-02,PLT-003,PRD-2020-SKU-03738,WO-2020-59163,0.5320566388791331,Medium,0.5479,37.7,WC-001
MFG-LINE-PLT-010-04,PLT-010,PRD-2020-SKU-01425,WO-2020-05057,0.7840506842438608,High,0.4964,45.5,WC-003
MFG-LINE-PLT-006-02,PLT-006,PRD-2021-SKU-02417,WO-2021-35425,0.959002884022142,High,0.6556,119.0,WC-014
MFG-LINE-PLT-001-01,PLT-001,PRD-2021-SKU-02300,WO-2021-01038,0.042791442420841444,Low,0.4466,83.1,WC-010
MFG-LINE-PLT-002-04,PLT-002,PRD-2022-SKU-03949,WO-2022-18642,0.9950793811748456,High,0.6427,38.8,WC-002
MFG-LINE-PLT-004-03,PLT-004,PRD-2023-SKU-04212,WO-2023-47209,0.11129310211865229,Low,0.5756,49.4,WC-001
MFG-LINE-PLT-006-02,PLT-006,PRD-2020-SKU-05449,WO-2020-16491,0.997307858737069,High,0.6993,93.9,WC-020
MFG-LINE-PLT-004-02,PLT-004,PRD-2023-SKU-09933,WO-2023-69300,0.40676570013641156,Medium,0.5623,107.9,WC-002
MFG-LINE-PLT-003-05,PLT-003,PRD-2024-SKU-01282,WO-2024-35417,0.5300128102906801,Medium,0.954,54.4,WC-004
MFG-LINE-PLT-002-01,PLT-002,PRD-2021-SKU-04593,WO-2021-05431,0.09194147555078196,Low,0.3003,174.5,WC-002
MFG-LINE-PLT-004-04,PLT-004,PRD-2022-SKU-07162,WO-2022-91712,0.7088460021022894,High,0.7549,27.3,WC-001
MFG-LINE-PLT-007-02,PLT-007,PRD-2024-SKU-06453,WO-2024-33666,0.7434615243122443,High,0.7481,34.5,WC-002
MFG-LINE-PLT-007-02,PLT-007,PRD-2020-SKU-06436,WO-2020-38304,0.3689609456507976,Low,0.6038,97.2,WC-001
MFG-LINE-PLT-008-01,PLT-008,PRD-2023-SKU-06346,WO-2023-24637,0.6612891096013345,Medium,0.5933,83.2,WC-001
MFG-LINE-PLT-005-04,PLT-005,PRD-2020-SKU-05557,WO-2020-91245,0.3828949509762337,Low,0.3794,111.6,WC-003
MFG-LINE-PLT-008-02,PLT-008,PRD-2024-SKU-01351,WO-2024-58931,0.6714214572739988,Medium,0.753,35.0,WC-002
MFG-LINE-PLT-003-05,PLT-003,PRD-2023-SKU-02590,WO-2023-63720,0.7686494878455972,High,0.4946,65.8,WC-001
MFG-LINE-PLT-010-02,PLT-010,PRD-2024-SKU-08269,WO-2024-32901,0.774686342649994,High,0.7861,43.7,WC-003
MFG-LINE-PLT-004-01,PLT-004,PRD-2024-SKU-05188,WO-2024-30688,0.5676085284067043,Medium,0.467,107.2,WC-001
MFG-LINE-PLT-004-07,PLT-004,PRD-2021-SKU-06410,WO-2021-99713,0.10196368491034502,Low,0.3878,266.94167430742624,WC-003
MFG-LINE-PLT-010-02,PLT-010,PRD-2020-SKU-09389,WO-2020-20221,0.8375544499028338,High,0.5506,117.8,WC-003
MFG-LINE-PLT-001-01,PLT-001,PRD-2024-SKU-09694,WO-2024-57514,0.031541533326227604,Low,0.7473,57.3,WC-002
MFG-LINE-PLT-004-03,PLT-004,PRD-2021-SKU-08667,WO-2021-88185,0.14223464180241105,Low,0.6304,153.6,WC-003
MFG-LINE-PLT-002-04,PLT-002,PRD-2024-SKU-07234,WO-2024-15356,0.9880417309643088,High,0.7373,47.8,WC-005
MFG-LINE-PLT-003-02,PLT-003,PRD-2023-SKU-08456,WO-2023-10519,0.5551969812140656,Medium,0.7348,19.9,WC-001
MFG-LINE-PLT-004-05,PLT-004,PRD-2024-SKU-02466,WO-2024-84492,0.4468992668216732,Medium,0.5799,66.1,WC-002
MFG-LINE-PLT-007-02,PLT-007,PRD-2023-SKU-07408,WO-2023-03212,0.4246264431245339,Medium,0.6195,51.0,WC-002
MFG-LINE-PLT-004-01,PLT-004,PRD-2024-SKU-04348,WO-2024-63263,0.15768545457382574,Low,0.526,143.0,WC-010
MFG-LINE-PLT-006-01,PLT-006,PRD-2024-SKU-05315,WO-2024-64135,0.6375062666708262,Medium,0.9135,42.0,WC-006
MFG-LINE-PLT-010-04,PLT-010,PRD-2024-SKU-02846,WO-2024-25637,0.7652539347398737,High,0.6842,66.7,WC-007
MFG-LINE-PLT-004-06,PLT-004,PRD-2020-SKU-09116,WO-2020-23860,0.4033968321398834,Medium,0.8241,8.7,WC-002
MFG-LINE-PLT-005-04,PLT-005,PRD-2023-SKU-02087,WO-2023-76608,0.7882010889361984,High,0.5683,52.6,WC-003
MFG-LINE-PLT-003-04,PLT-003,PRD-2024-SKU-09022,WO-2024-74138,0.18923436080359746,Low,0.8637,39.2,WC-007
MFG-LINE-PLT-009-02,PLT-009,PRD-2023-SKU-03454,WO-2023-48854,0.08149023699569809,Low,0.8362,63.2,WC-002
MFG-LINE-PLT-007-01,PLT-007,PRD-2020-SKU-03907,WO-2020-40472,0.07431579187641837,Low,0.5284,60.9,WC-009
MFG-LINE-PLT-004-02,PLT-004,PRD-2022-SKU-02239,WO-2022-03277,0.7119759815830701,High,0.5005,42.5,WC-001
MFG-LINE-PLT-005-02,PLT-005,PRD-2020-SKU-09710,WO-2020-34488,0.7295318824470924,High,0.9311,26.2,WC-006
MFG-LINE-PLT-007-01,PLT-007,PRD-2024-SKU-07423,WO-2024-52902,0.027187961190720596,Low,0.8386,13.6,WC-013
MFG-LINE-PLT-003-01,PLT-003,PRD-2023-SKU-02027,WO-2023-47308,0.12671193039628192,Low,0.8108,40.3,WC-012
MFG-LINE-PLT-009-02,PLT-009,PRD-2020-SKU-01964,WO-2020-47504,0.05385875873316262,Low,0.8168,37.2,WC-002
MFG-LINE-PLT-009-02,PLT-009,PRD-2022-SKU-01368,WO-2022-15325,0.058132112589165875,Low,0.5195,141.3,WC-002
MFG-LINE-PLT-003-02,PLT-003,PRD-2023-SKU-06836,WO-2023-07432,0.32153780511266933,Low,0.5882,72.1,WC-001
MFG-LINE-PLT-001-01,PLT-001,PRD-2020-SKU-09278,WO-2020-81113,0.06688478488751566,Low,0.5721,65.9,WC-010
MFG-LINE-PLT-005-06,PLT-005,PRD-2021-SKU-02144,WO-2021-99892,0.1429139166716082,Low,0.6391,90.3,WC-005
MFG-LINE-PLT-009-02,PLT-009,PRD-2020-SKU-06398,WO-2020-39789,0.03985595142332573,Low,0.72,47.9,WC-003
MFG-LINE-PLT-003-04,PLT-003,PRD-2022-SKU-07437,WO-2022-44441,0.20734422128570906,Low,0.6499,26.7,WC-007
MFG-LINE-PLT-003-03,PLT-003,PRD-2024-SKU-02669,WO-2024-80978,0.1735648425244248,Low,0.7205,76.4,WC-003
MFG-LINE-PLT-007-01,PLT-007,PRD-2024-SKU-06965,WO-2024-13721,0.021910446469570962,Low,0.7402,13.8,WC-006
MFG-LINE-PLT-004-02,PLT-004,PRD-2021-SKU-04743,WO-2021-57700,0.3409324354293349,Low,0.9085,16.0,WC-002
MFG-LINE-PLT-001-01,PLT-001,PRD-2023-SKU-08120,WO-2023-67568,0.04023243362992474,Low,0.7168,60.1,WC-001
MFG-LINE-PLT-004-05,PLT-004,PRD-2022-SKU-06760,WO-2022-51177,0.5190254621948851,Medium,0.6456,72.2,WC-005
MFG-LINE-PLT-004-06,PLT-004,PRD-2020-SKU-04494,WO-2020-48306,0.6842538895026222,Medium,0.6905,52.5,WC-002
MFG-LINE-PLT-009-02,PLT-009,PRD-2023-SKU-02667,WO-2023-75646,0.05271286927390515,Low,0.7719,24.6,WC-003
MFG-LINE-PLT-004-02,PLT-004,PRD-2020-SKU-06615,WO-2020-29843,0.7631687920733105,High,0.6668,29.3,WC-002
MFG-LINE-PLT-004-03,PLT-004,PRD-2021-SKU-04764,WO-2021-12591,0.06313374740404086,Low,0.6064,98.2,WC-003
MFG-LINE-PLT-010-02,PLT-010,PRD-2022-SKU-02207,WO-2022-47359,0.7501049754608196,High,0.7296,0.0,WC-002
MFG-LINE-PLT-006-02,PLT-006,PRD-2023-SKU-06494,WO-2023-33377,0.9800628712683975,High,0.6647,101.0,WC-009
MFG-LINE-PLT-004-02,PLT-004,PRD-2024-SKU-07246,WO-2024-41070,0.7156510985015744,High,0.6921,61.9,WC-002
MFG-LINE-PLT-005-05,PLT-005,PRD-2023-SKU-02531,WO-2023-43532,0.06055567436930773,Low,0.8902,9.3,WC-002
MFG-LINE-PLT-008-02,PLT-008,PRD-2021-SKU-02132,WO-2021-74458,0.2634494296255323,Low,0.4428,37.9,WC-004
MFG-LINE-PLT-008-02,PLT-008,PRD-2020-SKU-06037,WO-2020-13026,0.24673915480048308,Low,0.5643,29.7,WC-005
MFG-LINE-PLT-010-02,PLT-010,PRD-2023-SKU-09919,WO-2023-70189,0.7608724976206723,High,0.8235,56.5,WC-004
MFG-LINE-PLT-005-06,PLT-005,PRD-2022-SKU-02104,WO-2022-32153,0.5128327565625439,Medium,0.5646,189.6,WC-010
MFG-LINE-PLT-010-04,PLT-010,PRD-2024-SKU-05458,WO-2024-44461,0.8199867465841031,High,0.4965,54.2,WC-003
MFG-LINE-PLT-009-02,PLT-009,PRD-2021-SKU-05221,WO-2021-46379,0.32375686652895364,Low,0.7237,50.8,WC-002
MFG-LINE-PLT-001-01,PLT-001,PRD-2023-SKU-04529,WO-2023-97973,0.016136261327124857,Low,0.6951,36.9,WC-009
MFG-LINE-PLT-010-03,PLT-010,PRD-2020-SKU-07409,WO-2020-20913,0.883149515356426,High,0.5677,34.1,WC-007
MFG-LINE-PLT-002-04,PLT-002,PRD-2024-SKU-04370,WO-2024-06147,0.9565823056239775,High,0.6234,11.9,WC-002
MFG-LINE-PLT-003-04,PLT-003,PRD-2022-SKU-04556,WO-2022-51518,0.21759167581350905,Low,0.7862,62.4,WC-002
MFG-LINE-PLT-001-02,PLT-001,PRD-2023-SKU-07856,WO-2023-20681,0.746643670476142,High,0.7859,46.1,WC-001
MFG-LINE-PLT-004-05,PLT-004,PRD-2021-SKU-01281,WO-2021-48605,0.5158268634775616,Medium,0.6232,47.3,WC-006
MFG-LINE-PLT-006-01,PLT-006,PRD-2024-SKU-08407,WO-2024-19120,0.9475751671363848,High,0.6819,98.7,WC-001
MFG-LINE-PLT-005-06,PLT-005,PRD-2024-SKU-05837,WO-2024-59128,0.348815856322597,Low,0.6631,52.5,WC-003
MFG-LINE-PLT-010-01,PLT-010,PRD-2020-SKU-08910,WO-2020-42574,0.8110235497466733,High,0.6824,13.1,WC-002
MFG-LINE-PLT-002-01,PLT-002,PRD-2024-SKU-03914,WO-2024-76825,0.03362241578524603,Low,0.643,55.7,WC-001
MFG-LINE-PLT-003-03,PLT-003,PRD-2020-SKU-09599,WO-2020-27230,0.03979725713257437,Low,0.8677,16.0,WC-003
MFG-LINE-PLT-002-02,PLT-002,PRD-2021-SKU-02022,WO-2021-74337,0.008362039155860666,Low,0.8685,31.4,WC-003
MFG-LINE-PLT-006-01,PLT-006,PRD-2023-SKU-04179,WO-2023-24400,0.9548190718428576,High,0.7951,66.5,WC-005
MFG-LINE-PLT-004-03,PLT-004,PRD-2023-SKU-03505,WO-2023-81090,0.1829664206716973,Low,0.7508,65.4,WC-004
MFG-LINE-PLT-004-07,PLT-004,PRD-2023-SKU-05226,WO-2023-45885,0.4453254663854215,Medium,0.5564,26.3,WC-002
MFG-LINE-PLT-004-03,PLT-004,PRD-2020-SKU-04933,WO-2020-60067,0.07567729208559525,Low,0.6517,108.2,WC-002
MFG-LINE-PLT-009-01,PLT-009,PRD-2023-SKU-02471,WO-2023-18963,0.8090829852453468,High,0.2231,280.4,WC-009
MFG-LINE-PLT-007-01,PLT-007,PRD-2020-SKU-07920,WO-2020-27004,0.055329574666852774,Low,0.7699,4.8,WC-001
MFG-LINE-PLT-004-06,PLT-004,PRD-2021-SKU-09882,WO-2021-02301,0.48446946190348295,Medium,0.6623,12.9,WC-003
MFG-LINE-PLT-009-01,PLT-009,PRD-2022-SKU-05701,WO-2022-57164,0.9210328392593724,High,0.5754,121.5,WC-005
MFG-LINE-PLT-007-02,PLT-007,PRD-2020-SKU-08836,WO-2020-56380,0.3811546719901731,Low,0.5117,133.9,WC-001
MFG-LINE-PLT-005-06,PLT-005,PRD-2022-SKU-02611,WO-2022-79444,0.23780828470327134,Low,0.8468,59.6,WC-007
MFG-LINE-PLT-004-02,PLT-004,PRD-2023-SKU-03425,WO-2023-47591,0.7886138060652764,High,0.4922,25.9,WC-002
MFG-LINE-PLT-002-01,PLT-002,PRD-2024-SKU-01714,WO-2024-65005,0.12166394266471452,Low,0.8214,3.8,WC-001
MFG-LINE-PLT-008-01,PLT-008,PRD-2022-SKU-06465,WO-2022-80349,0.7472599915426001,High,0.775,5.6,WC-002
MFG-LINE-PLT-005-03,PLT-005,PRD-2024-SKU-08352,WO-2024-71483,0.052808229747508456,Low,0.5419,134.1,WC-001
MFG-LINE-PLT-005-05,PLT-005,PRD-2023-SKU-01724,WO-2023-66528,0.03284812489779359,Low,0.7438,58.0,WC-002
MFG-LINE-PLT-010-02,PLT-010,PRD-2024-SKU-06858,WO-2024-90204,0.8533719643779797,High,0.5231,60.1,WC-003
MFG-LINE-PLT-006-01,PLT-006,PRD-2023-SKU-05853,WO-2023-67439,0.992804006620506,High,0.7202,79.8,WC-006
MFG-LINE-PLT-002-03,PLT-002,PRD-2020-SKU-02111,WO-2020-98397,0.38953589757874557,Low,0.7243,64.7,WC-009
MFG-LINE-PLT-003-04,PLT-003,PRD-2022-SKU-09692,WO-2022-85485,0.5928851221424226,Medium,0.6119,0.0,WC-002
MFG-LINE-PLT-004-06,PLT-004,PRD-2024-SKU-02547,WO-2024-25130,0.47625226049849545,Medium,0.4747,25.7,WC-002
MFG-LINE-PLT-002-04,PLT-002,PRD-2022-SKU-04914,WO-2022-55216,0.9589425126198029,High,0.5482,18.4,WC-002
MFG-LINE-PLT-001-02,PLT-001,PRD-2020-SKU-08329,WO-2020-29241,0.7721124174081333,High,0.6478,47.7,WC-001
MFG-LINE-PLT-001-02,PLT-001,PRD-2023-SKU-05233,WO-2023-08244,0.8775578471535652,High,0.7491,15.2,WC-001
MFG-LINE-PLT-003-03,PLT-003,PRD-2021-SKU-07994,WO-2021-03965,0.055862368899892004,Low,0.6363,84.9,WC-003
MFG-LINE-PLT-007-02,PLT-007,PRD-2024-SKU-02728,WO-2024-30488,0.5111938558498236,Medium,0.6194,29.8,WC-001
MFG-LINE-PLT-008-02,PLT-008,PRD-2021-SKU-04532,WO-2021-58143,0.4550112342484901,Medium,0.7522,10.9,WC-006
MFG-LINE-PLT-002-03,PLT-002,PRD-2020-SKU-04787,WO-2020-19103,0.6051478141190095,Medium,0.6434,11.4,WC-002
MFG-LINE-PLT-006-02,PLT-006,PRD-2020-SKU-09955,WO-2020-59455,0.9869142368034471,High,0.6057,80.3,WC-018
MFG-LINE-PLT-004-07,PLT-004,PRD-2023-SKU-04574,WO-2023-60799,0.1606745679008175,Low,0.5006,131.6,WC-005
MFG-LINE-PLT-003-02,PLT-003,PRD-2021-SKU-09282,WO-2021-93223,0.19250348116972335,Low,0.5413,103.1,WC-001
MFG-LINE-PLT-010-02,PLT-010,PRD-2020-SKU-06756,WO-2020-21657,0.9034953880069,High,0.4611,9.8,WC-005
MFG-LINE-PLT-004-05,PLT-004,PRD-2022-SKU-09032,WO-2022-08846,0.6535986782061955,Medium,0.6434,73.5,WC-004
MFG-LINE-PLT-002-04,PLT-002,PRD-2024-SKU-06022,WO-2024-44721,0.8986330722654204,High,0.2704,297.5569470406661,WC-003
MFG-LINE-PLT-003-01,PLT-003,PRD-2020-SKU-04769,WO-2020-92134,0.14261838090924475,Low,0.9496,111.7,WC-006
MFG-LINE-PLT-004-04,PLT-004,PRD-2020-SKU-01203,WO-2020-55155,0.7213635661257574,High,0.8016,0.0,WC-002
MFG-LINE-PLT-005-01,PLT-005,PRD-2022-SKU-01422,WO-2022-34217,0.3827386482889984,Low,0.5582,79.4,WC-003
MFG-LINE-PLT-008-02,PLT-008,PRD-2024-SKU-05210,WO-2024-68744,0.6245681054031953,Medium,0.8128,9.9,WC-002
MFG-LINE-PLT-010-04,PLT-010,PRD-2024-SKU-01941,WO-2024-11147,0.7933392749625084,High,0.7638,35.6,WC-004
MFG-LINE-PLT-004-02,PLT-004,PRD-2024-SKU-01854,WO-2024-00203,0.8451683798449392,High,0.666,11.2,WC-002
MFG-LINE-PLT-009-02,PLT-009,PRD-2021-SKU-07808,WO-2021-51741,0.08355556488612832,Low,0.8011,46.3,WC-003
MFG-LINE-PLT-003-01,PLT-003,PRD-2021-SKU-04459,WO-2021-36608,0.7648259421119256,High,0.5221,10.5,WC-007
MFG-LINE-PLT-009-02,PLT-009,PRD-2022-SKU-02114,WO-2022-05648,0.07516181866699584,Low,0.4755,132.1,WC-003
MFG-LINE-PLT-007-01,PLT-007,PRD-2020-SKU-06466,WO-2020-61509,0.15723847958161993,Low,0.5304,5.3,WC-009
MFG-LINE-PLT-005-06,PLT-005,PRD-2021-SKU-06364,WO-2021-20034,0.5429669876276736,Medium,0.5535,75.1,WC-006
MFG-LINE-PLT-005-02,PLT-005,PRD-2024-SKU-06780,WO-2024-34806,0.6140583796417902,Medium,0.8149,0.0,WC-002
MFG-LINE-PLT-002-01,PLT-002,PRD-2022-SKU-03586,WO-2022-38269,0.12249498893463497,Low,0.5559,126.9,WC-002
MFG-LINE-PLT-010-04,PLT-010,PRD-2022-SKU-05464,WO-2022-09941,0.7314986179981168,High,0.7495,48.5,WC-008
MFG-LINE-PLT-002-04,PLT-002,PRD-2024-SKU-05698,WO-2024-43232,0.9716938548590559,High,0.6626,12.1,WC-002
MFG-LINE-PLT-004-03,PLT-004,PRD-2024-SKU-09469,WO-2024-49514,0.16216131127061748,Low,0.7303,68.2,WC-004
MFG-LINE-PLT-010-01,PLT-010,PRD-2023-SKU-04167,WO-2023-18701,0.785191515004654,High,0.3077,67.4,WC-004
MFG-LINE-PLT-008-01,PLT-008,PRD-2022-SKU-08926,WO-2022-49151,0.3327213499208498,Low,0.7018,11.9,WC-003
MFG-LINE-PLT-003-03,PLT-003,PRD-2022-SKU-08493,WO-2022-44238,0.32955242511907756,Low,0.6318,136.8,WC-003
MFG-LINE-PLT-004-07,PLT-004,PRD-2023-SKU-09818,WO-2023-64279,0.10754606937917247,Low,0.4159,105.4,WC-005
MFG-LINE-PLT-001-01,PLT-001,PRD-2024-SKU-06271,WO-2024-79844,0.01841911210252081,Low,0.6574,43.2,WC-006
MFG-LINE-PLT-005-04,PLT-005,PRD-2022-SKU-03294,WO-2022-71504,0.707155455394646,High,0.5832,108.7,WC-003
MFG-LINE-PLT-005-01,PLT-005,PRD-2020-SKU-05969,WO-2020-08548,0.3323811241823921,Low,0.3906,181.9,WC-002
MFG-LINE-PLT-005-06,PLT-005,PRD-2020-SKU-09361,WO-2020-41152,0.15588247625247995,Low,0.4411,132.7,WC-010
MFG-LINE-PLT-002-01,PLT-002,PRD-2022-SKU-01596,WO-2022-42017,0.20821409757290757,Low,0.8214,30.6,WC-001
MFG-LINE-PLT-005-01,PLT-005,PRD-2023-SKU-06191,WO-2023-34461,0.7749163520586602,High,0.5009,57.8,WC-001
MFG-LINE-PLT-003-01,PLT-003,PRD-2022-SKU-08926,WO-2022-64228,0.7746301476874737,High,0.6098,66.8,WC-011
MFG-LINE-PLT-004-07,PLT-004,PRD-2024-SKU-08948,WO-2024-06586,0.17187932586934593,Low,0.2833,179.8,WC-004
MFG-LINE-PLT-006-02,PLT-006,PRD-2021-SKU-08553,WO-2021-96038,0.9935353479145582,High,0.7495,64.4,WC-006
MFG-LINE-PLT-005-01,PLT-005,PRD-2020-SKU-03998,WO-2020-65139,0.52266724140435,Medium,0.6564,69.9,WC-002
MFG-LINE-PLT-003-05,PLT-003,PRD-2024-SKU-02343,WO-2024-96153,0.32386970022362266,Low,0.3478,10.4,WC-005
MFG-LINE-PLT-010-01,PLT-010,PRD-2023-SKU-07895,WO-2023-29266,0.2327684551611682,Low,0.2708,180.9,WC-003
MFG-LINE-PLT-005-04,PLT-005,PRD-2022-SKU-03546,WO-2022-17165,0.7370063769688167,High,0.7122,67.5,WC-004
MFG-LINE-PLT-003-03,PLT-003,PRD-2022-SKU-03669,WO-2022-51005,0.2572372242990792,Low,0.5884,81.8,WC-002
MFG-LINE-PLT-005-01,PLT-005,PRD-2023-SKU-08997,WO-2023-73209,0.47904004981119197,Medium,0.5439,80.1,WC-004
MFG-LINE-PLT-003-03,PLT-003,PRD-2024-SKU-08297,WO-2024-96480,0.1127155676512,Low,0.6352,65.5,WC-003
MFG-LINE-PLT-002-04,PLT-002,PRD-2020-SKU-07247,WO-2020-12693,0.8542812237003352,High,0.3977,53.7,WC-001
MFG-LINE-PLT-003-02,PLT-003,PRD-2023-SKU-01206,WO-2023-08649,0.2314793886072949,Low,0.5832,73.4,WC-001
MFG-LINE-PLT-005-04,PLT-005,PRD-2020-SKU-04846,WO-2020-28107,0.4632244237977764,Medium,0.5246,44.9,WC-002
MFG-LINE-PLT-006-01,PLT-006,PRD-2021-SKU-07872,WO-2021-59454,0.920596794160765,High,0.5569,32.4,WC-006
MFG-LINE-PLT-004-06,PLT-004,PRD-2020-SKU-02678,WO-2020-71438,0.7399522322674819,High,0.6362,94.6,WC-003
MFG-LINE-PLT-002-04,PLT-002,PRD-2023-SKU-01909,WO-2023-47890,0.9903038105391491,High,0.8149,13.4,WC-006
MFG-LINE-PLT-003-05,PLT-003,PRD-2023-SKU-02179,WO-2023-65751,0.7747490179876604,High,0.7175,0.0,WC-004
MFG-LINE-PLT-003-03,PLT-003,PRD-2023-SKU-06151,WO-2023-02373,0.0869568188583276,Low,0.5545,64.9,WC-001
MFG-LINE-PLT-009-02,PLT-009,PRD-2024-SKU-04977,WO-2024-80708,0.12877547154519647,Low,0.7693,90.3,WC-003
MFG-LINE-PLT-005-01,PLT-005,PRD-2023-SKU-07608,WO-2023-08330,0.37418616926617276,Low,0.534,48.5,WC-004
MFG-LINE-PLT-008-02,PLT-008,PRD-2022-SKU-04075,WO-2022-14959,0.39784879535229734,Low,0.818,9.8,WC-002
MFG-LINE-PLT-001-01,PLT-001,PRD-2024-SKU-07764,WO-2024-08849,0.05257962849708116,Low,0.4713,152.3,WC-003
MFG-LINE-PLT-005-05,PLT-005,PRD-2024-SKU-08358,WO-2024-45603,0.025201062144287682,Low,0.5726,110.5,WC-002
MFG-LINE-PLT-005-05,PLT-005,PRD-2022-SKU-02459,WO-2022-87327,0.011505806204737666,Low,0.7562,4.2,WC-002
MFG-LINE-PLT-006-02,PLT-006,PRD-2024-SKU-03283,WO-2024-59947,0.9785671357173986,High,0.8746,29.2,WC-019
MFG-LINE-PLT-010-02,PLT-010,PRD-2024-SKU-01245,WO-2024-21868,0.8511915949238275,High,0.4489,94.3,WC-002
MFG-LINE-PLT-001-01,PLT-001,PRD-2021-SKU-03724,WO-2021-18547,0.020066081759657614,Low,0.8014,60.6,WC-006
MFG-LINE-PLT-003-03,PLT-003,PRD-2023-SKU-06775,WO-2023-31370,0.14595480710227388,Low,0.3634,121.8,WC-002
MFG-LINE-PLT-005-04,PLT-005,PRD-2023-SKU-01654,WO-2023-81087,0.7531352094490896,High,0.6629,82.4,WC-004
MFG-LINE-PLT-002-03,PLT-002,PRD-2024-SKU-06763,WO-2024-34012,0.5602814118381045,Medium,0.7472,57.7,WC-007
MFG-LINE-PLT-010-01,PLT-010,PRD-2020-SKU-09590,WO-2020-20856,0.29322446499974686,Low,0.5434,22.9,WC-002
MFG-LINE-PLT-010-01,PLT-010,PRD-2022-SKU-04099,WO-2022-76858,0.3610887399802573,Low,0.8541,0.0,WC-001
MFG-LINE-PLT-004-02,PLT-004,PRD-2022-SKU-06372,WO-2022-73577,0.8451097236225449,High,0.6687,34.7,WC-002
MFG-LINE-PLT-005-05,PLT-005,PRD-2020-SKU-02868,WO-2020-12536,0.014268692120375586,Low,0.6562,64.4,WC-002
MFG-LINE-PLT-004-06,PLT-004,PRD-2024-SKU-07056,WO-2024-35601,0.7633248950715493,High,0.5743,101.6,WC-002
MFG-LINE-PLT-010-02,PLT-010,PRD-2022-SKU-01112,WO-2022-49677,0.7683213125457988,High,0.7841,59.9,WC-005
MFG-LINE-PLT-001-01,PLT-001,PRD-2021-SKU-07704,WO-2021-61200,0.02258807613954673,Low,0.7418,0.0,WC-002
MFG-LINE-PLT-002-03,PLT-002,PRD-2020-SKU-07160,WO-2020-79094,0.5912824973685948,Medium,0.6713,73.2,WC-006
MFG-LINE-PLT-007-02,PLT-007,PRD-2021-SKU-04787,WO-2021-17498,0.6573149806984488,Medium,0.5323,129.4,WC-001
MFG-LINE-PLT-006-01,PLT-006,PRD-2024-SKU-04805,WO-2024-37737,0.9704309081763729,High,0.6088,83.4,WC-004
MFG-LINE-PLT-004-06,PLT-004,PRD-2024-SKU-02380,WO-2024-46241,0.7245000400984073,High,0.7103,53.1,WC-003
MFG-LINE-PLT-004-04,PLT-004,PRD-2022-SKU-08673,WO-2022-77773,0.36780477923203925,Low,0.7383,24.3,WC-002
MFG-LINE-PLT-008-02,PLT-008,PRD-2022-SKU-04758,WO-2022-30460,0.6625327020342322,Medium,0.8375,11.2,WC-004
MFG-LINE-PLT-005-06,PLT-005,PRD-2024-SKU-02518,WO-2024-07020,0.6006405793946963,Medium,0.8103,28.3,WC-009
MFG-LINE-PLT-006-02,PLT-006,PRD-2024-SKU-03229,WO-2024-90429,0.962343463393412,High,0.7324,89.4,WC-009
MFG-LINE-PLT-005-05,PLT-005,PRD-2023-SKU-03271,WO-2023-75315,0.02364768771294394,Low,0.614,72.4,WC-003
MFG-LINE-PLT-005-06,PLT-005,PRD-2020-SKU-01199,WO-2020-65375,0.5147670140571167,Medium,0.5624,66.2,WC-008
MFG-LINE-PLT-006-01,PLT-006,PRD-2023-SKU-08349,WO-2023-55778,0.9789494758156807,High,0.5681,145.9,WC-012
MFG-LINE-PLT-006-02,PLT-006,PRD-2023-SKU-05746,WO-2023-35155,0.9682168145091199,High,0.5566,28.0,WC-008
MFG-LINE-PLT-007-01,PLT-007,PRD-2023-SKU-04575,WO-2023-09721,0.036069862829734366,Low,0.8104,21.1,WC-005
MFG-LINE-PLT-003-01,PLT-003,PRD-2024-SKU-06732,WO-2024-10278,0.6477563755042932,Medium,0.5049,53.2,WC-003
MFG-LINE-PLT-010-03,PLT-010,PRD-2024-SKU-04084,WO-2024-79450,0.9577517479246509,High,0.6661,126.1,WC-008
MFG-LINE-PLT-001-01,PLT-001,PRD-2020-SKU-04446,WO-2020-58890,0.01589445392984377,Low,0.6831,42.7,WC-007
MFG-LINE-PLT-006-02,PLT-006,PRD-2022-SKU-09931,WO-2022-62944,0.998174236803447,High,0.5629,87.6,WC-002
MFG-LINE-PLT-003-05,PLT-003,PRD-2021-SKU-04289,WO-2021-31534,0.7984948523761985,High,0.8071,8.5,WC-005
MFG-LINE-PLT-007-01,PLT-007,PRD-2023-SKU-02467,WO-2023-64773,0.07053131324170867,Low,0.6611,39.3,WC-002
MFG-LINE-PLT-010-03,PLT-010,PRD-2022-SKU-03960,WO-2022-55757,0.958616105499196,High,0.6677,93.0,WC-002
MFG-LINE-PLT-007-01,PLT-007,PRD-2024-SKU-08061,WO-2024-76870,0.19402572143899088,Low,0.6138,0.0,WC-006
MFG-LINE-PLT-009-02,PLT-009,PRD-2023-SKU-04772,WO-2023-26055,0.04240237555020671,Low,0.6355,83.8,WC-001
MFG-LINE-PLT-008-01,PLT-008,PRD-2024-SKU-03551,WO-2024-37683,0.25638040903636905,Low,0.8845,21.5,WC-002
MFG-LINE-PLT-003-03,PLT-003,PRD-2021-SKU-02214,WO-2021-81533,0.0625412885151645,Low,0.6158,64.0,WC-002
MFG-LINE-PLT-002-02,PLT-002,PRD-2021-SKU-01689,WO-2021-55518,0.02497561327561327,Low,0.7701,45.4,WC-001
MFG-LINE-PLT-003-01,PLT-003,PRD-2023-SKU-07584,WO-2023-61394,0.08522228822722452,Low,0.8006,34.4,WC-012
MFG-LINE-PLT-007-01,PLT-007,PRD-2022-SKU-04520,WO-2022-55212,0.1236725678221641,Low,0.7991,25.2,WC-014
MFG-LINE-PLT-004-02,PLT-004,PRD-2024-SKU-08189,WO-2024-74967,0.7289070305018849,High,0.828,0.0,WC-002
MFG-LINE-PLT-001-02,PLT-001,PRD-2022-SKU-01004,WO-2022-15487,0.8558035046636074,High,0.5383,26.6,WC-005
MFG-LINE-PLT-004-01,PLT-004,PRD-2024-SKU-04356,WO-2024-96438,0.4394507287506919,Medium,0.4856,168.0,WC-008
MFG-LINE-PLT-008-02,PLT-008,PRD-2020-SKU-07521,WO-2020-68887,0.6845937316566681,Medium,0.7372,64.3,WC-003
MFG-LINE-PLT-009-01,PLT-009,PRD-2021-SKU-02012,WO-2021-69595,0.8752713882785792,High,0.6018,42.4,WC-006
MFG-LINE-PLT-004-05,PLT-004,PRD-2022-SKU-05350,WO-2022-80845,0.18005940783180693,Low,0.4936,150.6,WC-004
MFG-LINE-PLT-005-06,PLT-005,PRD-2021-SKU-08615,WO-2021-31654,0.20315652595364103,Low,0.5246,64.6,WC-007
MFG-LINE-PLT-010-03,PLT-010,PRD-2020-SKU-02473,WO-2020-05099,0.5211878061827789,Medium,0.2985,196.5,WC-006
MFG-LINE-PLT-009-02,PLT-009,PRD-2024-SKU-04761,WO-2024-24581,0.06867833705777239,Low,0.8003,44.1,WC-003
MFG-LINE-PLT-004-03,PLT-004,PRD-2020-SKU-08933,WO-2020-51775,0.5139997888825135,Medium,0.5466,100.3,WC-005
MFG-LINE-PLT-002-04,PLT-002,PRD-2022-SKU-01057,WO-2022-83489,0.8964036400089485,High,0.7142,38.4,WC-002
MFG-LINE-PLT-005-01,PLT-005,PRD-2024-SKU-04045,WO-2024-37359,0.3281438276095637,Low,0.8761,12.9,WC-002
MFG-LINE-PLT-004-04,PLT-004,PRD-2023-SKU-09544,WO-2023-46975,0.7668336279732935,High,0.5125,130.2,WC-002
MFG-LINE-PLT-002-04,PLT-002,PRD-2023-SKU-06518,WO-2023-79401,0.9774873275896936,High,0.695,12.0,WC-002
MFG-LINE-PLT-002-04,PLT-002,PRD-2023-SKU-04648,WO-2023-07996,0.9294729687983638,High,0.63,83.3,WC-001
MFG-LINE-PLT-004-05,PLT-004,PRD-2022-SKU-07483,WO-2022-84779,0.23484581790485448,Low,0.6803,26.2,WC-003
MFG-LINE-PLT-004-02,PLT-004,PRD-2022-SKU-07883,WO-2022-16071,0.8287740920810988,High,0.6976,0.0,WC-001
MFG-LINE-PLT-001-01,PLT-001,PRD-2021-SKU-01665,WO-2021-50198,0.0669746928982005,Low,0.5937,0.0,WC-001
MFG-LINE-PLT-002-04,PLT-002,PRD-2020-SKU-03237,WO-2020-14737,0.9698394727095958,High,0.637,74.3,WC-005
MFG-LINE-PLT-005-05,PLT-005,PRD-2024-SKU-07114,WO-2024-17701,0.016307450248061177,Low,0.7225,21.9,WC-002
MFG-LINE-PLT-010-02,PLT-010,PRD-2021-SKU-04930,WO-2021-90649,0.38124998408431204,Low,0.8739,0.0,WC-004
MFG-LINE-PLT-007-02,PLT-007,PRD-2024-SKU-05395,WO-2024-78366,0.39435497151283944,Low,0.5494,132.3,WC-001
MFG-LINE-PLT-003-03,PLT-003,PRD-2021-SKU-03731,WO-2021-10205,0.03137266490239119,Low,0.7771,44.0,WC-002
MFG-LINE-PLT-005-05,PLT-005,PRD-2024-SKU-07451,WO-2024-42495,0.04140401081071986,Low,0.6874,117.6,WC-003
MFG-LINE-PLT-001-01,PLT-001,PRD-2024-SKU-05809,WO-2024-77944,0.0970803834123905,Low,0.2649,251.7600102320082,WC-004
MFG-LINE-PLT-002-02,PLT-002,PRD-2022-SKU-01731,WO-2022-46296,0.03769332755880624,Low,0.5595,24.9,WC-004
MFG-LINE-PLT-002-03,PLT-002,PRD-2020-SKU-08886,WO-2020-25038,0.1457523148649863,Low,0.4405,92.8,WC-004
MFG-LINE-PLT-005-05,PLT-005,PRD-2022-SKU-04710,WO-2022-09283,0.04098907526317598,Low,0.6806,68.1,WC-001
MFG-LINE-PLT-005-02,PLT-005,PRD-2023-SKU-02329,WO-2023-10451,0.40713629918706296,Medium,0.7886,50.2,WC-001
MFG-LINE-PLT-004-02,PLT-004,PRD-2022-SKU-08783,WO-2022-65059,0.7272258755268456,High,0.858,9.7,WC-001
MFG-LINE-PLT-002-01,PLT-002,PRD-2023-SKU-07227,WO-2023-67485,0.14307459385108479,Low,0.567,38.7,WC-002
MFG-LINE-PLT-005-03,PLT-005,PRD-2023-SKU-07481,WO-2023-97627,0.06880925880733678,Low,0.5259,115.8,WC-002
MFG-LINE-PLT-006-02,PLT-006,PRD-2023-SKU-07265,WO-2023-05236,0.9769530326197758,High,0.4648,85.6,WC-001
MFG-LINE-PLT-004-03,PLT-004,PRD-2020-SKU-04311,WO-2020-68164,0.1711848762457315,Low,0.617,125.4,WC-002
MFG-LINE-PLT-004-05,PLT-004,PRD-2020-SKU-09974,WO-2020-32793,0.597523881827706,Medium,0.7702,29.4,WC-010
MFG-LINE-PLT-003-05,PLT-003,PRD-2020-SKU-05447,WO-2020-32844,0.7012500169268564,High,0.5956,98.6,WC-003
MFG-LINE-PLT-001-01,PLT-001,PRD-2020-SKU-07184,WO-2020-99060,0.023482172237384306,Low,0.631,72.2,WC-002
MFG-LINE-PLT-009-02,PLT-009,PRD-2023-SKU-07829,WO-2023-54299,0.062065366421552894,Low,0.6396,21.0,WC-003
MFG-LINE-PLT-009-02,PLT-009,PRD-2024-SKU-05794,WO-2024-59451,0.06495515469520906,Low,0.3964,76.8,WC-003
MFG-LINE-PLT-001-01,PLT-001,PRD-2020-SKU-08419,WO-2020-24812,0.02488221935780078,Low,0.74,35.6,WC-001
MFG-LINE-PLT-002-04,PLT-002,PRD-2021-SKU-02337,WO-2021-39749,0.7436367876969912,High,0.6953,72.3,WC-005
MFG-LINE-PLT-002-04,PLT-002,PRD-2020-SKU-06787,WO-2020-23590,0.9264898000884764,High,0.4619,202.54893592718625,WC-001
MFG-LINE-PLT-005-02,PLT-005,PRD-2023-SKU-02554,WO-2023-47225,0.46076470860810276,Medium,0.7598,7.7,WC-003
MFG-LINE-PLT-004-04,PLT-004,PRD-2020-SKU-08655,WO-2020-44777,0.5662671662646949,Medium,0.6964,54.8,WC-001
MFG-LINE-PLT-001-01,PLT-001,PRD-2021-SKU-02409,WO-2021-18425,0.039818830913970746,Low,0.6479,10.2,WC-009
MFG-LINE-PLT-005-01,PLT-005,PRD-2023-SKU-03892,WO-2023-54093,0.3743026826466421,Low,0.779,17.7,WC-003
MFG-LINE-PLT-002-04,PLT-002,PRD-2023-SKU-07307,WO-2023-54492,0.9817163941799383,High,0.735,62.7,WC-002
MFG-LINE-PLT-003-02,PLT-003,PRD-2020-SKU-01736,WO-2020-06898,0.6098129344464612,Medium,0.5606,109.7,WC-001
MFG-LINE-PLT-002-01,PLT-002,PRD-2022-SKU-07025,WO-2022-56827,0.03833763252356083,Low,0.5205,74.0,WC-002
MFG-LINE-PLT-004-02,PLT-004,PRD-2020-SKU-07867,WO-2020-80429,0.37285387903656236,Low,0.8635,21.1,WC-001
MFG-LINE-PLT-005-05,PLT-005,PRD-2022-SKU-06370,WO-2022-40228,0.02786958233072802,Low,0.8675,6.2,WC-002
MFG-LINE-PLT-007-02,PLT-007,PRD-2023-SKU-08596,WO-2023-00119,0.6319163732769382,Medium,0.6391,94.2,WC-001
MFG-LINE-PLT-006-01,PLT-006,PRD-2023-SKU-08809,WO-2023-99491,0.9851986956266671,High,0.6814,68.4,WC-003
MFG-LINE-PLT-003-05,PLT-003,PRD-2021-SKU-09304,WO-2021-63533,0.8103346029718987,High,0.6949,18.3,WC-002
MFG-LINE-PLT-007-01,PLT-007,PRD-2020-SKU-09732,WO-2020-41171,0.04730757443219851,Low,0.904,14.7,WC-002
MFG-LINE-PLT-005-06,PLT-005,PRD-2020-SKU-04358,WO-2020-67124,0.1547365597799659,Low,0.6428,134.3,WC-005
MFG-LINE-PLT-005-06,PLT-005,PRD-2021-SKU-05319,WO-2021-36044,0.5339081161662825,Medium,0.5656,58.5,WC-005
MFG-LINE-PLT-006-01,PLT-006,PRD-2021-SKU-06832,WO-2021-91886,0.939096449669271,High,0.6353,93.7,WC-003
MFG-LINE-PLT-010-02,PLT-010,PRD-2022-SKU-04085,WO-2022-60428,0.8224639956253468,High,0.5147,106.4,WC-004
MFG-LINE-PLT-002-02,PLT-002,PRD-2021-SKU-01066,WO-2021-68151,0.04476997495258366,Low,0.4752,69.7,WC-008
MFG-LINE-PLT-002-01,PLT-002,PRD-2023-SKU-01726,WO-2023-66943,0.028383538483939052,Low,0.5825,84.3,WC-001
MFG-LINE-PLT-005-02,PLT-005,PRD-2023-SKU-05101,WO-2023-62434,0.7004792392514995,High,0.7802,0.0,WC-005
MFG-LINE-PLT-003-01,PLT-003,PRD-2022-SKU-02419,WO-2022-50134,0.2978993443883586,Low,0.6102,68.2,WC-002
MFG-LINE-PLT-010-04,PLT-010,PRD-2022-SKU-03234,WO-2022-41750,0.8213671757617673,High,0.6899,56.3,WC-006
MFG-LINE-PLT-010-03,PLT-010,PRD-2021-SKU-09550,WO-2021-28640,0.939936268660218,High,0.3945,119.3,WC-002
MFG-LINE-PLT-007-01,PLT-007,PRD-2023-SKU-06698,WO-2023-88036,0.2575250425113421,Low,0.7125,54.8,WC-007
MFG-LINE-PLT-008-01,PLT-008,PRD-2020-SKU-07803,WO-2020-73825,0.354721561894316,Low,0.6357,67.6,WC-002
MFG-LINE-PLT-005-06,PLT-005,PRD-2021-SKU-08773,WO-2021-21735,0.2268414985835457,Low,0.4576,205.1,WC-006
MFG-LINE-PLT-005-01,PLT-005,PRD-2020-SKU-03740,WO-2020-04990,0.7485786598382015,High,0.4463,154.3,WC-002
MFG-LINE-PLT-004-01,PLT-004,PRD-2021-SKU-02765,WO-2021-73908,0.4518842255327834,Medium,0.575,106.7,WC-001
MFG-LINE-PLT-010-03,PLT-010,PRD-2023-SKU-04085,WO-2023-18174,0.9118736606960369,High,0.6641,23.3,WC-010
MFG-LINE-PLT-008-02,PLT-008,PRD-2021-SKU-06595,WO-2021-98201,0.34785485429116353,Low,0.5984,32.6,WC-003
MFG-LINE-PLT-003-03,PLT-003,PRD-2021-SKU-09173,WO-2021-60668,0.023430359291479737,Low,0.6638,76.4,WC-001
MFG-LINE-PLT-004-04,PLT-004,PRD-2022-SKU-09151,WO-2022-95458,0.7798271153321752,High,0.7167,15.1,WC-002
MFG-LINE-PLT-003-05,PLT-003,PRD-2021-SKU-05219,WO-2021-61783,0.5726916836617111,Medium,0.8657,40.7,WC-005
MFG-LINE-PLT-003-02,PLT-003,PRD-2020-SKU-05406,WO-2020-69396,0.23906203090615846,Low,0.5574,114.8,WC-001
MFG-LINE-PLT-001-01,PLT-001,PRD-2020-SKU-04958,WO-2020-74941,0.008808690174634447,Low,0.8083,32.4,WC-008
MFG-LINE-PLT-009-02,PLT-009,PRD-2024-SKU-07636,WO-2024-33533,0.044921577343903764,Low,0.6278,63.1,WC-003
MFG-LINE-PLT-003-01,PLT-003,PRD-2023-SKU-07869,WO-2023-57732,0.19045695086155,Low,0.6414,105.4,WC-007
MFG-LINE-PLT-006-02,PLT-006,PRD-2023-SKU-06839,WO-2023-66778,0.9735247970275368,High,0.7135,24.4,WC-017
MFG-LINE-PLT-008-02,PLT-008,PRD-2023-SKU-09873,WO-2023-38332,0.7713517088054228,High,0.8565,8.0,WC-002
MFG-LINE-PLT-006-02,PLT-006,PRD-2021-SKU-08210,WO-2021-07478,0.9883520145812248,High,0.5244,100.8,WC-009
MFG-LINE-PLT-001-01,PLT-001,PRD-2020-SKU-06271,WO-2020-85619,0.02292380952380952,Low,0.7717,12.2,WC-007
MFG-LINE-PLT-010-01,PLT-010,PRD-2024-SKU-07088,WO-2024-65676,0.48902839250081914,Medium,0.8234,23.1,WC-001
MFG-LINE-PLT-003-03,PLT-003,PRD-2023-SKU-05123,WO-2023-59715,0.07242222538107204,Low,0.6438,122.2,WC-001
MFG-LINE-PLT-004-06,PLT-004,PRD-2020-SKU-01712,WO-2020-77678,0.49488933503798865,Medium,0.9353,0.0,WC-002
MFG-LINE-PLT-004-06,PLT-004,PRD-2021-SKU-05625,WO-2021-57426,0.4410096693510862,Medium,0.6384,60.6,WC-003
MFG-LINE-PLT-005-01,PLT-005,PRD-2021-SKU-02133,WO-2021-28372,0.49944029520260985,Medium,0.6934,38.6,WC-004
MFG-LINE-PLT-003-02,PLT-003,PRD-2024-SKU-01326,WO-2024-24242,0.16278767690250825,Low,0.6302,64.6,WC-001
MFG-LINE-PLT-005-06,PLT-005,PRD-2024-SKU-02645,WO-2024-97925,0.1868626722171641,Low,0.5918,98.4,WC-001
MFG-LINE-PLT-007-02,PLT-007,PRD-2023-SKU-09771,WO-2023-34767,0.23865550903505026,Low,0.8608,18.8,WC-002
MFG-LINE-PLT-005-05,PLT-005,PRD-2021-SKU-07387,WO-2021-99559,0.022464526840406968,Low,0.6354,12.2,WC-001
MFG-LINE-PLT-007-02,PLT-007,PRD-2021-SKU-03920,WO-2021-92171,0.3563703899685231,Low,0.7816,14.6,WC-002
MFG-LINE-PLT-004-01,PLT-004,PRD-2022-SKU-04538,WO-2022-99569,0.2052863240831751,Low,0.271,232.9,WC-004
MFG-LINE-PLT-003-03,PLT-003,PRD-2021-SKU-02830,WO-2021-79806,0.037785527399726467,Low,0.7185,38.9,WC-003
MFG-LINE-PLT-010-04,PLT-010,PRD-2022-SKU-08875,WO-2022-37818,0.8570427221171645,High,0.781,26.0,WC-008
MFG-LINE-PLT-010-01,PLT-010,PRD-2024-SKU-05242,WO-2024-37763,0.5937441236607981,Medium,0.5202,77.2,WC-003
MFG-LINE-PLT-008-01,PLT-008,PRD-2020-SKU-05795,WO-2020-65444,0.2913088750988532,Low,0.499,168.4,WC-001
MFG-LINE-PLT-007-01,PLT-007,PRD-2023-SKU-05480,WO-2023-14171,0.1293325499316464,Low,0.7473,0.0,WC-006
MFG-LINE-PLT-010-02,PLT-010,PRD-2022-SKU-03388,WO-2022-25213,0.7603804243338921,High,0.7684,69.3,WC-004
MFG-LINE-PLT-005-06,PLT-005,PRD-2021-SKU-05805,WO-2021-84565,0.12463894754374492,Low,0.5418,111.3,WC-001
MFG-LINE-PLT-008-01,PLT-008,PRD-2022-SKU-02409,WO-2022-63709,0.3479597454201886,Low,0.7655,10.6,WC-002
MFG-LINE-PLT-001-01,PLT-001,PRD-2022-SKU-09195,WO-2022-40714,0.18586584203556486,Low,0.6664,67.1,WC-009
MFG-LINE-PLT-004-02,PLT-004,PRD-2020-SKU-02827,WO-2020-99158,0.8187646215067272,High,0.655,30.4,WC-002
MFG-LINE-PLT-004-02,PLT-004,PRD-2020-SKU-04874,WO-2020-72033,0.8329310779739385,High,0.726,15.4,WC-002
MFG-LINE-PLT-002-04,PLT-002,PRD-2024-SKU-02194,WO-2024-45996,0.9134571614455584,High,0.4856,191.3,WC-005
MFG-LINE-PLT-008-01,PLT-008,PRD-2024-SKU-03709,WO-2024-11118,0.6891846445634653,Medium,0.8927,0.0,WC-003
MFG-LINE-PLT-004-04,PLT-004,PRD-2022-SKU-01633,WO-2022-35611,0.598798295119026,Medium,0.658,71.7,WC-001
MFG-LINE-PLT-004-07,PLT-004,PRD-2020-SKU-04679,WO-2020-49929,0.12107253857511835,Low,0.4763,180.6,WC-005
MFG-LINE-PLT-004-01,PLT-004,PRD-2022-SKU-03466,WO-2022-95364,0.2012198427195137,Low,0.5419,100.8,WC-010
MFG-LINE-PLT-008-01,PLT-008,PRD-2022-SKU-06142,WO-2022-69541,0.3810308003826232,Low,0.6699,38.4,WC-002
MFG-LINE-PLT-005-04,PLT-005,PRD-2024-SKU-01991,WO-2024-03063,0.38680848020303665,Low,0.8384,39.3,WC-002
MFG-LINE-PLT-002-03,PLT-002,PRD-2024-SKU-09560,WO-2024-08328,0.557477540685706,Medium,0.7976,11.2,WC-004
MFG-LINE-PLT-004-04,PLT-004,PRD-2023-SKU-02881,WO-2023-22181,0.8311915878588497,High,0.521,22.8,WC-001
MFG-LINE-PLT-008-02,PLT-008,PRD-2021-SKU-06454,WO-2021-24634,0.6082768669166109,Medium,0.701,96.2,WC-006
MFG-LINE-PLT-009-02,PLT-009,PRD-2021-SKU-05754,WO-2021-26667,0.1050735250133452,Low,0.8539,48.3,WC-003
MFG-LINE-PLT-005-06,PLT-005,PRD-2020-SKU-03438,WO-2020-63655,0.5556338945730237,Medium,0.271,161.7,WC-006
MFG-LINE-PLT-001-02,PLT-001,PRD-2020-SKU-09427,WO-2020-11344,0.8509891620887221,High,0.7386,39.7,WC-003
MFG-LINE-PLT-010-03,PLT-010,PRD-2021-SKU-09585,WO-2021-87814,0.8724094035580736,High,0.6586,22.3,WC-004
MFG-LINE-PLT-002-04,PLT-002,PRD-2020-SKU-06468,WO-2020-00059,0.9221034797131219,High,0.8236,47.7,WC-001
MFG-LINE-PLT-008-01,PLT-008,PRD-2021-SKU-06372,WO-2021-05215,0.2667856586069892,Low,0.769,32.7,WC-002
MFG-LINE-PLT-003-04,PLT-003,PRD-2021-SKU-08305,WO-2021-23701,0.2731275333639985,Low,0.739,39.0,WC-004
MFG-LINE-PLT-003-01,PLT-003,PRD-2020-SKU-03255,WO-2020-40605,0.6139131767534448,Medium,0.5798,98.0,WC-001
MFG-LINE-PLT-005-05,PLT-005,PRD-2022-SKU-06821,WO-2022-60263,0.026693857345181815,Low,0.5925,49.0,WC-001
MFG-LINE-PLT-001-01,PLT-001,PRD-2022-SKU-01741,WO-2022-39679,0.018804554403597785,Low,0.5856,52.7,WC-010
MFG-LINE-PLT-002-01,PLT-002,PRD-2023-SKU-08917,WO-2023-62224,0.08321935948632164,Low,0.6229,133.9,WC-002
MFG-LINE-PLT-001-02,PLT-001,PRD-2022-SKU-08131,WO-2022-64735,0.4571836069340855,Medium,0.7876,41.2,WC-002
MFG-LINE-PLT-005-03,PLT-005,PRD-2023-SKU-08983,WO-2023-15287,0.047641394588484764,Low,0.6851,50.8,WC-001
MFG-LINE-PLT-002-04,PLT-002,PRD-2024-SKU-07637,WO-2024-87954,0.9464748384435645,High,0.6162,14.6,WC-005
MFG-LINE-PLT-010-03,PLT-010,PRD-2023-SKU-06253,WO-2023-48640,0.9764717181596428,High,0.7477,68.8,WC-003
MFG-LINE-PLT-007-02,PLT-007,PRD-2022-SKU-06422,WO-2022-13708,0.48035642259865824,Medium,0.5248,103.9,WC-002
MFG-LINE-PLT-003-05,PLT-003,PRD-2020-SKU-06875,WO-2020-13609,0.8826904994244873,High,0.7625,44.3,WC-005
MFG-LINE-PLT-010-01,PLT-010,PRD-2022-SKU-04993,WO-2022-75712,0.5133033394963401,Medium,0.4514,96.4,WC-003
MFG-LINE-PLT-010-03,PLT-010,PRD-2023-SKU-04429,WO-2023-08368,0.9528783035856107,High,0.6349,129.5,WC-008
MFG-LINE-PLT-002-03,PLT-002,PRD-2020-SKU-02930,WO-2020-18295,0.2894424192928608,Low,0.6371,87.5,WC-007
MFG-LINE-PLT-002-03,PLT-002,PRD-2021-SKU-07158,WO-2021-04555,0.26015885894106605,Low,0.5662,23.4,WC-010
MFG-LINE-PLT-005-02,PLT-005,PRD-2020-SKU-02463,WO-2020-23743,0.579133947429564,Medium,0.7534,17.9,WC-004
MFG-LINE-PLT-008-01,PLT-008,PRD-2024-SKU-07633,WO-2024-23094,0.2985681147949778,Low,0.8103,24.6,WC-002
MFG-LINE-PLT-005-05,PLT-005,PRD-2023-SKU-03162,WO-2023-10971,0.04340900734016498,Low,0.5215,159.2,WC-001
MFG-LINE-PLT-004-04,PLT-004,PRD-2022-SKU-06447,WO-2022-31504,0.8048186207719193,High,0.5093,33.0,WC-001
MFG-LINE-PLT-004-04,PLT-004,PRD-2020-SKU-07156,WO-2020-84129,0.42941041019037995,Medium,0.5554,82.9,WC-001
MFG-LINE-PLT-005-03,PLT-005,PRD-2021-SKU-05011,WO-2021-61738,0.053659540570103546,Low,0.4813,162.4,WC-001
MFG-LINE-PLT-003-03,PLT-003,PRD-2020-SKU-04572,WO-2020-44962,0.03741834142946187,Low,0.6513,74.6,WC-003
MFG-LINE-PLT-007-01,PLT-007,PRD-2023-SKU-09695,WO-2023-05521,0.09270991825391586,Low,0.7077,39.0,WC-006
MFG-LINE-PLT-004-03,PLT-004,PRD-2022-SKU-02689,WO-2022-01392,0.18896434146537858,Low,0.356,134.7,WC-004
MFG-LINE-PLT-001-01,PLT-001,PRD-2024-SKU-03737,WO-2024-12832,0.052256798992580754,Low,0.6832,28.9,WC-008
MFG-LINE-PLT-006-02,PLT-006,PRD-2023-SKU-05320,WO-2023-76557,0.9920479706079228,High,0.6488,110.0,WC-019
MFG-LINE-PLT-008-01,PLT-008,PRD-2021-SKU-05675,WO-2021-29749,0.29038386886529854,Low,0.8703,0.0,WC-001
MFG-LINE-PLT-004-01,PLT-004,PRD-2024-SKU-02665,WO-2024-09796,0.07697033355982232,Low,0.8264,14.0,WC-005
MFG-LINE-PLT-004-07,PLT-004,PRD-2023-SKU-04540,WO-2023-54083,0.12141430597909685,Low,0.6461,74.0,WC-001
MFG-LINE-PLT-010-03,PLT-010,PRD-2023-SKU-01718,WO-2023-18801,0.9556460982852584,High,0.6758,54.0,WC-010
MFG-LINE-PLT-004-02,PLT-004,PRD-2022-SKU-08603,WO-2022-38802,0.481745051837569,Medium,0.5361,55.0,WC-001
MFG-LINE-PLT-010-01,PLT-010,PRD-2020-SKU-06512,WO-2020-64187,0.6889274021429417,Medium,0.7664,36.8,WC-003
MFG-LINE-PLT-007-01,PLT-007,PRD-2024-SKU-01660,WO-2024-60214,0.0521903566718776,Low,0.7025,34.3,WC-013
MFG-LINE-PLT-010-02,PLT-010,PRD-2021-SKU-09155,WO-2021-53325,0.7402770962427693,High,0.6796,58.7,WC-005
MFG-LINE-PLT-007-01,PLT-007,PRD-2020-SKU-06692,WO-2020-36868,0.05386889058034297,Low,0.7973,11.1,WC-003
MFG-LINE-PLT-003-03,PLT-003,PRD-2020-SKU-09560,WO-2020-67141,0.14148337763229876,Low,0.5091,180.2,WC-001
MFG-LINE-PLT-010-02,PLT-010,PRD-2023-SKU-08993,WO-2023-89825,0.8366646783301457,High,0.5938,66.1,WC-005
MFG-LINE-PLT-004-02,PLT-004,PRD-2021-SKU-03885,WO-2021-82766,0.650284720416867,Medium,0.7417,37.2,WC-001
MFG-LINE-PLT-008-01,PLT-008,PRD-2024-SKU-04257,WO-2024-76110,0.26235928340944825,Low,0.9128,0.0,WC-003
MFG-LINE-PLT-005-01,PLT-005,PRD-2024-SKU-06925,WO-2024-18025,0.6384556360310275,Medium,0.7042,65.6,WC-004
MFG-LINE-PLT-005-06,PLT-005,PRD-2021-SKU-08788,WO-2021-62738,0.1463035516887226,Low,0.6385,61.0,WC-010
MFG-LINE-PLT-003-05,PLT-003,PRD-2024-SKU-05161,WO-2024-31966,0.4074809808238408,Medium,0.7854,69.9,WC-001
MFG-LINE-PLT-004-06,PLT-004,PRD-2022-SKU-07567,WO-2022-18785,0.4836535224450713,Medium,0.5416,18.8,WC-001
MFG-LINE-PLT-005-04,PLT-005,PRD-2020-SKU-07284,WO-2020-26713,0.40347185225074544,Medium,0.7277,92.2,WC-001
MFG-LINE-PLT-002-02,PLT-002,PRD-2021-SKU-09115,WO-2021-40116,0.015399999999999999,Low,0.9395,10.9,WC-002
MFG-LINE-PLT-005-05,PLT-005,PRD-2022-SKU-08105,WO-2022-48562,0.01605461076987494,Low,0.5482,46.4,WC-003
MFG-LINE-PLT-002-01,PLT-002,PRD-2024-SKU-09782,WO-2024-75818,0.060278494146101994,Low,0.6101,45.4,WC-002
MFG-LINE-PLT-004-04,PLT-004,PRD-2020-SKU-04048,WO-2020-87304,0.3323044785478208,Low,0.706,74.9,WC-001
MFG-LINE-PLT-010-04,PLT-010,PRD-2021-SKU-03670,WO-2021-85636,0.4344869385270826,Medium,0.6858,65.1,WC-008
MFG-LINE-PLT-006-01,PLT-006,PRD-2022-SKU-08631,WO-2022-19133,0.576537442010457,Medium,0.7343,60.9,WC-002
MFG-LINE-PLT-001-02,PLT-001,PRD-2020-SKU-04241,WO-2020-82795,0.6474416148365473,Medium,0.872,13.1,WC-001
MFG-LINE-PLT-004-06,PLT-004,PRD-2024-SKU-02037,WO-2024-48757,0.687099005001172,Medium,0.6483,49.7,WC-003
MFG-LINE-PLT-010-04,PLT-010,PRD-2021-SKU-05178,WO-2021-81827,0.45733668796530075,Medium,0.6483,100.8,WC-007
MFG-LINE-PLT-005-05,PLT-005,PRD-2023-SKU-01099,WO-2023-73059,0.01260961298582472,Low,0.7136,16.2,WC-002
MFG-LINE-PLT-004-06,PLT-004,PRD-2023-SKU-09474,WO-2023-50123,0.3978795746470366,Low,0.8298,9.0,WC-003
MFG-LINE-PLT-004-05,PLT-004,PRD-2020-SKU-04082,WO-2020-79616,0.11774484728060639,Low,0.773,23.4,WC-003
MFG-LINE-PLT-002-02,PLT-002,PRD-2020-SKU-03562,WO-2020-30148,0.008955555555555555,Low,0.7388,21.4,WC-009
MFG-LINE-PLT-005-05,PLT-005,PRD-2021-SKU-01848,WO-2021-02106,0.03835970511871032,Low,0.4984,38.5,WC-002
MFG-LINE-PLT-006-02,PLT-006,PRD-2023-SKU-02683,WO-2023-01965,0.9859812548387314,High,0.6203,49.6,WC-019
MFG-LINE-PLT-005-01,PLT-005,PRD-2021-SKU-07391,WO-2021-73238,0.5188456146886034,Medium,0.7349,18.3,WC-002
MFG-LINE-PLT-002-01,PLT-002,PRD-2022-SKU-01018,WO-2022-82105,0.10523203437550069,Low,0.7946,15.2,WC-001
MFG-LINE-PLT-005-06,PLT-005,PRD-2021-SKU-06921,WO-2021-82307,0.13533426542636037,Low,0.6711,123.6,WC-002
MFG-LINE-PLT-003-05,PLT-003,PRD-2021-SKU-08019,WO-2021-94494,0.8591838135453154,High,0.765,65.3,WC-003
MFG-LINE-PLT-004-04,PLT-004,PRD-2021-SKU-09140,WO-2021-54610,0.6294720529392486,Medium,0.7115,31.4,WC-001
MFG-LINE-PLT-002-04,PLT-002,PRD-2024-SKU-03397,WO-2024-98707,0.9129442558097481,High,0.314,268.6743654951764,WC-004
MFG-LINE-PLT-002-01,PLT-002,PRD-2021-SKU-03370,WO-2021-54257,0.2067262790249846,Low,0.7639,13.6,WC-002
MFG-LINE-PLT-010-01,PLT-010,PRD-2020-SKU-03443,WO-2020-97898,0.6605621885663373,Medium,0.6916,90.8,WC-001
MFG-LINE-PLT-003-04,PLT-003,PRD-2024-SKU-07989,WO-2024-36814,0.15824792079927025,Low,0.796,34.3,WC-008
MFG-LINE-PLT-010-04,PLT-010,PRD-2022-SKU-06667,WO-2022-20215,0.4238480226099454,Medium,0.5055,125.9,WC-004
MFG-LINE-PLT-002-04,PLT-002,PRD-2023-SKU-09495,WO-2023-42730,0.9250598342805763,High,0.5601,78.8,WC-002
MFG-LINE-PLT-004-01,PLT-004,PRD-2022-SKU-02578,WO-2022-25370,0.18433797742825278,Low,0.8071,43.7,WC-006
MFG-LINE-PLT-005-02,PLT-005,PRD-2023-SKU-07167,WO-2023-27869,0.6798297654841181,Medium,0.7284,42.4,WC-002
MFG-LINE-PLT-004-06,PLT-004,PRD-2023-SKU-02374,WO-2023-41700,0.8118389555214696,High,0.5953,71.7,WC-003
MFG-LINE-PLT-003-03,PLT-003,PRD-2024-SKU-04049,WO-2024-76575,0.0747546276134445,Low,0.7682,22.8,WC-001
MFG-LINE-PLT-004-05,PLT-004,PRD-2024-SKU-03747,WO-2024-37264,0.5616909433414289,Medium,0.6423,26.9,WC-009
MFG-LINE-PLT-002-02,PLT-002,PRD-2021-SKU-08312,WO-2021-08410,0.017452741702741702,Low,0.6698,58.3,WC-006
MFG-LINE-PLT-001-01,PLT-001,PRD-2021-SKU-06027,WO-2021-55216,0.028085019772730816,Low,0.6196,80.7,WC-005
MFG-LINE-PLT-002-04,PLT-002,PRD-2022-SKU-03204,WO-2022-76658,0.9090827854739741,High,0.5035,159.26706197418997,WC-002
MFG-LINE-PLT-008-02,PLT-008,PRD-2023-SKU-02198,WO-2023-09725,0.5744647518151161,Medium,0.6029,65.7,WC-001
MFG-LINE-PLT-002-01,PLT-002,PRD-2022-SKU-01034,WO-2022-10390,0.35351549596862064,Low,0.7236,77.9,WC-002
MFG-LINE-PLT-003-05,PLT-003,PRD-2020-SKU-03413,WO-2020-97557,0.744961851275761,High,0.4388,221.86195918592463,WC-004
MFG-LINE-PLT-004-01,PLT-004,PRD-2024-SKU-08915,WO-2024-96541,0.26473519270626217,Low,0.6221,85.1,WC-003
MFG-LINE-PLT-006-01,PLT-006,PRD-2024-SKU-04520,WO-2024-50512,0.975716581497518,High,0.6604,102.2,WC-007
MFG-LINE-PLT-007-01,PLT-007,PRD-2024-SKU-05153,WO-2024-37479,0.0383463380877504,Low,0.5912,74.7,WC-005
MFG-LINE-PLT-004-04,PLT-004,PRD-2023-SKU-05647,WO-2023-81287,0.8922714561632232,High,0.5355,27.5,WC-002
MFG-LINE-PLT-007-02,PLT-007,PRD-2022-SKU-01666,WO-2022-51002,0.6932343577591905,Medium,0.7671,48.7,WC-001
MFG-LINE-PLT-004-01,PLT-004,PRD-2020-SKU-09001,WO-2020-91237,0.2192770027142302,Low,0.5594,49.5,WC-008
MFG-LINE-PLT-004-01,PLT-004,PRD-2023-SKU-08822,WO-2023-40807,0.1624751887006031,Low,0.5451,120.8,WC-010
MFG-LINE-PLT-005-03,PLT-005,PRD-2024-SKU-02332,WO-2024-54844,0.08273593952334361,Low,0.7086,32.3,WC-002
MFG-LINE-PLT-004-07,PLT-004,PRD-2022-SKU-01019,WO-2022-00620,0.3159439855090425,Low,0.4524,77.4,WC-002
MFG-LINE-PLT-009-02,PLT-009,PRD-2023-SKU-01835,WO-2023-67642,0.050273754771655764,Low,0.7579,27.0,WC-003
MFG-LINE-PLT-004-04,PLT-004,PRD-2024-SKU-01901,WO-2024-17217,0.75667455348837,High,0.7418,27.5,WC-001
MFG-LINE-PLT-004-04,PLT-004,PRD-2023-SKU-01054,WO-2023-82677,0.513303576563323,Medium,0.5806,22.5,WC-001
MFG-LINE-PLT-004-04,PLT-004,PRD-2021-SKU-04890,WO-2021-65758,0.41946284069533285,Medium,0.5796,79.5,WC-001
MFG-LINE-PLT-002-01,PLT-002,PRD-2021-SKU-03780,WO-2021-00362,0.03725043225725578,Low,0.5391,133.3,WC-001
MFG-LINE-PLT-004-01,PLT-004,PRD-2022-SKU-05850,WO-2022-83565,0.38256611521838846,Low,0.5259,43.9,WC-005
MFG-LINE-PLT-006-02,PLT-006,PRD-2022-SKU-09449,WO-2022-69524,0.9980742368034471,High,0.6663,90.8,WC-006
MFG-LINE-PLT-005-01,PLT-005,PRD-2020-SKU-09796,WO-2020-39703,0.4090193071451232,Medium,0.4691,72.8,WC-002
MFG-LINE-PLT-001-01,PLT-001,PRD-2022-SKU-07217,WO-2022-59362,0.004809144971045766,Low,0.7507,42.9,WC-010
MFG-LINE-PLT-006-01,PLT-006,PRD-2023-SKU-03522,WO-2023-95769,0.9654918527489514,High,0.685,78.0,WC-011
MFG-LINE-PLT-009-01,PLT-009,PRD-2024-SKU-02112,WO-2024-48754,0.9388987801844373,High,0.6194,37.7,WC-005
MFG-LINE-PLT-004-05,PLT-004,PRD-2021-SKU-03227,WO-2021-84407,0.615816262416124,Medium,0.4895,13.9,WC-010
MFG-LINE-PLT-010-01,PLT-010,PRD-2022-SKU-09212,WO-2022-36461,0.7400901442315436,High,0.6729,20.3,WC-001
MFG-LINE-PLT-008-01,PLT-008,PRD-2023-SKU-01503,WO-2023-56667,0.7220405220089376,High,0.5449,98.0,WC-003
MFG-LINE-PLT-004-04,PLT-004,PRD-2022-SKU-09012,WO-2022-50788,0.6756285364966985,Medium,0.6236,114.9,WC-001
MFG-LINE-PLT-005-01,PLT-005,PRD-2022-SKU-01209,WO-2022-62456,0.727664750818105,High,0.616,42.6,WC-002
MFG-LINE-PLT-003-04,PLT-003,PRD-2024-SKU-08413,WO-2024-88585,0.3762242861088012,Low,0.4229,33.4,WC-003
MFG-LINE-PLT-004-02,PLT-004,PRD-2020-SKU-02209,WO-2020-11549,0.8476246191564469,High,0.7268,11.0,WC-002
MFG-LINE-PLT-005-04,PLT-005,PRD-2021-SKU-01555,WO-2021-06487,0.5662465881748047,Medium,0.4885,71.2,WC-003
MFG-LINE-PLT-003-02,PLT-003,PRD-2020-SKU-01328,WO-2020-47065,0.3124889502065959,Low,0.6675,40.2,WC-001
MFG-LINE-PLT-005-03,PLT-005,PRD-2022-SKU-02201,WO-2022-95407,0.10480698673393313,Low,0.6187,121.7,WC-002
MFG-LINE-PLT-003-03,PLT-003,PRD-2022-SKU-01800,WO-2022-35151,0.02327911396076359,Low,0.6419,70.9,WC-003
MFG-LINE-PLT-010-03,PLT-010,PRD-2021-SKU-08876,WO-2021-54681,0.8518916741247359,High,0.4438,163.1,WC-004
MFG-LINE-PLT-003-05,PLT-003,PRD-2020-SKU-08528,WO-2020-37530,0.4451639539076396,Medium,0.7015,26.7,WC-003
MFG-LINE-PLT-001-01,PLT-001,PRD-2021-SKU-03425,WO-2021-38262,0.08436010460703952,Low,0.5138,46.2,WC-007
MFG-LINE-PLT-006-01,PLT-006,PRD-2023-SKU-03232,WO-2023-65665,0.9804109357500765,High,0.6353,85.0,WC-001
MFG-LINE-PLT-003-02,PLT-003,PRD-2021-SKU-09025,WO-2021-30257,0.5489979551806738,Medium,0.5736,117.4,WC-001
MFG-LINE-PLT-004-05,PLT-004,PRD-2024-SKU-04201,WO-2024-95516,0.3337313295546616,Low,0.7004,21.9,WC-010
MFG-LINE-PLT-005-03,PLT-005,PRD-2024-SKU-09613,WO-2024-31094,0.07523578386498345,Low,0.5298,144.9,WC-001
MFG-LINE-PLT-001-02,PLT-001,PRD-2020-SKU-03979,WO-2020-88132,0.4769781349518196,Medium,0.4872,127.6,WC-004
MFG-LINE-PLT-003-02,PLT-003,PRD-2021-SKU-02719,WO-2021-88890,0.1895229056239638,Low,0.564,100.6,WC-001
MFG-LINE-PLT-007-01,PLT-007,PRD-2021-SKU-08543,WO-2021-03506,0.1304943405927576,Low,0.4156,48.1,WC-015
MFG-LINE-PLT-005-03,PLT-005,PRD-2021-SKU-06276,WO-2021-41446,0.0742111866792657,Low,0.3735,242.5,WC-001
MFG-LINE-PLT-005-06,PLT-005,PRD-2021-SKU-08817,WO-2021-34554,0.31746687730236073,Low,0.818,63.6,WC-010
MFG-LINE-PLT-004-07,PLT-004,PRD-2020-SKU-01691,WO-2020-27647,0.5602998478468241,Medium,0.5709,58.3,WC-003
MFG-LINE-PLT-010-02,PLT-010,PRD-2020-SKU-05180,WO-2020-65187,0.8390143855124987,High,0.6446,64.3,WC-002
MFG-LINE-PLT-004-05,PLT-004,PRD-2021-SKU-09782,WO-2021-16106,0.32744717714495036,Low,0.488,0.0,WC-003
MFG-LINE-PLT-004-03,PLT-004,PRD-2024-SKU-02368,WO-2024-66489,0.1461546457434182,Low,0.8861,28.9,WC-002
MFG-LINE-PLT-007-02,PLT-007,PRD-2020-SKU-01544,WO-2020-98154,0.6631248568010347,Medium,0.585,78.0,WC-001
MFG-LINE-PLT-004-01,PLT-004,PRD-2024-SKU-04456,WO-2024-47721,0.1635919925663374,Low,0.6383,80.5,WC-005
MFG-LINE-PLT-004-05,PLT-004,PRD-2023-SKU-09896,WO-2023-77541,0.22065868664313,Low,0.8041,5.9,WC-005
MFG-LINE-PLT-004-02,PLT-004,PRD-2023-SKU-08700,WO-2023-41810,0.8422859895272001,High,0.6758,0.0,WC-001
MFG-LINE-PLT-005-04,PLT-005,PRD-2021-SKU-03323,WO-2021-54191,0.4147721000847666,Medium,0.5402,77.0,WC-003
MFG-LINE-PLT-006-02,PLT-006,PRD-2023-SKU-03450,WO-2023-54498,0.9437860716118049,High,0.4584,110.0,WC-018
MFG-LINE-PLT-003-01,PLT-003,PRD-2023-SKU-03415,WO-2023-90804,0.6771866961907294,Medium,0.4519,141.2,WC-012
MFG-LINE-PLT-002-04,PLT-002,PRD-2021-SKU-06195,WO-2021-96481,0.6991691194301999,Medium,0.6544,43.7,WC-002
MFG-LINE-PLT-010-01,PLT-010,PRD-2024-SKU-08599,WO-2024-58606,0.7657289613187885,High,0.4546,58.4,WC-003
MFG-LINE-PLT-005-06,PLT-005,PRD-2023-SKU-03876,WO-2023-20191,0.4647734943304492,Medium,0.7793,64.4,WC-006
MFG-LINE-PLT-008-02,PLT-008,PRD-2023-SKU-06485,WO-2023-77545,0.6848271093706619,Medium,0.6952,57.9,WC-001
MFG-LINE-PLT-005-01,PLT-005,PRD-2024-SKU-09771,WO-2024-92397,0.6117705976134198,Medium,0.7633,91.2,WC-002
MFG-LINE-PLT-005-04,PLT-005,PRD-2021-SKU-01633,WO-2021-96956,0.6485197091868614,Medium,0.6352,131.4,WC-002
MFG-LINE-PLT-008-02,PLT-008,PRD-2020-SKU-03959,WO-2020-52358,0.4123093553028396,Medium,0.6625,57.4,WC-001
MFG-LINE-PLT-010-01,PLT-010,PRD-2023-SKU-09544,WO-2023-35511,0.37975383109434957,Low,0.7033,82.2,WC-003
MFG-LINE-PLT-004-01,PLT-004,PRD-2023-SKU-09813,WO-2023-73802,0.16016137458785257,Low,0.5026,146.4,WC-002
MFG-LINE-PLT-005-01,PLT-005,PRD-2021-SKU-07511,WO-2021-54239,0.3150166518040312,Low,0.6723,60.0,WC-001
MFG-LINE-PLT-007-02,PLT-007,PRD-2022-SKU-08887,WO-2022-87426,0.4841922794401726,Medium,0.6141,110.5,WC-002
MFG-LINE-PLT-004-07,PLT-004,PRD-2022-SKU-08054,WO-2022-14579,0.5436547436598905,Medium,0.6258,22.3,WC-003
MFG-LINE-PLT-003-02,PLT-003,PRD-2021-SKU-04635,WO-2021-31710,0.14142315810576545,Low,0.6744,78.8,WC-001
MFG-LINE-PLT-003-03,PLT-003,PRD-2024-SKU-05083,WO-2024-14687,0.022713605778924967,Low,0.5601,79.3,WC-001
MFG-LINE-PLT-005-06,PLT-005,PRD-2022-SKU-03144,WO-2022-49989,0.18401162874254687,Low,0.4633,60.6,WC-010
MFG-LINE-PLT-004-04,PLT-004,PRD-2024-SKU-02529,WO-2024-07100,0.8506684420944658,High,0.4309,0.0,WC-002
MFG-LINE-PLT-004-01,PLT-004,PRD-2020-SKU-06263,WO-2020-50436,0.12440044735565431,Low,0.5626,158.6,WC-002
MFG-LINE-PLT-005-03,PLT-005,PRD-2021-SKU-06675,WO-2021-12661,0.07859239338907532,Low,0.8533,8.7,WC-001
MFG-LINE-PLT-002-02,PLT-002,PRD-2021-SKU-09321,WO-2021-70133,0.008674603174603173,Low,0.7696,28.1,WC-003
MFG-LINE-PLT-008-02,PLT-008,PRD-2022-SKU-09751,WO-2022-45060,0.6837751757769518,Medium,0.7593,70.7,WC-001
MFG-LINE-PLT-004-03,PLT-004,PRD-2021-SKU-02490,WO-2021-96984,0.08680914684179465,Low,0.5816,152.8,WC-004
MFG-LINE-PLT-001-02,PLT-001,PRD-2022-SKU-02401,WO-2022-40491,0.5022888416937507,Medium,0.7398,81.1,WC-005
MFG-LINE-PLT-010-01,PLT-010,PRD-2021-SKU-09169,WO-2021-22230,0.7134998318857955,High,0.6696,42.1,WC-002
MFG-LINE-PLT-010-01,PLT-010,PRD-2023-SKU-07111,WO-2023-62618,0.7601203827782879,High,0.5335,78.0,WC-004
MFG-LINE-PLT-004-02,PLT-004,PRD-2020-SKU-04260,WO-2020-49549,0.4481286859801695,Medium,0.6732,53.9,WC-001
MFG-LINE-PLT-003-04,PLT-003,PRD-2021-SKU-04618,WO-2021-50174,0.5796801424850119,Medium,0.5314,67.9,WC-005
MFG-LINE-PLT-004-05,PLT-004,PRD-2021-SKU-08739,WO-2021-72928,0.24217705821116173,Low,0.5491,88.8,WC-006
MFG-LINE-PLT-002-03,PLT-002,PRD-2020-SKU-02260,WO-2020-95925,0.25034785321670305,Low,0.7056,59.9,WC-009
MFG-LINE-PLT-009-01,PLT-009,PRD-2024-SKU-02740,WO-2024-20639,0.9251456238906471,High,0.7932,14.8,WC-002
MFG-LINE-PLT-005-01,PLT-005,PRD-2021-SKU-09930,WO-2021-36610,0.7359627154647276,High,0.4462,68.7,WC-003
MFG-LINE-PLT-006-02,PLT-006,PRD-2022-SKU-07583,WO-2022-31569,0.9863599510891614,High,0.7297,42.6,WC-016
MFG-LINE-PLT-005-03,PLT-005,PRD-2022-SKU-06668,WO-2022-02199,0.06244040672433546,Low,0.5595,125.4,WC-001
MFG-LINE-PLT-009-01,PLT-009,PRD-2021-SKU-03511,WO-2021-61326,0.8564568120570428,High,0.4413,140.1,WC-004
MFG-LINE-PLT-004-02,PLT-004,PRD-2023-SKU-08630,WO-2023-10317,0.4959282222631126,Medium,0.8086,7.2,WC-002
MFG-LINE-PLT-005-01,PLT-005,PRD-2022-SKU-07037,WO-2022-49422,0.43398720822390496,Medium,0.7501,47.2,WC-001
MFG-LINE-PLT-002-03,PLT-002,PRD-2020-SKU-07509,WO-2020-59841,0.23756942183797192,Low,0.7146,35.7,WC-007
MFG-LINE-PLT-004-04,PLT-004,PRD-2023-SKU-05548,WO-2023-16635,0.4965040621344842,Medium,0.7547,60.9,WC-002
MFG-LINE-PLT-003-03,PLT-003,PRD-2024-SKU-08889,WO-2024-00733,0.052080231835563415,Low,0.7394,89.0,WC-001
MFG-LINE-PLT-010-03,PLT-010,PRD-2021-SKU-07223,WO-2021-26233,0.92555979859508,High,0.6495,72.9,WC-010
MFG-LINE-PLT-003-01,PLT-003,PRD-2024-SKU-06308,WO-2024-91330,0.5314488433248142,Medium,0.7017,44.4,WC-010
MFG-LINE-PLT-006-01,PLT-006,PRD-2021-SKU-02144,WO-2021-09800,0.9644199285215337,High,0.5655,57.5,WC-010
MFG-LINE-PLT-001-02,PLT-001,PRD-2022-SKU-08327,WO-2022-34224,0.8623306813138703,High,0.6484,0.0,WC-003
MFG-LINE-PLT-001-02,PLT-001,PRD-2020-SKU-03156,WO-2020-97148,0.8453707433200977,High,0.6893,16.3,WC-001
MFG-LINE-PLT-009-02,PLT-009,PRD-2024-SKU-01727,WO-2024-83037,0.055069288815261346,Low,0.8055,21.4,WC-003
MFG-LINE-PLT-005-02,PLT-005,PRD-2023-SKU-03807,WO-2023-38183,0.42205619814378703,Medium,0.8186,6.0,WC-004
MFG-LINE-PLT-004-02,PLT-004,PRD-2021-SKU-01356,WO-2021-82536,0.7312062201000805,High,0.8932,0.0,WC-002
MFG-LINE-PLT-003-04,PLT-003,PRD-2021-SKU-01128,WO-2021-82325,0.5419484832206137,Medium,0.6105,12.3,WC-008
MFG-LINE-PLT-006-01,PLT-006,PRD-2021-SKU-09470,WO-2021-24217,0.9583889024747515,High,0.5222,60.5,WC-008
MFG-LINE-PLT-004-07,PLT-004,PRD-2021-SKU-05334,WO-2021-02436,0.06843387167598045,Low,0.6493,92.9,WC-003
MFG-LINE-PLT-005-02,PLT-005,PRD-2023-SKU-09068,WO-2023-81040,0.5503371889722554,Medium,0.7277,51.8,WC-006
MFG-LINE-PLT-005-06,PLT-005,PRD-2023-SKU-01203,WO-2023-60173,0.5705478479834477,Medium,0.6558,0.0,WC-010
MFG-LINE-PLT-002-04,PLT-002,PRD-2020-SKU-05375,WO-2020-08095,0.973200565773695,High,0.5859,41.5,WC-001
MFG-LINE-PLT-002-01,PLT-002,PRD-2020-SKU-09652,WO-2020-81812,0.0983273649090864,Low,0.6154,81.5,WC-002
MFG-LINE-PLT-010-04,PLT-010,PRD-2020-SKU-08245,WO-2020-23510,0.8172242443628253,High,0.6789,70.5,WC-003
MFG-LINE-PLT-007-01,PLT-007,PRD-2024-SKU-06352,WO-2024-20676,0.0915980408897542,Low,0.4533,93.8,WC-008
MFG-LINE-PLT-002-04,PLT-002,PRD-2021-SKU-04187,WO-2021-53786,0.9575359928069153,High,0.6816,5.7,WC-004
MFG-LINE-PLT-010-01,PLT-010,PRD-2023-SKU-01363,WO-2023-28465,0.3514295792260822,Low,0.4981,81.9,WC-002
MFG-LINE-PLT-010-03,PLT-010,PRD-2024-SKU-08819,WO-2024-23005,0.9394147438776802,High,0.5725,85.2,WC-006
MFG-LINE-PLT-004-04,PLT-004,PRD-2022-SKU-07968,WO-2022-51341,0.32590861506318514,Low,0.6684,105.4,WC-002
MFG-LINE-PLT-004-06,PLT-004,PRD-2020-SKU-06777,WO-2020-65859,0.7522974319750426,High,0.8323,46.1,WC-002
MFG-LINE-PLT-002-03,PLT-002,PRD-2021-SKU-02534,WO-2021-16694,0.3034170314864221,Low,0.6397,96.7,WC-001
MFG-LINE-PLT-010-01,PLT-010,PRD-2021-SKU-04359,WO-2021-45026,0.502788742223307,Medium,0.5926,124.8,WC-002
MFG-LINE-PLT-005-03,PLT-005,PRD-2020-SKU-05661,WO-2020-84818,0.03650014667631407,Low,0.4967,150.3,WC-002
MFG-LINE-PLT-007-02,PLT-007,PRD-2023-SKU-01954,WO-2023-68602,0.654055421199242,Medium,0.6077,70.8,WC-001
MFG-LINE-PLT-004-03,PLT-004,PRD-2020-SKU-02261,WO-2020-16566,0.14938208827706895,Low,0.6108,69.8,WC-001
MFG-LINE-PLT-008-02,PLT-008,PRD-2020-SKU-05387,WO-2020-02355,0.25672319732378146,Low,0.525,40.5,WC-005
MFG-LINE-PLT-001-01,PLT-001,PRD-2024-SKU-05311,WO-2024-06353,0.07883166070581589,Low,0.5469,0.0,WC-009
MFG-LINE-PLT-001-02,PLT-001,PRD-2020-SKU-04990,WO-2020-54852,0.8764991620955144,High,0.7661,35.5,WC-001
MFG-LINE-PLT-003-04,PLT-003,PRD-2024-SKU-01776,WO-2024-43019,0.34535985127488916,Low,0.4837,89.5,WC-001
MFG-LINE-PLT-005-05,PLT-005,PRD-2020-SKU-01615,WO-2020-69258,0.10975804055817558,Low,0.7154,45.0,WC-002
MFG-LINE-PLT-005-01,PLT-005,PRD-2021-SKU-08175,WO-2021-17524,0.3326508183729534,Low,0.5889,79.8,WC-001
MFG-LINE-PLT-010-01,PLT-010,PRD-2023-SKU-02262,WO-2023-72879,0.5257184888098315,Medium,0.6995,33.2,WC-004
MFG-LINE-PLT-004-05,PLT-004,PRD-2020-SKU-02524,WO-2020-64229,0.2084627232274713,Low,0.6285,36.4,WC-006
MFG-LINE-PLT-004-07,PLT-004,PRD-2024-SKU-06927,WO-2024-44620,0.10223909985346037,Low,0.6274,65.2,WC-003
MFG-LINE-PLT-002-01,PLT-002,PRD-2021-SKU-08971,WO-2021-36749,0.1432011654665464,Low,0.6438,35.6,WC-001
MFG-LINE-PLT-004-05,PLT-004,PRD-2023-SKU-01040,WO-2023-37762,0.25346173829465035,Low,0.686,46.8,WC-001
MFG-LINE-PLT-002-04,PLT-002,PRD-2021-SKU-05241,WO-2021-42187,0.9550739077257953,High,0.7371,36.1,WC-001
MFG-LINE-PLT-004-05,PLT-004,PRD-2022-SKU-04857,WO-2022-54381,0.2217975481073564,Low,0.7578,0.0,WC-004
MFG-LINE-PLT-004-02,PLT-004,PRD-2021-SKU-06401,WO-2021-83194,0.4957093870168564,Medium,0.8103,0.0,WC-001
MFG-LINE-PLT-003-05,PLT-003,PRD-2024-SKU-06160,WO-2024-32322,0.7935017127986356,High,0.7916,25.8,WC-001
MFG-LINE-PLT-009-02,PLT-009,PRD-2021-SKU-02188,WO-2021-54671,0.08380082360480937,Low,0.5666,28.1,WC-002
MFG-LINE-PLT-001-02,PLT-001,PRD-2020-SKU-07313,WO-2020-65123,0.6489558465705917,Medium,0.8291,33.9,WC-004
MFG-LINE-PLT-001-02,PLT-001,PRD-2022-SKU-04994,WO-2022-49033,0.861589855936993,High,0.6724,44.6,WC-001
MFG-LINE-PLT-005-02,PLT-005,PRD-2024-SKU-08495,WO-2024-52671,0.6202331107135503,Medium,0.8601,10.6,WC-006
MFG-LINE-PLT-008-01,PLT-008,PRD-2024-SKU-09983,WO-2024-47546,0.2793102044438333,Low,0.286,193.8,WC-003
MFG-LINE-PLT-010-04,PLT-010,PRD-2022-SKU-04716,WO-2022-17606,0.7882585270040637,High,0.6799,11.0,WC-007
MFG-LINE-PLT-009-01,PLT-009,PRD-2024-SKU-01401,WO-2024-05892,0.9388916740586369,High,0.7145,37.3,WC-010
MFG-LINE-PLT-002-02,PLT-002,PRD-2021-SKU-08262,WO-2021-71473,0.021758925318761384,Low,0.817,19.4,WC-006
MFG-LINE-PLT-005-02,PLT-005,PRD-2020-SKU-03126,WO-2020-72773,0.493816891928318,Medium,0.764,18.8,WC-006
MFG-LINE-PLT-006-01,PLT-006,PRD-2022-SKU-07260,WO-2022-17084,0.9605744986630022,High,0.5935,107.3,WC-001
MFG-LINE-PLT-004-04,PLT-004,PRD-2022-SKU-06042,WO-2022-86736,0.6629302507628639,Medium,0.6447,59.0,WC-001
MFG-LINE-PLT-002-03,PLT-002,PRD-2023-SKU-05080,WO-2023-60896,0.22829316271013278,Low,0.7826,23.4,WC-009
MFG-LINE-PLT-005-02,PLT-005,PRD-2023-SKU-05328,WO-2023-26974,0.3425957445893404,Low,0.5845,70.9,WC-002
MFG-LINE-PLT-010-04,PLT-010,PRD-2021-SKU-06618,WO-2021-04248,0.8164069204426553,High,0.657,47.0,WC-006
MFG-LINE-PLT-005-05,PLT-005,PRD-2024-SKU-02564,WO-2024-09653,0.04101994653870862,Low,0.6511,76.9,WC-002
MFG-LINE-PLT-005-05,PLT-005,PRD-2022-SKU-05520,WO-2022-74440,0.052143536152704145,Low,0.5011,45.5,WC-001
MFG-LINE-PLT-001-02,PLT-001,PRD-2023-SKU-07989,WO-2023-01497,0.7992200175899786,High,0.7592,38.4,WC-002
MFG-LINE-PLT-005-05,PLT-005,PRD-2021-SKU-06058,WO-2021-24438,0.018314615354805375,Low,0.6699,98.2,WC-001
MFG-LINE-PLT-010-03,PLT-010,PRD-2023-SKU-09396,WO-2023-57626,0.9259291732573571,High,0.6341,53.4,WC-002
MFG-LINE-PLT-008-01,PLT-008,PRD-2022-SKU-06010,WO-2022-90499,0.43302834478819274,Medium,0.7467,65.5,WC-002
MFG-LINE-PLT-010-03,PLT-010,PRD-2021-SKU-03705,WO-2021-92096,0.8081676888177897,High,0.9353,0.0,WC-004
MFG-LINE-PLT-003-01,PLT-003,PRD-2022-SKU-05474,WO-2022-18429,0.26736091782585236,Low,0.5937,80.3,WC-008
MFG-LINE-PLT-005-03,PLT-005,PRD-2024-SKU-03053,WO-2024-81665,0.05297084094921217,Low,0.7218,63.3,WC-001
MFG-LINE-PLT-003-04,PLT-003,PRD-2022-SKU-09741,WO-2022-67153,0.5584383556623052,Medium,0.5539,41.8,WC-002
MFG-LINE-PLT-004-02,PLT-004,PRD-2022-SKU-08409,WO-2022-32788,0.5363483626768265,Medium,0.5885,23.7,WC-001
MFG-LINE-PLT-002-04,PLT-002,PRD-2024-SKU-04032,WO-2024-02211,0.9110597225508672,High,0.2311,208.8,WC-005
MFG-LINE-PLT-002-03,PLT-002,PRD-2020-SKU-06972,WO-2020-85956,0.5815178057438724,Medium,0.5178,9.3,WC-004
MFG-LINE-PLT-004-01,PLT-004,PRD-2021-SKU-08783,WO-2021-21596,0.255288537660112,Low,0.4531,180.5,WC-009
MFG-LINE-PLT-010-03,PLT-010,PRD-2022-SKU-04169,WO-2022-97223,0.911082474296422,High,0.5258,99.9,WC-007
MFG-LINE-PLT-008-01,PLT-008,PRD-2021-SKU-06932,WO-2021-59300,0.6728479701510274,Medium,0.4682,54.0,WC-003
MFG-LINE-PLT-007-01,PLT-007,PRD-2021-SKU-02516,WO-2021-92472,0.026201008108446954,Low,0.797,12.5,WC-006
MFG-LINE-PLT-010-02,PLT-010,PRD-2021-SKU-01497,WO-2021-24643,0.7192604818226801,High,0.7551,11.6,WC-001
MFG-LINE-PLT-001-02,PLT-001,PRD-2021-SKU-03418,WO-2021-61901,0.9157507039753032,High,0.7249,28.1,WC-005
MFG-LINE-PLT-001-02,PLT-001,PRD-2020-SKU-06250,WO-2020-70365,0.8186207277528956,High,0.6244,69.5,WC-003
MFG-LINE-PLT-004-04,PLT-004,PRD-2020-SKU-09903,WO-2020-17747,0.7102403927644151,High,0.6251,19.3,WC-001
MFG-LINE-PLT-001-02,PLT-001,PRD-2024-SKU-02260,WO-2024-55926,0.5382499166186779,Medium,0.6197,15.1,WC-001
MFG-LINE-PLT-005-01,PLT-005,PRD-2022-SKU-02854,WO-2022-68248,0.38177390737701866,Low,0.5422,123.3,WC-003
MFG-LINE-PLT-002-03,PLT-002,PRD-2020-SKU-08027,WO-2020-23334,0.2956029757318827,Low,0.5409,11.8,WC-002
MFG-LINE-PLT-001-01,PLT-001,PRD-2022-SKU-09017,WO-2022-85491,0.028250147437103953,Low,0.835,32.7,WC-009
MFG-LINE-PLT-010-04,PLT-010,PRD-2024-SKU-07688,WO-2024-72121,0.7518289863291593,High,0.7834,70.7,WC-005
MFG-LINE-PLT-004-05,PLT-004,PRD-2020-SKU-02906,WO-2020-82570,0.22621385926472196,Low,0.6104,72.9,WC-009
MFG-LINE-PLT-004-06,PLT-004,PRD-2021-SKU-07740,WO-2021-18721,0.42179396825312865,Medium,0.784,56.4,WC-003
MFG-LINE-PLT-004-03,PLT-004,PRD-2024-SKU-07899,WO-2024-55757,0.12915027463543294,Low,0.6753,57.2,WC-005
MFG-LINE-PLT-007-02,PLT-007,PRD-2020-SKU-03040,WO-2020-79203,0.32408889410657443,Low,0.6706,74.9,WC-002
MFG-LINE-PLT-004-05,PLT-004,PRD-2024-SKU-02107,WO-2024-89047,0.4349905016371973,Medium,0.7057,37.4,WC-005
MFG-LINE-PLT-002-04,PLT-002,PRD-2021-SKU-09865,WO-2021-06004,0.9707019213423455,High,0.7099,61.0,WC-003
MFG-LINE-PLT-005-02,PLT-005,PRD-2023-SKU-01801,WO-2023-20911,0.4156719363598848,Medium,0.5677,37.5,WC-005
MFG-LINE-PLT-005-01,PLT-005,PRD-2024-SKU-07458,WO-2024-78841,0.3728093169905693,Low,0.7874,52.3,WC-001
MFG-LINE-PLT-008-01,PLT-008,PRD-2020-SKU-07203,WO-2020-91815,0.33115451788954264,Low,0.7202,17.6,WC-003
MFG-LINE-PLT-005-02,PLT-005,PRD-2020-SKU-09438,WO-2020-80642,0.5943848862898252,Medium,0.629,76.8,WC-003
MFG-LINE-PLT-006-01,PLT-006,PRD-2023-SKU-09920,WO-2023-58487,0.9606060615257269,High,0.6018,110.5,WC-005
MFG-LINE-PLT-007-01,PLT-007,PRD-2024-SKU-08792,WO-2024-45887,0.02827375056767367,Low,0.7682,56.5,WC-001
MFG-LINE-PLT-004-06,PLT-004,PRD-2024-SKU-05941,WO-2024-36323,0.617325766603255,Medium,0.3895,73.8,WC-003
MFG-LINE-PLT-005-06,PLT-005,PRD-2023-SKU-01625,WO-2023-01738,0.2881247432842622,Low,0.8197,7.2,WC-005
MFG-LINE-PLT-004-06,PLT-004,PRD-2023-SKU-08836,WO-2023-80382,0.4787190104572367,Medium,0.8598,30.2,WC-001
MFG-LINE-PLT-003-05,PLT-003,PRD-2023-SKU-03734,WO-2023-44647,0.6285046202096466,Medium,0.504,112.7,WC-002
MFG-LINE-PLT-007-02,PLT-007,PRD-2021-SKU-06413,WO-2021-21179,0.37325403264159474,Low,0.5928,81.0,WC-002
MFG-LINE-PLT-001-01,PLT-001,PRD-2024-SKU-01867,WO-2024-93887,0.034633314234784836,Low,0.8318,7.9,WC-010
MFG-LINE-PLT-010-01,PLT-010,PRD-2023-SKU-05153,WO-2023-19096,0.2962932364243678,Low,0.5263,133.4,WC-002
MFG-LINE-PLT-009-01,PLT-009,PRD-2020-SKU-05916,WO-2020-55540,0.9600954255500221,High,0.697,70.5,WC-001
MFG-LINE-PLT-010-04,PLT-010,PRD-2021-SKU-09385,WO-2021-32252,0.8714722149999227,High,0.7059,45.5,WC-006
MFG-LINE-PLT-004-02,PLT-004,PRD-2020-SKU-08383,WO-2020-86823,0.7707385655927546,High,0.7834,0.0,WC-002
MFG-LINE-PLT-001-01,PLT-001,PRD-2022-SKU-03659,WO-2022-85534,0.008574445557463001,Low,0.8015,45.4,WC-001
MFG-LINE-PLT-003-01,PLT-003,PRD-2024-SKU-08657,WO-2024-56568,0.6391185441617185,Medium,0.2329,219.8,WC-010
MFG-LINE-PLT-009-02,PLT-009,PRD-2020-SKU-09293,WO-2020-77292,0.06864495662426706,Low,0.4475,57.8,WC-003
MFG-LINE-PLT-002-01,PLT-002,PRD-2023-SKU-06739,WO-2023-46937,0.05460061592730752,Low,0.5082,132.2,WC-002
MFG-LINE-PLT-006-01,PLT-006,PRD-2020-SKU-04391,WO-2020-90352,0.9624573165421528,High,0.6105,27.9,WC-011
MFG-LINE-PLT-010-02,PLT-010,PRD-2022-SKU-09003,WO-2022-57794,0.82717150868857,High,0.7266,14.4,WC-004
MFG-LINE-PLT-004-06,PLT-004,PRD-2024-SKU-03035,WO-2024-37108,0.6926535074877721,Medium,0.5836,70.7,WC-003
MFG-LINE-PLT-007-01,PLT-007,PRD-2024-SKU-08621,WO-2024-17448,0.04907001655963865,Low,0.6334,42.0,WC-006
MFG-LINE-PLT-008-02,PLT-008,PRD-2023-SKU-08753,WO-2023-76848,0.346857144148633,Low,0.7698,26.8,WC-005
MFG-LINE-PLT-004-03,PLT-004,PRD-2021-SKU-04283,WO-2021-84269,0.11595812051727067,Low,0.495,187.9,WC-005
MFG-LINE-PLT-009-01,PLT-009,PRD-2024-SKU-06318,WO-2024-36148,0.8190359768679146,High,0.5095,222.0,WC-001
MFG-LINE-PLT-004-06,PLT-004,PRD-2024-SKU-09369,WO-2024-45985,0.7740703304564395,High,0.5334,68.1,WC-002
MFG-LINE-PLT-010-03,PLT-010,PRD-2022-SKU-04877,WO-2022-63964,0.8066644755465451,High,0.4975,38.2,WC-010
MFG-LINE-PLT-009-02,PLT-009,PRD-2020-SKU-08417,WO-2020-20496,0.06405361737585673,Low,0.7486,29.5,WC-001
MFG-LINE-PLT-010-04,PLT-010,PRD-2023-SKU-05398,WO-2023-47136,0.48367192505579043,Medium,0.8841,2.9,WC-002
MFG-LINE-PLT-003-01,PLT-003,PRD-2023-SKU-09115,WO-2023-36667,0.6202546956786507,Medium,0.4351,188.3,WC-008
MFG-LINE-PLT-004-06,PLT-004,PRD-2021-SKU-05016,WO-2021-81608,0.5420136579406665,Medium,0.6716,66.1,WC-001
MFG-LINE-PLT-003-02,PLT-003,PRD-2024-SKU-09752,WO-2024-24599,0.2189182807632899,Low,0.4263,197.6,WC-001
MFG-LINE-PLT-003-02,PLT-003,PRD-2020-SKU-08594,WO-2020-44543,0.5446028425228848,Medium,0.6544,84.8,WC-001
MFG-LINE-PLT-006-01,PLT-006,PRD-2020-SKU-05476,WO-2020-29661,0.9837060388554273,High,0.6246,59.0,WC-012
MFG-LINE-PLT-001-02,PLT-001,PRD-2020-SKU-05441,WO-2020-79130,0.7608695346589749,High,0.7869,40.4,WC-005
MFG-LINE-PLT-004-07,PLT-004,PRD-2022-SKU-02167,WO-2022-37551,0.19295281136089132,Low,0.9632,76.5,WC-003
MFG-LINE-PLT-003-01,PLT-003,PRD-2021-SKU-04735,WO-2021-75936,0.14275378561551907,Low,0.7622,42.9,WC-012
MFG-LINE-PLT-005-04,PLT-005,PRD-2021-SKU-02714,WO-2021-12719,0.7015449204875075,High,0.4032,127.2,WC-001
MFG-LINE-PLT-010-04,PLT-010,PRD-2022-SKU-04730,WO-2022-41668,0.7295021112738264,High,0.7128,3.9,WC-001
MFG-LINE-PLT-004-04,PLT-004,PRD-2023-SKU-03043,WO-2023-02039,0.6778646684665107,Medium,0.6899,28.7,WC-002
MFG-LINE-PLT-003-02,PLT-003,PRD-2022-SKU-08122,WO-2022-41197,0.5604785091026934,Medium,0.6843,59.2,WC-001
MFG-LINE-PLT-002-04,PLT-002,PRD-2021-SKU-01320,WO-2021-76042,0.8668540485029995,High,0.8819,0.0,WC-002
MFG-LINE-PLT-005-05,PLT-005,PRD-2022-SKU-09022,WO-2022-33057,0.04033169037417309,Low,0.7147,16.7,WC-001
MFG-LINE-PLT-004-07,PLT-004,PRD-2020-SKU-01231,WO-2020-76588,0.46374704917774234,Medium,0.6113,85.4,WC-001
MFG-LINE-PLT-003-01,PLT-003,PRD-2022-SKU-09772,WO-2022-38310,0.485035147572379,Medium,0.4278,168.6,WC-009
MFG-LINE-PLT-005-01,PLT-005,PRD-2023-SKU-07094,WO-2023-14621,0.6277003130672306,Medium,0.6664,58.5,WC-001
MFG-LINE-PLT-007-01,PLT-007,PRD-2024-SKU-08782,WO-2024-68018,0.036891264822961435,Low,0.7341,19.0,WC-009
MFG-LINE-PLT-001-01,PLT-001,PRD-2023-SKU-08497,WO-2023-53059,0.0589166305633313,Low,0.5518,62.7,WC-007
MFG-LINE-PLT-004-06,PLT-004,PRD-2023-SKU-08407,WO-2023-34784,0.773986350537831,High,0.6221,51.7,WC-001
MFG-LINE-PLT-002-01,PLT-002,PRD-2023-SKU-05666,WO-2023-80655,0.07058437149387009,Low,0.7119,23.5,WC-002
MFG-LINE-PLT-008-01,PLT-008,PRD-2023-SKU-07225,WO-2023-96174,0.6068883694222064,Medium,0.8389,0.0,WC-003
MFG-LINE-PLT-009-01,PLT-009,PRD-2021-SKU-01245,WO-2021-57839,0.954185815376868,High,0.7657,22.8,WC-001
MFG-LINE-PLT-003-03,PLT-003,PRD-2022-SKU-01272,WO-2022-29418,0.022494106559862267,Low,0.6634,102.4,WC-002
MFG-LINE-PLT-002-02,PLT-002,PRD-2021-SKU-01131,WO-2021-99099,0.013879560239396306,Low,0.7752,0.0,WC-004
MFG-LINE-PLT-002-03,PLT-002,PRD-2022-SKU-07857,WO-2022-41263,0.29120508441363996,Low,0.2463,116.2,WC-004
MFG-LINE-PLT-004-02,PLT-004,PRD-2020-SKU-07551,WO-2020-71373,0.7726766453354958,High,0.8541,10.9,WC-002
MFG-LINE-PLT-010-03,PLT-010,PRD-2022-SKU-07296,WO-2022-63970,0.5082026518272127,Medium,0.5221,54.2,WC-002
MFG-LINE-PLT-004-04,PLT-004,PRD-2021-SKU-07494,WO-2021-25805,0.41910041522528807,Medium,0.7331,50.5,WC-002
MFG-LINE-PLT-003-03,PLT-003,PRD-2020-SKU-06478,WO-2020-24900,0.07875372256441125,Low,0.8524,12.5,WC-002
MFG-LINE-PLT-003-02,PLT-003,PRD-2023-SKU-09188,WO-2023-72218,0.23071988887087355,Low,0.6631,21.8,WC-001
MFG-LINE-PLT-010-04,PLT-010,PRD-2023-SKU-08752,WO-2023-17535,0.8538594260506058,High,0.5152,9.1,WC-006
MFG-LINE-PLT-001-02,PLT-001,PRD-2020-SKU-03188,WO-2020-19587,0.8344817890406666,High,0.8639,0.0,WC-005
MFG-LINE-PLT-004-03,PLT-004,PRD-2023-SKU-09602,WO-2023-19601,0.13690208485555178,Low,0.7311,0.0,WC-003
MFG-LINE-PLT-001-02,PLT-001,PRD-2020-SKU-01329,WO-2020-48391,0.8684678894118115,High,0.7983,20.7,WC-001
MFG-LINE-PLT-009-02,PLT-009,PRD-2024-SKU-08923,WO-2024-92388,0.35208011172701065,Low,0.6941,0.0,WC-003
MFG-LINE-PLT-004-02,PLT-004,PRD-2022-SKU-06108,WO-2022-12137,0.8160500487382398,High,0.834,0.0,WC-001
MFG-LINE-PLT-004-05,PLT-004,PRD-2020-SKU-08641,WO-2020-21225,0.513443294834153,Medium,0.7623,31.6,WC-006
MFG-LINE-PLT-006-02,PLT-006,PRD-2024-SKU-05297,WO-2024-74515,0.9469840909843535,High,0.477,211.54358579401315,WC-019
MFG-LINE-PLT-004-07,PLT-004,PRD-2024-SKU-01423,WO-2024-32291,0.14006087613431373,Low,0.67,67.8,WC-004
MFG-LINE-PLT-010-02,PLT-010,PRD-2024-SKU-03473,WO-2024-06938,0.6827361470972171,Medium,0.7283,9.8,WC-005
MFG-LINE-PLT-008-01,PLT-008,PRD-2021-SKU-01523,WO-2021-33664,0.6444911861493864,Medium,0.6255,106.4,WC-001
MFG-LINE-PLT-004-05,PLT-004,PRD-2022-SKU-08604,WO-2022-58464,0.5186149405650489,Medium,0.5155,143.3,WC-003
MFG-LINE-PLT-001-02,PLT-001,PRD-2020-SKU-02799,WO-2020-70076,0.8937259107982916,High,0.7071,12.5,WC-003
MFG-LINE-PLT-004-01,PLT-004,PRD-2021-SKU-08609,WO-2021-34747,0.13805430637589663,Low,0.6474,116.1,WC-007
MFG-LINE-PLT-005-06,PLT-005,PRD-2022-SKU-06073,WO-2022-43216,0.48594336392874526,Medium,0.6526,69.2,WC-008
MFG-LINE-PLT-010-02,PLT-010,PRD-2023-SKU-09396,WO-2023-66693,0.8436337290927942,High,0.1903,199.7,WC-002
MFG-LINE-PLT-007-01,PLT-007,PRD-2024-SKU-06529,WO-2024-51655,0.06110489680325318,Low,0.6818,10.1,WC-015
MFG-LINE-PLT-005-01,PLT-005,PRD-2022-SKU-05993,WO-2022-61634,0.5977128845051585,Medium,0.4555,116.3,WC-004
MFG-LINE-PLT-004-05,PLT-004,PRD-2022-SKU-09296,WO-2022-18923,0.18710668205350578,Low,0.5698,26.5,WC-009
MFG-LINE-PLT-007-01,PLT-007,PRD-2024-SKU-04586,WO-2024-33181,0.04658457637300909,Low,0.7342,28.4,WC-003
MFG-LINE-PLT-004-03,PLT-004,PRD-2022-SKU-02083,WO-2022-86898,0.09324947602554007,Low,0.574,163.5,WC-003
MFG-LINE-PLT-002-02,PLT-002,PRD-2020-SKU-09752,WO-2020-95540,0.014238004977478664,Low,0.6118,75.9,WC-008
MFG-LINE-PLT-003-05,PLT-003,PRD-2023-SKU-05478,WO-2023-73371,0.6708393703643831,Medium,0.8084,27.1,WC-002
MFG-LINE-PLT-002-02,PLT-002,PRD-2020-SKU-01617,WO-2020-94059,0.022807936507936506,Low,0.8188,31.3,WC-009
MFG-LINE-PLT-010-01,PLT-010,PRD-2022-SKU-09058,WO-2022-51224,0.5717499987163409,Medium,0.8678,13.8,WC-003
MFG-LINE-PLT-003-04,PLT-003,PRD-2020-SKU-03898,WO-2020-26746,0.17137551976886486,Low,0.6972,62.5,WC-003
MFG-LINE-PLT-002-01,PLT-002,PRD-2024-SKU-05591,WO-2024-54708,0.055895597259209756,Low,0.4416,116.8,WC-002
MFG-LINE-PLT-010-02,PLT-010,PRD-2023-SKU-02684,WO-2023-64201,0.9205920867126706,High,0.6309,4.1,WC-003
MFG-LINE-PLT-004-04,PLT-004,PRD-2021-SKU-04077,WO-2021-97587,0.32717887047606076,Low,0.9505,9.1,WC-002
MFG-LINE-PLT-005-03,PLT-005,PRD-2024-SKU-09925,WO-2024-36140,0.10675894216345767,Low,0.5178,157.7,WC-001
MFG-LINE-PLT-005-02,PLT-005,PRD-2024-SKU-08563,WO-2024-07330,0.7515278376335008,High,0.8338,0.0,WC-003
MFG-LINE-PLT-005-01,PLT-005,PRD-2021-SKU-02988,WO-2021-76091,0.26598554768158145,Low,0.6506,77.2,WC-001
MFG-LINE-PLT-002-04,PLT-002,PRD-2023-SKU-09399,WO-2023-76454,0.9413019114169421,High,0.3983,112.4,WC-003
MFG-LINE-PLT-005-04,PLT-005,PRD-2022-SKU-01582,WO-2022-51471,0.6619264348091624,Medium,0.6305,96.7,WC-003
MFG-LINE-PLT-005-03,PLT-005,PRD-2023-SKU-07096,WO-2023-35530,0.33823224409609703,Low,0.5998,105.9,WC-002
MFG-LINE-PLT-004-03,PLT-004,PRD-2020-SKU-07696,WO-2020-65553,0.09837286286582643,Low,0.3383,276.1155857393582,WC-004
MFG-LINE-PLT-005-01,PLT-005,PRD-2023-SKU-01574,WO-2023-71562,0.24387586666327812,Low,0.6618,70.1,WC-004
MFG-LINE-PLT-002-04,PLT-002,PRD-2022-SKU-09926,WO-2022-87838,0.9328648716112273,High,0.7617,39.6,WC-006
MFG-LINE-PLT-002-04,PLT-002,PRD-2021-SKU-01017,WO-2021-52300,0.9530160838919509,High,0.9004,27.7,WC-003
MFG-LINE-PLT-004-05,PLT-004,PRD-2022-SKU-05387,WO-2022-65692,0.5847348241156535,Medium,0.7094,26.5,WC-009
MFG-LINE-PLT-005-03,PLT-005,PRD-2022-SKU-07358,WO-2022-25839,0.04602286495716013,Low,0.4523,111.0,WC-001
MFG-LINE-PLT-010-03,PLT-010,PRD-2020-SKU-08837,WO-2020-57061,0.8276294894954633,High,0.558,0.0,WC-001
MFG-LINE-PLT-002-01,PLT-002,PRD-2021-SKU-02304,WO-2021-14566,0.10282487159341472,Low,0.4516,64.6,WC-002
MFG-LINE-PLT-006-01,PLT-006,PRD-2022-SKU-03565,WO-2022-73054,0.9470700164687511,High,0.7602,84.7,WC-007
MFG-LINE-PLT-007-01,PLT-007,PRD-2022-SKU-08699,WO-2022-43060,0.034464706244357414,Low,0.8801,12.7,WC-004
MFG-LINE-PLT-005-02,PLT-005,PRD-2023-SKU-05961,WO-2023-76127,0.6441184581202486,Medium,0.5443,82.6,WC-002
MFG-LINE-PLT-008-01,PLT-008,PRD-2022-SKU-04724,WO-2022-63608,0.6838564577194705,Medium,0.8154,0.0,WC-002
MFG-LINE-PLT-002-01,PLT-002,PRD-2024-SKU-04043,WO-2024-71020,0.11667057993583933,Low,0.1224,328.4,WC-001
MFG-LINE-PLT-003-05,PLT-003,PRD-2020-SKU-01456,WO-2020-65728,0.6572886790730534,Medium,0.4251,158.1,WC-002
MFG-LINE-PLT-004-06,PLT-004,PRD-2021-SKU-04613,WO-2021-98016,0.7211880060791377,High,0.5967,0.0,WC-002
MFG-LINE-PLT-001-01,PLT-001,PRD-2024-SKU-01392,WO-2024-92553,0.04105810755379591,Low,0.5124,22.5,WC-009
MFG-LINE-PLT-005-01,PLT-005,PRD-2022-SKU-04049,WO-2022-13917,0.762345422435126,High,0.4066,140.7,WC-004
MFG-LINE-PLT-004-02,PLT-004,PRD-2024-SKU-06214,WO-2024-48554,0.6842539072539352,Medium,0.8482,0.0,WC-002
MFG-LINE-PLT-005-05,PLT-005,PRD-2020-SKU-06209,WO-2020-40466,0.0363383137505938,Low,0.8497,23.4,WC-001
MFG-LINE-PLT-003-05,PLT-003,PRD-2022-SKU-06089,WO-2022-85989,0.8623573602733778,High,0.8568,0.0,WC-001
MFG-LINE-PLT-010-04,PLT-010,PRD-2020-SKU-02945,WO-2020-86190,0.5703151498642338,Medium,0.7019,20.8,WC-007
MFG-LINE-PLT-004-03,PLT-004,PRD-2020-SKU-01788,WO-2020-36722,0.19773674894982599,Low,0.5511,97.9,WC-001
MFG-LINE-PLT-006-02,PLT-006,PRD-2021-SKU-08861,WO-2021-90329,0.9993742368034471,High,0.668,90.3,WC-011
MFG-LINE-PLT-005-03,PLT-005,PRD-2024-SKU-08958,WO-2024-07020,0.13581294543395292,Low,0.9713,30.1,WC-002
MFG-LINE-PLT-004-04,PLT-004,PRD-2021-SKU-04555,WO-2021-88410,0.8721754057310076,High,0.4927,0.0,WC-001
MFG-LINE-PLT-010-03,PLT-010,PRD-2020-SKU-01480,WO-2020-99830,0.9542985486091894,High,0.6476,39.2,WC-009
MFG-LINE-PLT-005-04,PLT-005,PRD-2022-SKU-09187,WO-2022-07296,0.4638059174459994,Medium,0.6614,51.4,WC-002
MFG-LINE-PLT-003-04,PLT-003,PRD-2022-SKU-03179,WO-2022-07706,0.12827270859714762,Low,0.9363,9.8,WC-007
MFG-LINE-PLT-003-04,PLT-003,PRD-2022-SKU-01368,WO-2022-80908,0.16486377209837882,Low,0.7339,76.8,WC-005
MFG-LINE-PLT-004-05,PLT-004,PRD-2020-SKU-01440,WO-2020-06528,0.22539077790116482,Low,0.7516,6.7,WC-003
MFG-LINE-PLT-002-01,PLT-002,PRD-2022-SKU-03161,WO-2022-88181,0.14633087810749482,Low,0.5683,106.9,WC-002
MFG-LINE-PLT-004-02,PLT-004,PRD-2022-SKU-09245,WO-2022-87814,0.8143066446291611,High,0.7543,7.4,WC-002
MFG-LINE-PLT-004-03,PLT-004,PRD-2024-SKU-06185,WO-2024-13002,0.08895445681117473,Low,0.6863,105.3,WC-001
MFG-LINE-PLT-003-03,PLT-003,PRD-2022-SKU-03415,WO-2022-80514,0.29211730122806273,Low,0.5477,134.2,WC-002
MFG-LINE-PLT-007-02,PLT-007,PRD-2023-SKU-06526,WO-2023-36750,0.7794783677549921,High,0.3649,140.2,WC-001
MFG-LINE-PLT-004-07,PLT-004,PRD-2023-SKU-05924,WO-2023-32935,0.205114491276882,Low,0.6493,20.8,WC-003
MFG-LINE-PLT-005-01,PLT-005,PRD-2021-SKU-04478,WO-2021-29108,0.2942546696320453,Low,0.6434,57.4,WC-002
MFG-LINE-PLT-005-05,PLT-005,PRD-2021-SKU-04055,WO-2021-69637,0.020480418926394586,Low,0.8173,29.7,WC-002
MFG-LINE-PLT-010-03,PLT-010,PRD-2024-SKU-08276,WO-2024-93101,0.8954873099138619,High,0.2141,147.4,WC-010
MFG-LINE-PLT-005-03,PLT-005,PRD-2020-SKU-03366,WO-2020-27087,0.12260468345744405,Low,0.2414,208.2,WC-001
MFG-LINE-PLT-005-04,PLT-005,PRD-2022-SKU-08058,WO-2022-22129,0.757253069808995,High,0.7726,56.5,WC-001
MFG-LINE-PLT-004-05,PLT-004,PRD-2023-SKU-02388,WO-2023-87080,0.5639667033865463,Medium,0.5271,33.5,WC-008
MFG-LINE-PLT-005-04,PLT-005,PRD-2022-SKU-08675,WO-2022-72462,0.3824033953748996,Low,0.708,27.2,WC-004
MFG-LINE-PLT-007-02,PLT-007,PRD-2021-SKU-03142,WO-2021-42388,0.761033791059077,High,0.6898,44.3,WC-001
MFG-LINE-PLT-007-02,PLT-007,PRD-2024-SKU-05564,WO-2024-89830,0.7993707639137202,High,0.6084,11.1,WC-001
MFG-LINE-PLT-010-04,PLT-010,PRD-2020-SKU-08024,WO-2020-64126,0.4901891446195884,Medium,0.5331,43.4,WC-004
MFG-LINE-PLT-008-02,PLT-008,PRD-2020-SKU-05594,WO-2020-41735,0.7258136104146541,High,0.8035,22.6,WC-003
MFG-LINE-PLT-003-02,PLT-003,PRD-2023-SKU-09942,WO-2023-18984,0.14490193624219105,Low,0.4961,93.1,WC-001
MFG-LINE-PLT-004-05,PLT-004,PRD-2022-SKU-07469,WO-2022-64099,0.1986776312301626,Low,0.9112,0.0,WC-005
MFG-LINE-PLT-010-03,PLT-010,PRD-2020-SKU-01165,WO-2020-86770,0.888368577397254,High,0.6861,6.2,WC-005
MFG-LINE-PLT-005-03,PLT-005,PRD-2024-SKU-09750,WO-2024-58752,0.07090099542885318,Low,0.4493,60.8,WC-002
MFG-LINE-PLT-004-05,PLT-004,PRD-2021-SKU-04498,WO-2021-63363,0.2288781462350058,Low,0.7177,0.0,WC-002
MFG-LINE-PLT-003-04,PLT-003,PRD-2021-SKU-02278,WO-2021-13150,0.3974111298700254,Low,0.574,128.8,WC-004
MFG-LINE-PLT-005-05,PLT-005,PRD-2022-SKU-06137,WO-2022-80689,0.054589895788228544,Low,0.3706,127.4,WC-001
MFG-LINE-PLT-003-05,PLT-003,PRD-2024-SKU-09707,WO-2024-59334,0.8272886176666147,High,0.7819,52.3,WC-003
MFG-LINE-PLT-005-02,PLT-005,PRD-2022-SKU-09568,WO-2022-50173,0.5467898808283819,Medium,0.5618,138.8,WC-006
MFG-LINE-PLT-003-03,PLT-003,PRD-2024-SKU-04683,WO-2024-46816,0.044306682899428365,Low,0.7526,43.8,WC-003
MFG-LINE-PLT-004-07,PLT-004,PRD-2021-SKU-02714,WO-2021-94169,0.08503646870764485,Low,0.7836,36.0,WC-002
MFG-LINE-PLT-004-05,PLT-004,PRD-2022-SKU-01123,WO-2022-38391,0.25942711163318016,Low,0.7411,28.2,WC-009
MFG-LINE-PLT-005-05,PLT-005,PRD-2024-SKU-01296,WO-2024-15752,0.061978371040982916,Low,0.8866,25.7,WC-003
MFG-LINE-PLT-010-03,PLT-010,PRD-2020-SKU-05535,WO-2020-20159,0.8016955481428844,High,0.4168,112.6,WC-004
MFG-LINE-PLT-002-02,PLT-002,PRD-2020-SKU-01487,WO-2020-02125,0.006146583850931676,Low,0.8578,22.5,WC-003
MFG-LINE-PLT-005-04,PLT-005,PRD-2023-SKU-06651,WO-2023-22294,0.46340730992249485,Medium,0.7055,42.9,WC-001
MFG-LINE-PLT-010-03,PLT-010,PRD-2022-SKU-05796,WO-2022-80004,0.9563391598602295,High,0.6777,61.8,WC-008
MFG-LINE-PLT-002-01,PLT-002,PRD-2022-SKU-02753,WO-2022-26124,0.018947062478871655,Low,0.5514,106.5,WC-001
MFG-LINE-PLT-004-07,PLT-004,PRD-2023-SKU-04811,WO-2023-64319,0.10599400205340832,Low,0.7799,60.8,WC-001
MFG-LINE-PLT-004-02,PLT-004,PRD-2022-SKU-04742,WO-2022-49827,0.5880935975049478,Medium,0.6015,100.5,WC-001
MFG-LINE-PLT-003-01,PLT-003,PRD-2021-SKU-05994,WO-2021-67730,0.6186969082888268,Medium,0.6198,59.0,WC-010
MFG-LINE-PLT-003-02,PLT-003,PRD-2022-SKU-09473,WO-2022-86019,0.24618444529028846,Low,0.6782,68.6,WC-001
MFG-LINE-PLT-010-01,PLT-010,PRD-2024-SKU-09601,WO-2024-97016,0.4550832972556922,Medium,0.5461,98.3,WC-001
MFG-LINE-PLT-003-04,PLT-003,PRD-2021-SKU-04720,WO-2021-12422,0.20433025040255434,Low,0.7956,0.0,WC-007
MFG-LINE-PLT-007-01,PLT-007,PRD-2020-SKU-06239,WO-2020-86109,0.04555856982910506,Low,0.8411,11.0,WC-010
MFG-LINE-PLT-003-02,PLT-003,PRD-2021-SKU-02150,WO-2021-30852,0.25640252257061735,Low,0.6066,108.3,WC-001
MFG-LINE-PLT-003-03,PLT-003,PRD-2022-SKU-08086,WO-2022-52430,0.059432936651360534,Low,0.9496,4.4,WC-001
MFG-LINE-PLT-009-02,PLT-009,PRD-2024-SKU-07197,WO-2024-15312,0.06962941298451009,Low,0.6739,36.3,WC-003
MFG-LINE-PLT-010-01,PLT-010,PRD-2022-SKU-07001,WO-2022-34758,0.39542842937191164,Low,0.3935,139.1,WC-003
MFG-LINE-PLT-004-04,PLT-004,PRD-2024-SKU-09873,WO-2024-81971,0.3946045689008231,Low,0.6907,17.9,WC-002
MFG-LINE-PLT-001-02,PLT-001,PRD-2021-SKU-01735,WO-2021-97098,0.7817527052061931,High,0.6771,37.5,WC-005
MFG-LINE-PLT-004-01,PLT-004,PRD-2020-SKU-01819,WO-2020-00560,0.1618232401833456,Low,0.6142,125.3,WC-007
MFG-LINE-PLT-010-01,PLT-010,PRD-2024-SKU-09351,WO-2024-78382,0.44276813551955835,Medium,0.671,41.2,WC-002
MFG-LINE-PLT-010-04,PLT-010,PRD-2024-SKU-03399,WO-2024-27774,0.8718738959965863,High,0.8085,36.2,WC-008
MFG-LINE-PLT-008-02,PLT-008,PRD-2022-SKU-03666,WO-2022-00909,0.3238131301607005,Low,0.5955,5.4,WC-006
MFG-LINE-PLT-009-02,PLT-009,PRD-2021-SKU-01363,WO-2021-91310,0.10283546995337284,Low,0.7884,15.5,WC-003
MFG-LINE-PLT-007-02,PLT-007,PRD-2023-SKU-05863,WO-2023-64065,0.44231626895107773,Medium,0.6539,90.3,WC-002
MFG-LINE-PLT-004-04,PLT-004,PRD-2022-SKU-07237,WO-2022-00858,0.6601374822655721,Medium,0.4892,181.1,WC-001
MFG-LINE-PLT-009-02,PLT-009,PRD-2020-SKU-08454,WO-2020-00118,0.06677710167554138,Low,0.5581,127.5,WC-003
MFG-LINE-PLT-010-03,PLT-010,PRD-2021-SKU-04812,WO-2021-77657,0.9539032489211353,High,0.6536,43.5,WC-007
MFG-LINE-PLT-010-01,PLT-010,PRD-2020-SKU-01163,WO-2020-06561,0.7147694735049318,High,0.6543,51.2,WC-001
MFG-LINE-PLT-010-01,PLT-010,PRD-2024-SKU-05282,WO-2024-50326,0.28292625051613984,Low,0.7318,59.3,WC-003
MFG-LINE-PLT-005-05,PLT-005,PRD-2024-SKU-09151,WO-2024-11728,0.032281348842776884,Low,0.4941,43.6,WC-002
MFG-LINE-PLT-004-04,PLT-004,PRD-2020-SKU-05923,WO-2020-76747,0.6601398456240813,Medium,0.6685,50.4,WC-001
MFG-LINE-PLT-005-02,PLT-005,PRD-2020-SKU-04846,WO-2020-80809,0.7897015202026142,High,0.9068,0.0,WC-004
MFG-LINE-PLT-009-01,PLT-009,PRD-2023-SKU-04835,WO-2023-04408,0.8330703433952924,High,0.462,41.2,WC-007
MFG-LINE-PLT-003-01,PLT-003,PRD-2024-SKU-02312,WO-2024-25349,0.6865446378121933,Medium,0.4251,83.2,WC-002
MFG-LINE-PLT-008-02,PLT-008,PRD-2023-SKU-04461,WO-2023-75173,0.6419473288349594,Medium,0.4679,29.1,WC-002
MFG-LINE-PLT-001-02,PLT-001,PRD-2023-SKU-06732,WO-2023-31318,0.8980462089427262,High,0.7782,9.1,WC-003
MFG-LINE-PLT-002-01,PLT-002,PRD-2020-SKU-02240,WO-2020-65150,0.09595734004567846,Low,0.5715,104.1,WC-001
MFG-LINE-PLT-004-01,PLT-004,PRD-2020-SKU-05787,WO-2020-28486,0.10368511618698313,Low,0.631,85.8,WC-008
MFG-LINE-PLT-006-01,PLT-006,PRD-2024-SKU-09562,WO-2024-91618,0.9084271123289641,High,0.7503,12.5,WC-012
MFG-LINE-PLT-002-03,PLT-002,PRD-2020-SKU-01591,WO-2020-02572,0.25570460706776055,Low,0.4619,70.0,WC-003
MFG-LINE-PLT-001-02,PLT-001,PRD-2021-SKU-07379,WO-2021-52433,0.7065371530217628,High,0.5911,110.8,WC-005
MFG-LINE-PLT-002-02,PLT-002,PRD-2022-SKU-08899,WO-2022-54760,0.01412828282828283,Low,0.6537,51.6,WC-009
MFG-LINE-PLT-005-04,PLT-005,PRD-2023-SKU-08275,WO-2023-44587,0.7990098393244721,High,0.775,42.3,WC-004
MFG-LINE-PLT-002-01,PLT-002,PRD-2021-SKU-08579,WO-2021-84578,0.10898013765339343,Low,0.3143,164.0,WC-001
MFG-LINE-PLT-010-03,PLT-010,PRD-2020-SKU-01696,WO-2020-15316,0.9455992149552445,High,0.8123,22.8,WC-007
MFG-LINE-PLT-002-02,PLT-002,PRD-2020-SKU-09691,WO-2020-49536,0.05333304473304473,Low,0.6025,53.5,WC-007
MFG-LINE-PLT-002-01,PLT-002,PRD-2020-SKU-06478,WO-2020-68648,0.050719190365070096,Low,0.4333,50.7,WC-001
MFG-LINE-PLT-002-04,PLT-002,PRD-2023-SKU-03646,WO-2023-59877,0.922166892428082,High,0.5681,107.8,WC-002
MFG-LINE-PLT-002-01,PLT-002,PRD-2020-SKU-05530,WO-2020-51459,0.0740224836128204,Low,0.3655,151.5446883660733,WC-001
MFG-LINE-PLT-010-03,PLT-010,PRD-2023-SKU-04398,WO-2023-61082,0.9783904622712246,High,0.613,90.5,WC-008
MFG-LINE-PLT-005-05,PLT-005,PRD-2024-SKU-03259,WO-2024-91135,0.017003322571100755,Low,0.7214,10.2,WC-001
MFG-LINE-PLT-005-06,PLT-005,PRD-2023-SKU-02641,WO-2023-52881,0.2690588875509972,Low,0.6909,14.5,WC-007
MFG-LINE-PLT-005-04,PLT-005,PRD-2020-SKU-08004,WO-2020-31299,0.6784218862139864,Medium,0.7178,108.8,WC-004
MFG-LINE-PLT-005-04,PLT-005,PRD-2021-SKU-02511,WO-2021-38111,0.7200197368262857,High,0.7038,66.9,WC-001
MFG-LINE-PLT-003-02,PLT-003,PRD-2020-SKU-01672,WO-2020-05707,0.5445522011956871,Medium,0.711,35.5,WC-001
MFG-LINE-PLT-007-02,PLT-007,PRD-2021-SKU-07867,WO-2021-96556,0.8017744697083488,High,0.4424,61.9,WC-002
MFG-LINE-PLT-004-03,PLT-004,PRD-2023-SKU-03169,WO-2023-26872,0.10939192832593651,Low,0.5477,132.4,WC-003
MFG-LINE-PLT-005-03,PLT-005,PRD-2020-SKU-04123,WO-2020-70974,0.05529276403960333,Low,0.6498,116.0,WC-001
MFG-LINE-PLT-010-01,PLT-010,PRD-2020-SKU-08090,WO-2020-37223,0.5643982871650366,Medium,0.3488,203.1,WC-001
MFG-LINE-PLT-007-01,PLT-007,PRD-2020-SKU-02487,WO-2020-60354,0.03522034067677174,Low,0.7718,50.5,WC-010
MFG-LINE-PLT-010-01,PLT-010,PRD-2021-SKU-01960,WO-2021-67897,0.23389365245095325,Low,0.7717,26.3,WC-001
MFG-LINE-PLT-003-04,PLT-003,PRD-2024-SKU-03605,WO-2024-42613,0.24661532943007353,Low,0.7142,42.9,WC-005
MFG-LINE-PLT-005-02,PLT-005,PRD-2022-SKU-07144,WO-2022-02754,0.7029476369246875,High,0.7653,49.8,WC-004
MFG-LINE-PLT-005-05,PLT-005,PRD-2024-SKU-04724,WO-2024-68330,0.024510629335497247,Low,0.714,35.0,WC-001
MFG-LINE-PLT-007-02,PLT-007,PRD-2022-SKU-03813,WO-2022-49470,0.7935600077537229,High,0.6716,32.4,WC-001
MFG-LINE-PLT-004-04,PLT-004,PRD-2021-SKU-04595,WO-2021-53512,0.5838936083069303,Medium,0.5231,90.0,WC-001
MFG-LINE-PLT-002-02,PLT-002,PRD-2024-SKU-08275,WO-2024-49886,0.010433333333333333,Low,0.829,34.1,WC-007
MFG-LINE-PLT-004-04,PLT-004,PRD-2022-SKU-09800,WO-2022-17513,0.761889440298033,High,0.3917,85.7,WC-001
MFG-LINE-PLT-004-07,PLT-004,PRD-2022-SKU-01729,WO-2022-62903,0.03345254176273766,Low,0.7581,58.5,WC-003
MFG-LINE-PLT-001-01,PLT-001,PRD-2020-SKU-08477,WO-2020-68578,0.04533084401267115,Low,0.6446,16.0,WC-002
MFG-LINE-PLT-001-02,PLT-001,PRD-2023-SKU-02921,WO-2023-61835,0.8255567904861332,High,0.5979,8.4,WC-001
MFG-LINE-PLT-005-03,PLT-005,PRD-2020-SKU-07540,WO-2020-56463,0.06777465788252444,Low,0.7878,49.0,WC-001
MFG-LINE-PLT-005-05,PLT-005,PRD-2022-SKU-04756,WO-2022-83762,0.039037802496295015,Low,0.7069,4.8,WC-002
MFG-LINE-PLT-007-02,PLT-007,PRD-2023-SKU-05030,WO-2023-50264,0.2788754535067627,Low,0.5844,118.2,WC-001
MFG-LINE-PLT-004-02,PLT-004,PRD-2024-SKU-09906,WO-2024-81742,0.671744762498582,Medium,0.5882,86.4,WC-001
MFG-LINE-PLT-004-01,PLT-004,PRD-2024-SKU-07247,WO-2024-26814,0.2998234953617032,Low,0.6248,103.4,WC-001
MFG-LINE-PLT-004-05,PLT-004,PRD-2024-SKU-09090,WO-2024-21985,0.4911660405406664,Medium,0.8334,0.0,WC-006
MFG-LINE-PLT-002-03,PLT-002,PRD-2023-SKU-08977,WO-2023-89086,0.5160186965928456,Medium,0.6829,31.8,WC-006
MFG-LINE-PLT-003-05,PLT-003,PRD-2020-SKU-09238,WO-2020-10817,0.7667287049353892,High,0.638,82.1,WC-004
MFG-LINE-PLT-004-05,PLT-004,PRD-2024-SKU-02195,WO-2024-50046,0.3255157159169545,Low,0.622,31.6,WC-001
MFG-LINE-PLT-010-01,PLT-010,PRD-2020-SKU-08687,WO-2020-55019,0.21368010479214067,Low,0.8324,21.4,WC-002
MFG-LINE-PLT-002-03,PLT-002,PRD-2021-SKU-02068,WO-2021-25916,0.23995284393801372,Low,0.5987,69.4,WC-006
MFG-LINE-PLT-003-03,PLT-003,PRD-2021-SKU-06887,WO-2021-89294,0.06559588507679055,Low,0.7043,90.6,WC-001
MFG-LINE-PLT-005-06,PLT-005,PRD-2024-SKU-07062,WO-2024-37791,0.2638628418406301,Low,0.5872,55.5,WC-003
MFG-LINE-PLT-004-05,PLT-004,PRD-2021-SKU-05986,WO-2021-30632,0.49415281630901225,Medium,0.7002,83.1,WC-005
MFG-LINE-PLT-004-01,PLT-004,PRD-2023-SKU-09697,WO-2023-59987,0.26290737332467534,Low,0.5461,110.3,WC-009
MFG-LINE-PLT-010-02,PLT-010,PRD-2024-SKU-06106,WO-2024-19537,0.35575261531798985,Low,0.8403,22.5,WC-004
MFG-LINE-PLT-005-06,PLT-005,PRD-2023-SKU-01776,WO-2023-80055,0.22069912273488876,Low,0.6468,61.8,WC-002
MFG-LINE-PLT-001-01,PLT-001,PRD-2020-SKU-07321,WO-2020-52968,0.0382908539173245,Low,0.8122,0.0,WC-007
MFG-LINE-PLT-006-01,PLT-006,PRD-2024-SKU-06624,WO-2024-32124,0.9395378493333696,High,0.6194,140.0,WC-006
MFG-LINE-PLT-002-01,PLT-002,PRD-2021-SKU-06536,WO-2021-33016,0.09235408676635327,Low,0.7734,54.5,WC-002
MFG-LINE-PLT-004-06,PLT-004,PRD-2020-SKU-06026,WO-2020-65507,0.6694349201290998,Medium,0.5426,10.2,WC-003
MFG-LINE-PLT-001-01,PLT-001,PRD-2021-SKU-06367,WO-2021-62158,0.04975275511340411,Low,0.7643,41.4,WC-003
MFG-LINE-PLT-004-03,PLT-004,PRD-2022-SKU-01937,WO-2022-73985,0.17770406474856426,Low,0.4364,41.4,WC-004
MFG-LINE-PLT-010-01,PLT-010,PRD-2024-SKU-07483,WO-2024-56656,0.5371189499885732,Medium,0.7782,51.9,WC-001
MFG-LINE-PLT-007-01,PLT-007,PRD-2021-SKU-08264,WO-2021-73086,0.04417135405403861,Low,0.681,39.2,WC-009
MFG-LINE-PLT-003-04,PLT-003,PRD-2023-SKU-03036,WO-2023-83157,0.28056886969240263,Low,0.4963,122.8,WC-008
MFG-LINE-PLT-010-04,PLT-010,PRD-2022-SKU-04275,WO-2022-84536,0.7560636964907018,High,0.5398,100.8,WC-008
MFG-LINE-PLT-001-02,PLT-001,PRD-2020-SKU-03089,WO-2020-99571,0.8520334258262073,High,0.6178,74.9,WC-003
MFG-LINE-PLT-005-05,PLT-005,PRD-2020-SKU-07623,WO-2020-08732,0.028619080724988744,Low,0.4767,46.8,WC-003
MFG-LINE-PLT-002-01,PLT-002,PRD-2020-SKU-07203,WO-2020-28837,0.06343736002365184,Low,0.6069,83.3,WC-001
MFG-LINE-PLT-001-01,PLT-001,PRD-2023-SKU-09417,WO-2023-61539,0.02036217449519194,Low,0.8164,36.4,WC-008
MFG-LINE-PLT-003-01,PLT-003,PRD-2020-SKU-04064,WO-2020-89530,0.42910929140012466,Medium,0.6607,24.9,WC-004
MFG-LINE-PLT-004-03,PLT-004,PRD-2022-SKU-05043,WO-2022-00971,0.19156551163134666,Low,0.5644,138.1,WC-001
MFG-LINE-PLT-008-01,PLT-008,PRD-2020-SKU-06576,WO-2020-70665,0.2340173350827193,Low,0.3866,234.8,WC-003
MFG-LINE-PLT-005-02,PLT-005,PRD-2022-SKU-06317,WO-2022-68091,0.3844525084854096,Low,0.6375,25.1,WC-002
MFG-LINE-PLT-005-06,PLT-005,PRD-2023-SKU-04996,WO-2023-61167,0.22623365847190896,Low,0.7251,45.5,WC-009
MFG-LINE-PLT-008-01,PLT-008,PRD-2021-SKU-08224,WO-2021-32211,0.40166122866418585,Medium,0.8795,0.0,WC-002
MFG-LINE-PLT-004-05,PLT-004,PRD-2023-SKU-08854,WO-2023-53128,0.10137184050843646,Low,0.8178,39.8,WC-006
MFG-LINE-PLT-005-03,PLT-005,PRD-2024-SKU-01502,WO-2024-50859,0.05277713236894921,Low,0.5185,125.6,WC-002
MFG-LINE-PLT-005-05,PLT-005,PRD-2022-SKU-02293,WO-2022-63525,0.011109592667142737,Low,0.7909,16.8,WC-001
MFG-LINE-PLT-009-01,PLT-009,PRD-2022-SKU-03499,WO-2022-57053,0.5895075724153273,Medium,0.6328,34.9,WC-001
MFG-LINE-PLT-010-01,PLT-010,PRD-2020-SKU-06826,WO-2020-55961,0.5029142722526139,Medium,0.7058,24.5,WC-004
MFG-LINE-PLT-004-07,PLT-004,PRD-2021-SKU-06845,WO-2021-90852,0.14085458115454927,Low,0.3899,127.3,WC-003
MFG-LINE-PLT-003-03,PLT-003,PRD-2022-SKU-07707,WO-2022-12358,0.019053603437013584,Low,0.6135,51.2,WC-002
MFG-LINE-PLT-004-06,PLT-004,PRD-2022-SKU-05783,WO-2022-24314,0.5877802335840234,Medium,0.5138,122.8,WC-003
MFG-LINE-PLT-010-03,PLT-010,PRD-2023-SKU-05769,WO-2023-10015,0.8839189627162956,High,0.5032,75.7,WC-002
MFG-LINE-PLT-005-04,PLT-005,PRD-2022-SKU-01923,WO-2022-47102,0.7224227486775078,High,0.6377,100.5,WC-001
MFG-LINE-PLT-010-02,PLT-010,PRD-2020-SKU-05381,WO-2020-21435,0.7401473710207309,High,0.8179,32.0,WC-003
MFG-LINE-PLT-010-01,PLT-010,PRD-2023-SKU-06790,WO-2023-74226,0.4231789818490161,Medium,0.6623,49.4,WC-002
MFG-LINE-PLT-005-05,PLT-005,PRD-2020-SKU-08251,WO-2020-39919,0.04706718675686383,Low,0.7613,45.0,WC-001
MFG-LINE-PLT-001-01,PLT-001,PRD-2022-SKU-08769,WO-2022-90534,0.08559701055184869,Low,0.6831,6.6,WC-001
MFG-LINE-PLT-005-06,PLT-005,PRD-2021-SKU-05933,WO-2021-79820,0.4711535507549256,Medium,0.3023,187.1,WC-004
MFG-LINE-PLT-004-07,PLT-004,PRD-2020-SKU-02138,WO-2020-69874,0.20576899760153852,Low,0.5602,96.6,WC-003
MFG-LINE-PLT-005-06,PLT-005,PRD-2024-SKU-04602,WO-2024-56908,0.1376029184243036,Low,0.5096,104.6,WC-003
MFG-LINE-PLT-003-03,PLT-003,PRD-2023-SKU-07846,WO-2023-40021,0.06737036304553064,Low,0.5893,96.8,WC-003
MFG-LINE-PLT-005-06,PLT-005,PRD-2024-SKU-09757,WO-2024-49977,0.2626468650531382,Low,0.7779,81.9,WC-005
MFG-LINE-PLT-008-02,PLT-008,PRD-2023-SKU-08761,WO-2023-03404,0.667712094634549,Medium,0.6043,86.9,WC-001
MFG-LINE-PLT-005-05,PLT-005,PRD-2020-SKU-06091,WO-2020-70273,0.02959814164794773,Low,0.6986,55.7,WC-003
MFG-LINE-PLT-004-05,PLT-004,PRD-2024-SKU-08494,WO-2024-21029,0.30426434261297897,Low,0.8005,4.2,WC-003
MFG-LINE-PLT-010-03,PLT-010,PRD-2024-SKU-04209,WO-2024-58856,0.779694539704778,High,0.4305,52.6,WC-009
MFG-LINE-PLT-008-02,PLT-008,PRD-2021-SKU-01678,WO-2021-21537,0.5135805117951453,Medium,0.7122,57.8,WC-001
MFG-LINE-PLT-002-01,PLT-002,PRD-2020-SKU-04107,WO-2020-95000,0.08540225019120432,Low,0.7646,33.4,WC-002
MFG-LINE-PLT-005-06,PLT-005,PRD-2020-SKU-08474,WO-2020-24577,0.21570256032067572,Low,0.3183,124.2,WC-009
MFG-LINE-PLT-006-02,PLT-006,PRD-2021-SKU-02852,WO-2021-67568,0.9880595577577632,High,0.8996,8.0,WC-002
MFG-LINE-PLT-004-03,PLT-004,PRD-2024-SKU-02167,WO-2024-53979,0.12950822972692755,Low,0.5812,99.1,WC-005
MFG-LINE-PLT-004-07,PLT-004,PRD-2021-SKU-08235,WO-2021-57888,0.10414267538725976,Low,0.7751,46.5,WC-004
MFG-LINE-PLT-005-04,PLT-005,PRD-2020-SKU-07249,WO-2020-04180,0.712064699745401,High,0.8249,17.8,WC-001
MFG-LINE-PLT-001-01,PLT-001,PRD-2021-SKU-03318,WO-2021-08935,0.030879959256429845,Low,0.6971,65.6,WC-005
MFG-LINE-PLT-003-05,PLT-003,PRD-2024-SKU-08359,WO-2024-81667,0.4762897600162784,Medium,0.842,53.1,WC-005
MFG-LINE-PLT-004-02,PLT-004,PRD-2024-SKU-07019,WO-2024-14678,0.3680052475647978,Low,0.8723,13.6,WC-002
MFG-LINE-PLT-002-04,PLT-002,PRD-2023-SKU-08867,WO-2023-23470,0.9396613077900731,High,0.6479,95.2,WC-005
MFG-LINE-PLT-004-02,PLT-004,PRD-2022-SKU-07434,WO-2022-81139,0.6400602380759501,Medium,0.9291,26.7,WC-001
MFG-LINE-PLT-004-05,PLT-004,PRD-2023-SKU-08409,WO-2023-04782,0.25574977645428215,Low,0.6913,30.2,WC-009
MFG-LINE-PLT-002-02,PLT-002,PRD-2023-SKU-03265,WO-2023-70697,0.22222380952380952,Low,0.6203,80.9,WC-009
MFG-LINE-PLT-003-01,PLT-003,PRD-2020-SKU-03804,WO-2020-18158,0.3198164039476103,Low,0.6544,96.7,WC-010
MFG-LINE-PLT-009-01,PLT-009,PRD-2021-SKU-04029,WO-2021-91740,0.9183092633605929,High,0.4602,132.6,WC-006
MFG-LINE-PLT-005-05,PLT-005,PRD-2023-SKU-08620,WO-2023-53488,0.03329130756078012,Low,0.5251,43.3,WC-002
MFG-LINE-PLT-007-02,PLT-007,PRD-2021-SKU-06129,WO-2021-19084,0.44481745037749293,Medium,0.5542,136.2,WC-002
MFG-LINE-PLT-004-06,PLT-004,PRD-2021-SKU-04683,WO-2021-98008,0.3736932067016632,Low,0.9955,0.0,WC-001
MFG-LINE-PLT-008-02,PLT-008,PRD-2022-SKU-05445,WO-2022-46178,0.4818217025959607,Medium,0.7979,47.6,WC-003
MFG-LINE-PLT-001-01,PLT-001,PRD-2020-SKU-06268,WO-2020-56295,0.009672614478146851,Low,0.772,70.1,WC-007
MFG-LINE-PLT-001-02,PLT-001,PRD-2022-SKU-07302,WO-2022-04273,0.8574565476495988,High,0.7865,21.8,WC-004
MFG-LINE-PLT-004-04,PLT-004,PRD-2020-SKU-09770,WO-2020-34656,0.7446257514135424,High,0.7092,26.3,WC-002
MFG-LINE-PLT-006-01,PLT-006,PRD-2024-SKU-03862,WO-2024-36592,0.9603157572652047,High,0.4768,140.9,WC-008
MFG-LINE-PLT-007-01,PLT-007,PRD-2023-SKU-02693,WO-2023-42421,0.09208103334652161,Low,0.6208,58.5,WC-006
MFG-LINE-PLT-002-04,PLT-002,PRD-2021-SKU-05369,WO-2021-71139,0.9619678420754201,High,0.7184,49.0,WC-003
MFG-LINE-PLT-010-01,PLT-010,PRD-2023-SKU-06558,WO-2023-19350,0.27108386063457446,Low,0.749,34.8,WC-003
MFG-LINE-PLT-005-06,PLT-005,PRD-2020-SKU-05266,WO-2020-07048,0.1751951305528443,Low,0.6822,84.0,WC-008
MFG-LINE-PLT-001-01,PLT-001,PRD-2020-SKU-03733,WO-2020-41674,0.043502794985812415,Low,0.7564,75.9,WC-004
MFG-LINE-PLT-002-02,PLT-002,PRD-2024-SKU-09263,WO-2024-19172,0.03153301089502087,Low,0.7458,8.1,WC-004
MFG-LINE-PLT-004-01,PLT-004,PRD-2022-SKU-02888,WO-2022-65598,0.22605074882515144,Low,0.5086,49.4,WC-008
MFG-LINE-PLT-001-01,PLT-001,PRD-2023-SKU-05107,WO-2023-65932,0.00975528393175452,Low,0.7405,76.7,WC-002
MFG-LINE-PLT-009-02,PLT-009,PRD-2022-SKU-07169,WO-2022-80609,0.042718613437799494,Low,0.6238,44.8,WC-001
MFG-LINE-PLT-007-02,PLT-007,PRD-2023-SKU-05252,WO-2023-34075,0.8484268761480265,High,0.4951,44.3,WC-001
MFG-LINE-PLT-005-01,PLT-005,PRD-2024-SKU-09343,WO-2024-09171,0.3164587125380251,Low,0.6411,98.5,WC-003
MFG-LINE-PLT-002-02,PLT-002,PRD-2022-SKU-02665,WO-2022-17749,0.022881328320802006,Low,0.6547,28.2,WC-006
MFG-LINE-PLT-006-02,PLT-006,PRD-2022-SKU-03562,WO-2022-37645,0.9583265267850466,High,0.5851,78.5,WC-019
MFG-LINE-PLT-002-01,PLT-002,PRD-2020-SKU-06743,WO-2020-25300,0.04337419064551497,Low,0.6236,92.6,WC-002
MFG-LINE-PLT-005-03,PLT-005,PRD-2022-SKU-08148,WO-2022-18401,0.11641070612024774,Low,0.5017,190.9,WC-002
MFG-LINE-PLT-001-01,PLT-001,PRD-2023-SKU-09204,WO-2023-12835,0.028822955934425017,Low,0.6228,30.6,WC-001
MFG-LINE-PLT-002-03,PLT-002,PRD-2020-SKU-07849,WO-2020-19300,0.24554050849427153,Low,0.6848,59.3,WC-006
MFG-LINE-PLT-004-01,PLT-004,PRD-2021-SKU-07398,WO-2021-56638,0.49572803346930205,Medium,0.6466,125.4,WC-007
MFG-LINE-PLT-009-01,PLT-009,PRD-2022-SKU-07589,WO-2022-19128,0.8467414848024293,High,0.4737,82.5,WC-003
MFG-LINE-PLT-008-02,PLT-008,PRD-2020-SKU-06483,WO-2020-49375,0.3249745815635063,Low,0.4478,40.2,WC-006
MFG-LINE-PLT-010-03,PLT-010,PRD-2022-SKU-02953,WO-2022-90508,0.9493950326247856,High,0.7201,102.1,WC-002
MFG-LINE-PLT-007-01,PLT-007,PRD-2021-SKU-07511,WO-2021-47748,0.020882720344454733,Low,0.8274,20.0,WC-004
MFG-LINE-PLT-005-05,PLT-005,PRD-2022-SKU-07882,WO-2022-50503,0.023294760843016227,Low,0.5905,39.6,WC-003
MFG-LINE-PLT-003-04,PLT-003,PRD-2022-SKU-09060,WO-2022-83798,0.25406491807642967,Low,0.7406,30.6,WC-006
MFG-LINE-PLT-005-05,PLT-005,PRD-2020-SKU-03819,WO-2020-46500,0.021693468423598032,Low,0.8115,26.4,WC-002
MFG-LINE-PLT-010-04,PLT-010,PRD-2023-SKU-01836,WO-2023-04021,0.8398215268300427,High,0.4629,51.1,WC-001
MFG-LINE-PLT-007-01,PLT-007,PRD-2023-SKU-01847,WO-2023-52617,0.023160684197826815,Low,0.7014,35.4,WC-015
MFG-LINE-PLT-003-04,PLT-003,PRD-2023-SKU-01342,WO-2023-04706,0.623419526934987,Medium,0.6526,83.4,WC-001
MFG-LINE-PLT-002-01,PLT-002,PRD-2021-SKU-05802,WO-2021-98735,0.09721268240085522,Low,0.2999,191.7,WC-001
MFG-LINE-PLT-002-02,PLT-002,PRD-2022-SKU-09109,WO-2022-02189,0.024677179287015353,Low,0.7821,32.8,WC-001
MFG-LINE-PLT-003-04,PLT-003,PRD-2022-SKU-08412,WO-2022-31595,0.4071852380451967,Medium,0.547,0.0,WC-008
MFG-LINE-PLT-004-01,PLT-004,PRD-2020-SKU-08442,WO-2020-14544,0.17060609908768043,Low,0.6112,85.5,WC-006
MFG-LINE-PLT-004-01,PLT-004,PRD-2021-SKU-02419,WO-2021-09158,0.16754071056235756,Low,0.7497,57.0,WC-004
MFG-LINE-PLT-008-01,PLT-008,PRD-2024-SKU-03904,WO-2024-57565,0.6678541487628348,Medium,0.6888,25.9,WC-001
MFG-LINE-PLT-002-01,PLT-002,PRD-2020-SKU-04783,WO-2020-02978,0.07124059663763871,Low,0.842,30.9,WC-002
MFG-LINE-PLT-004-03,PLT-004,PRD-2021-SKU-07322,WO-2021-74520,0.11977795261168446,Low,0.5781,80.6,WC-005
MFG-LINE-PLT-004-03,PLT-004,PRD-2023-SKU-06851,WO-2023-23868,0.12965064633702073,Low,0.5674,126.9,WC-003
MFG-LINE-PLT-005-05,PLT-005,PRD-2024-SKU-01503,WO-2024-14570,0.029742377111868338,Low,0.8091,11.1,WC-001
MFG-LINE-PLT-005-05,PLT-005,PRD-2023-SKU-03627,WO-2023-34798,0.01017504360849375,Low,0.6769,34.0,WC-002
MFG-LINE-PLT-003-05,PLT-003,PRD-2024-SKU-09761,WO-2024-88898,0.6406010496693303,Medium,0.6611,40.2,WC-003
MFG-LINE-PLT-002-03,PLT-002,PRD-2024-SKU-06729,WO-2024-08928,0.20493588115380332,Low,0.4768,60.2,WC-009
MFG-LINE-PLT-002-02,PLT-002,PRD-2024-SKU-02581,WO-2024-12685,0.00325,Low,0.735,22.0,WC-007
MFG-LINE-PLT-001-01,PLT-001,PRD-2020-SKU-06450,WO-2020-89258,0.019017334136870633,Low,0.5895,42.1,WC-005
MFG-LINE-PLT-001-02,PLT-001,PRD-2021-SKU-06526,WO-2021-85359,0.7548967021342748,High,0.8085,33.4,WC-001
MFG-LINE-PLT-003-04,PLT-003,PRD-2024-SKU-06478,WO-2024-70974,0.31512181793460653,Low,0.5884,86.7,WC-007
MFG-LINE-PLT-004-01,PLT-004,PRD-2021-SKU-04082,WO-2021-86170,0.19282059429660245,Low,0.4925,179.57465359377596,WC-004
MFG-LINE-PLT-002-01,PLT-002,PRD-2020-SKU-06184,WO-2020-96065,0.05771511805194479,Low,0.7573,35.5,WC-001
MFG-LINE-PLT-009-01,PLT-009,PRD-2023-SKU-07294,WO-2023-80862,0.896948345525982,High,0.7979,45.3,WC-009
MFG-LINE-PLT-005-02,PLT-005,PRD-2021-SKU-01647,WO-2021-88833,0.3392957121010327,Low,0.5331,67.4,WC-006
MFG-LINE-PLT-004-04,PLT-004,PRD-2022-SKU-04608,WO-2022-27790,0.486668284452457,Medium,0.8604,15.4,WC-002
MFG-LINE-PLT-004-05,PLT-004,PRD-2021-SKU-03174,WO-2021-94061,0.5168391547188956,Medium,0.5868,55.5,WC-002
MFG-LINE-PLT-003-04,PLT-003,PRD-2023-SKU-08373,WO-2023-36852,0.6135192717733295,Medium,0.5039,166.4,WC-004
MFG-LINE-PLT-009-02,PLT-009,PRD-2022-SKU-04021,WO-2022-01782,0.11362417619398105,Low,0.6403,99.2,WC-001
MFG-LINE-PLT-004-04,PLT-004,PRD-2021-SKU-09581,WO-2021-70955,0.5523261617879739,Medium,0.754,60.7,WC-002
MFG-LINE-PLT-005-01,PLT-005,PRD-2022-SKU-05478,WO-2022-08576,0.7821576358578752,High,0.4299,112.1,WC-001
MFG-LINE-PLT-002-03,PLT-002,PRD-2022-SKU-08720,WO-2022-05495,0.5201601616210737,Medium,0.7316,35.2,WC-007
MFG-LINE-PLT-004-03,PLT-004,PRD-2021-SKU-01838,WO-2021-33084,0.15135544005502663,Low,0.7615,17.7,WC-003
MFG-LINE-PLT-003-05,PLT-003,PRD-2023-SKU-03547,WO-2023-53183,0.7803801981431133,High,0.832,0.0,WC-001
MFG-LINE-PLT-005-03,PLT-005,PRD-2022-SKU-06574,WO-2022-82244,0.022456992090088272,Low,0.7786,42.1,WC-001
MFG-LINE-PLT-010-02,PLT-010,PRD-2024-SKU-08549,WO-2024-70171,0.5845971225686769,Medium,0.8855,16.4,WC-002
MFG-LINE-PLT-008-02,PLT-008,PRD-2021-SKU-05299,WO-2021-49215,0.6483700364165398,Medium,0.6867,22.8,WC-006
MFG-LINE-PLT-004-04,PLT-004,PRD-2024-SKU-09221,WO-2024-63720,0.6970135570132424,Medium,0.8457,9.4,WC-002
MFG-LINE-PLT-004-06,PLT-004,PRD-2023-SKU-07946,WO-2023-09570,0.72322385551722,High,0.8288,43.2,WC-001
MFG-LINE-PLT-008-01,PLT-008,PRD-2024-SKU-05836,WO-2024-44912,0.3332271243821628,Low,0.5505,94.7,WC-002
MFG-LINE-PLT-006-01,PLT-006,PRD-2021-SKU-05326,WO-2021-06594,0.8541480363196636,High,0.8828,29.9,WC-012
MFG-LINE-PLT-009-02,PLT-009,PRD-2020-SKU-05821,WO-2020-10711,0.064087533761672,Low,0.4942,152.8,WC-003
MFG-LINE-PLT-006-02,PLT-006,PRD-2022-SKU-05478,WO-2022-67613,0.9643418731675533,High,0.5886,147.1,WC-010
MFG-LINE-PLT-005-02,PLT-005,PRD-2020-SKU-08454,WO-2020-27177,0.7112344383929565,High,0.6918,35.8,WC-006
MFG-LINE-PLT-010-02,PLT-010,PRD-2023-SKU-08952,WO-2023-75877,0.4908311470083185,Medium,0.778,8.5,WC-005
MFG-LINE-PLT-003-04,PLT-003,PRD-2023-SKU-05158,WO-2023-37355,0.27389350983741245,Low,0.712,47.9,WC-008
MFG-LINE-PLT-005-03,PLT-005,PRD-2021-SKU-06436,WO-2021-74300,0.032308836555912795,Low,0.792,35.4,WC-002
MFG-LINE-PLT-005-02,PLT-005,PRD-2023-SKU-01864,WO-2023-88531,0.374661976558144,Low,0.7707,15.7,WC-004
MFG-LINE-PLT-005-04,PLT-005,PRD-2023-SKU-05418,WO-2023-73442,0.3586787079266543,Low,0.4415,162.0,WC-001
MFG-LINE-PLT-003-04,PLT-003,PRD-2020-SKU-07684,WO-2020-46442,0.30187915836818074,Low,0.4853,169.4,WC-008
MFG-LINE-PLT-004-05,PLT-004,PRD-2024-SKU-05509,WO-2024-66815,0.1989976297203131,Low,0.5118,78.7,WC-009
MFG-LINE-PLT-006-02,PLT-006,PRD-2024-SKU-07575,WO-2024-67193,0.9700467096522357,High,0.4604,106.5,WC-005
MFG-LINE-PLT-004-04,PLT-004,PRD-2022-SKU-07870,WO-2022-51166,0.40626694637070115,Medium,0.6221,74.2,WC-001
MFG-LINE-PLT-004-05,PLT-004,PRD-2022-SKU-03098,WO-2022-69278,0.15914603106201652,Low,0.7705,27.7,WC-002
MFG-LINE-PLT-004-06,PLT-004,PRD-2020-SKU-02878,WO-2020-14291,0.7962183864241759,High,0.5172,52.3,WC-003
MFG-LINE-PLT-001-01,PLT-001,PRD-2020-SKU-06118,WO-2020-88699,0.017442769031196143,Low,0.7867,36.1,WC-010
MFG-LINE-PLT-010-01,PLT-010,PRD-2022-SKU-06623,WO-2022-53634,0.26893892474542397,Low,0.813,36.5,WC-003
MFG-LINE-PLT-003-03,PLT-003,PRD-2024-SKU-09820,WO-2024-27522,0.057483137597943094,Low,0.5543,93.3,WC-001
MFG-LINE-PLT-009-02,PLT-009,PRD-2022-SKU-01161,WO-2022-87023,0.07542579386881167,Low,0.5889,65.2,WC-002
MFG-LINE-PLT-008-01,PLT-008,PRD-2020-SKU-06909,WO-2020-29967,0.3876354436520706,Low,0.5192,60.7,WC-003
MFG-LINE-PLT-005-04,PLT-005,PRD-2022-SKU-09303,WO-2022-46472,0.42613939452378813,Medium,0.559,95.5,WC-002
MFG-LINE-PLT-003-05,PLT-003,PRD-2022-SKU-03976,WO-2022-13298,0.7121405737224177,High,0.5838,0.0,WC-001
MFG-LINE-PLT-007-01,PLT-007,PRD-2024-SKU-09191,WO-2024-42315,0.033628840540665374,Low,0.7721,26.5,WC-007
MFG-LINE-PLT-004-03,PLT-004,PRD-2021-SKU-02825,WO-2021-38889,0.17163642118232825,Low,0.4899,34.2,WC-002
MFG-LINE-PLT-007-01,PLT-007,PRD-2020-SKU-08646,WO-2020-11710,0.05584084251638447,Low,0.6905,69.4,WC-004
MFG-LINE-PLT-004-03,PLT-004,PRD-2022-SKU-06582,WO-2022-36600,0.45175080878384444,Medium,0.713,96.0,WC-004
MFG-LINE-PLT-006-02,PLT-006,PRD-2020-SKU-06243,WO-2020-68803,0.9866741610841134,High,0.7635,19.0,WC-005
MFG-LINE-PLT-008-01,PLT-008,PRD-2022-SKU-06534,WO-2022-32065,0.5733007730283559,Medium,0.8724,16.7,WC-003
MFG-LINE-PLT-003-04,PLT-003,PRD-2021-SKU-09287,WO-2021-36461,0.47415536658734286,Medium,0.8126,25.8,WC-003
MFG-LINE-PLT-002-04,PLT-002,PRD-2021-SKU-05148,WO-2021-82105,0.9690040904595074,High,0.6264,0.0,WC-001
MFG-LINE-PLT-010-03,PLT-010,PRD-2023-SKU-05371,WO-2023-48741,0.9167114470784121,High,0.7033,51.2,WC-007
MFG-LINE-PLT-005-06,PLT-005,PRD-2020-SKU-01713,WO-2020-66397,0.5606367918199803,Medium,0.3694,99.1,WC-009
MFG-LINE-PLT-003-03,PLT-003,PRD-2021-SKU-02428,WO-2021-67404,0.1256903616285588,Low,0.4712,205.63710194816056,WC-001
MFG-LINE-PLT-005-06,PLT-005,PRD-2020-SKU-05163,WO-2020-75105,0.22830494296344084,Low,0.6131,71.1,WC-003
MFG-LINE-PLT-010-02,PLT-010,PRD-2022-SKU-06235,WO-2022-18164,0.34504572067459016,Low,0.9177,35.9,WC-004
MFG-LINE-PLT-003-03,PLT-003,PRD-2024-SKU-08872,WO-2024-17327,0.05382233666364129,Low,0.6653,116.7,WC-002
MFG-LINE-PLT-008-02,PLT-008,PRD-2022-SKU-03317,WO-2022-45776,0.5768389064767435,Medium,0.7339,0.0,WC-006
MFG-LINE-PLT-004-05,PLT-004,PRD-2023-SKU-02172,WO-2023-01359,0.15728707486264729,Low,0.7795,24.3,WC-007
MFG-LINE-PLT-004-07,PLT-004,PRD-2024-SKU-08455,WO-2024-03802,0.10819044051122224,Low,0.6231,96.2,WC-001
MFG-LINE-PLT-004-07,PLT-004,PRD-2021-SKU-09987,WO-2021-72031,0.08877340211447152,Low,0.4937,131.1,WC-003
MFG-LINE-PLT-007-02,PLT-007,PRD-2022-SKU-04074,WO-2022-95750,0.6639495805071752,Medium,0.4857,47.5,WC-001
MFG-LINE-PLT-004-06,PLT-004,PRD-2021-SKU-07746,WO-2021-00950,0.7589989933561504,High,0.5577,50.3,WC-002
MFG-LINE-PLT-004-01,PLT-004,PRD-2024-SKU-03218,WO-2024-00915,0.21645082520781667,Low,0.5523,145.6,WC-007
MFG-LINE-PLT-010-02,PLT-010,PRD-2024-SKU-07295,WO-2024-43818,0.8756674383143545,High,0.7547,7.1,WC-005
MFG-LINE-PLT-004-05,PLT-004,PRD-2024-SKU-04248,WO-2024-63581,0.23427001961475216,Low,0.3766,39.4,WC-008
MFG-LINE-PLT-003-04,PLT-003,PRD-2020-SKU-06402,WO-2020-98427,0.21231973172237964,Low,0.7401,0.0,WC-002
MFG-LINE-PLT-005-04,PLT-005,PRD-2021-SKU-04326,WO-2021-98102,0.7159428904154924,High,0.6718,73.3,WC-001
MFG-LINE-PLT-005-06,PLT-005,PRD-2024-SKU-06200,WO-2024-73448,0.5415627246079826,Medium,0.5789,97.0,WC-001
MFG-LINE-PLT-010-03,PLT-010,PRD-2024-SKU-08549,WO-2024-50370,0.5028654615314245,Medium,0.5338,27.3,WC-003
MFG-LINE-PLT-004-04,PLT-004,PRD-2024-SKU-06475,WO-2024-55540,0.5618649622901147,Medium,0.5693,16.9,WC-002
MFG-LINE-PLT-006-02,PLT-006,PRD-2022-SKU-02579,WO-2022-32597,0.9127893919586504,High,0.6987,115.1,WC-017
MFG-LINE-PLT-009-02,PLT-009,PRD-2021-SKU-05421,WO-2021-29245,0.1162235209761887,Low,0.7926,0.0,WC-002
MFG-LINE-PLT-010-03,PLT-010,PRD-2022-SKU-05828,WO-2022-24136,0.9387656462347183,High,0.7805,28.6,WC-002
MFG-LINE-PLT-005-06,PLT-005,PRD-2024-SKU-07114,WO-2024-64926,0.17917807491266258,Low,0.6666,117.2,WC-007
MFG-LINE-PLT-004-01,PLT-004,PRD-2020-SKU-05747,WO-2020-20532,0.09721658181485343,Low,0.6019,131.9,WC-004
MFG-LINE-PLT-010-04,PLT-010,PRD-2023-SKU-07625,WO-2023-69356,0.7134976358748879,High,0.6078,76.3,WC-004
MFG-LINE-PLT-004-01,PLT-004,PRD-2024-SKU-06551,WO-2024-14455,0.0993702383784927,Low,0.7228,76.5,WC-007
MFG-LINE-PLT-002-01,PLT-002,PRD-2023-SKU-02089,WO-2023-56255,0.17714671194228487,Low,0.5878,76.9,WC-001
MFG-LINE-PLT-009-01,PLT-009,PRD-2023-SKU-02928,WO-2023-91191,0.8426353551149244,High,0.4855,35.4,WC-007
MFG-LINE-PLT-004-01,PLT-004,PRD-2020-SKU-09462,WO-2020-94869,0.5805802737611557,Medium,0.5792,130.7,WC-007
MFG-LINE-PLT-002-01,PLT-002,PRD-2023-SKU-07824,WO-2023-57247,0.06225117237035722,Low,0.7234,59.7,WC-002
MFG-LINE-PLT-003-05,PLT-003,PRD-2021-SKU-07766,WO-2021-76471,0.8125611069155416,High,0.8032,33.5,WC-004
MFG-LINE-PLT-008-02,PLT-008,PRD-2021-SKU-02953,WO-2021-17077,0.33638003422684704,Low,0.7456,17.5,WC-004
MFG-LINE-PLT-010-04,PLT-010,PRD-2021-SKU-07027,WO-2021-17086,0.8847283008659967,High,0.4769,58.7,WC-008
MFG-LINE-PLT-003-01,PLT-003,PRD-2022-SKU-02513,WO-2022-36401,0.19386629925151014,Low,0.8532,19.9,WC-011
MFG-LINE-PLT-005-05,PLT-005,PRD-2020-SKU-01642,WO-2020-86110,0.032696913215783475,Low,0.7121,4.2,WC-001
MFG-LINE-PLT-005-06,PLT-005,PRD-2022-SKU-01445,WO-2022-38353,0.5744930848820443,Medium,0.3902,191.3,WC-001
MFG-LINE-PLT-010-02,PLT-010,PRD-2022-SKU-08612,WO-2022-74404,0.8791540875234899,High,0.3187,93.8,WC-004
MFG-LINE-PLT-003-03,PLT-003,PRD-2022-SKU-03880,WO-2022-96315,0.17944940919295757,Low,0.5587,71.2,WC-003
MFG-LINE-PLT-002-04,PLT-002,PRD-2021-SKU-08854,WO-2021-61723,0.6876153789207169,Medium,0.5986,134.7,WC-001
MFG-LINE-PLT-005-03,PLT-005,PRD-2021-SKU-07940,WO-2021-97517,0.11476558275043844,Low,0.5524,54.9,WC-002
MFG-LINE-PLT-010-01,PLT-010,PRD-2022-SKU-09412,WO-2022-28565,0.4544278215167121,Medium,0.6934,91.6,WC-004
MFG-LINE-PLT-003-01,PLT-003,PRD-2022-SKU-03407,WO-2022-42679,0.5359189370590143,Medium,0.5059,169.5,WC-001
MFG-LINE-PLT-003-01,PLT-003,PRD-2023-SKU-07479,WO-2023-44189,0.43225798501808205,Medium,0.5641,113.2,WC-008
MFG-LINE-PLT-003-01,PLT-003,PRD-2021-SKU-08176,WO-2021-42731,0.30424095434908266,Low,0.3794,124.8,WC-012
MFG-LINE-PLT-005-02,PLT-005,PRD-2024-SKU-02968,WO-2024-44181,0.38912124277011234,Low,0.5717,70.2,WC-004
MFG-LINE-PLT-002-03,PLT-002,PRD-2023-SKU-05128,WO-2023-35502,0.3673003582601507,Low,0.8543,19.5,WC-008
MFG-LINE-PLT-008-02,PLT-008,PRD-2024-SKU-02679,WO-2024-12563,0.6397165089026251,Medium,0.7144,10.6,WC-006
MFG-LINE-PLT-009-01,PLT-009,PRD-2021-SKU-09604,WO-2021-60688,0.8350029480962011,High,0.512,149.4,WC-001
MFG-LINE-PLT-005-05,PLT-005,PRD-2021-SKU-02792,WO-2021-11563,0.015274300028730538,Low,0.6913,48.1,WC-002
MFG-LINE-PLT-001-01,PLT-001,PRD-2022-SKU-09906,WO-2022-17891,0.017469280240831962,Low,0.7711,35.9,WC-007
MFG-LINE-PLT-010-03,PLT-010,PRD-2020-SKU-02624,WO-2020-42349,0.8999372654098674,High,0.6352,86.1,WC-006
MFG-LINE-PLT-002-01,PLT-002,PRD-2020-SKU-03719,WO-2020-31540,0.07661063686676683,Low,0.5532,134.5,WC-001
MFG-LINE-PLT-007-02,PLT-007,PRD-2023-SKU-01352,WO-2023-03561,0.8730320430958944,High,0.429,42.3,WC-002
MFG-LINE-PLT-003-02,PLT-003,PRD-2024-SKU-04671,WO-2024-93378,0.6712693464628574,Medium,0.7814,77.8,WC-001
MFG-LINE-PLT-010-03,PLT-010,PRD-2020-SKU-09991,WO-2020-82099,0.8869681644994452,High,0.6455,26.3,WC-007
MFG-LINE-PLT-009-02,PLT-009,PRD-2021-SKU-02828,WO-2021-26214,0.07278101290900565,Low,0.3746,51.8,WC-002
MFG-LINE-PLT-007-01,PLT-007,PRD-2022-SKU-09708,WO-2022-20157,0.0392749405022767,Low,0.5537,87.2,WC-001
MFG-LINE-PLT-006-01,PLT-006,PRD-2022-SKU-02656,WO-2022-05508,0.9685381963925827,High,0.6671,37.7,WC-008
MFG-LINE-PLT-005-02,PLT-005,PRD-2022-SKU-01970,WO-2022-90672,0.6577198054118811,Medium,0.6074,28.8,WC-006
MFG-LINE-PLT-005-02,PLT-005,PRD-2024-SKU-09851,WO-2024-96907,0.33234403040638716,Low,0.6258,104.6,WC-003
MFG-LINE-PLT-006-01,PLT-006,PRD-2024-SKU-01956,WO-2024-78558,0.891134501669908,High,0.8323,53.2,WC-012
MFG-LINE-PLT-003-05,PLT-003,PRD-2024-SKU-05003,WO-2024-68377,0.8722614658867024,High,0.6909,43.5,WC-004
MFG-LINE-PLT-006-01,PLT-006,PRD-2023-SKU-06121,WO-2023-61241,0.9575839730706345,High,0.7704,0.0,WC-008
MFG-LINE-PLT-007-02,PLT-007,PRD-2024-SKU-02229,WO-2024-19910,0.7286811766390318,High,0.6548,20.1,WC-002
MFG-LINE-PLT-005-03,PLT-005,PRD-2023-SKU-07518,WO-2023-75107,0.4223262869514787,Medium,0.6384,77.0,WC-001
MFG-LINE-PLT-008-01,PLT-008,PRD-2023-SKU-05622,WO-2023-21092,0.586252125410097,Medium,0.7964,23.0,WC-002
MFG-LINE-PLT-005-02,PLT-005,PRD-2020-SKU-06964,WO-2020-34822,0.7152781289126314,High,0.8257,10.9,WC-004
MFG-LINE-PLT-001-02,PLT-001,PRD-2024-SKU-01962,WO-2024-90085,0.8221817659478239,High,0.6757,84.8,WC-002
MFG-LINE-PLT-005-06,PLT-005,PRD-2020-SKU-08013,WO-2020-67151,0.22069407458201318,Low,0.7645,66.6,WC-010
MFG-LINE-PLT-010-03,PLT-010,PRD-2020-SKU-02588,WO-2020-34946,0.9470574813894432,High,0.6923,76.1,WC-001
MFG-LINE-PLT-008-01,PLT-008,PRD-2022-SKU-07659,WO-2022-33095,0.33930583262209135,Low,0.4245,178.68494666892963,WC-001
MFG-LINE-PLT-008-01,PLT-008,PRD-2023-SKU-07030,WO-2023-40928,0.32925676206568877,Low,0.3783,86.6,WC-003
MFG-LINE-PLT-007-02,PLT-007,PRD-2021-SKU-06661,WO-2021-23261,0.4107782561539071,Medium,0.5187,147.3,WC-001
MFG-LINE-PLT-008-02,PLT-008,PRD-2022-SKU-01074,WO-2022-56303,0.7400083973566045,High,0.7964,42.1,WC-002
MFG-LINE-PLT-005-03,PLT-005,PRD-2024-SKU-06466,WO-2024-72863,0.044788705019557375,Low,0.5327,95.6,WC-002
MFG-LINE-PLT-005-01,PLT-005,PRD-2023-SKU-08655,WO-2023-79356,0.3740829577303701,Low,0.7048,86.3,WC-003
MFG-LINE-PLT-006-02,PLT-006,PRD-2022-SKU-06139,WO-2022-34664,0.9923409034701137,High,0.6207,25.7,WC-011
MFG-LINE-PLT-005-06,PLT-005,PRD-2021-SKU-01530,WO-2021-28759,0.18424361718765414,Low,0.653,79.1,WC-009
MFG-LINE-PLT-004-05,PLT-004,PRD-2021-SKU-01384,WO-2021-61884,0.18850280860157323,Low,0.5751,76.7,WC-002
MFG-LINE-PLT-003-01,PLT-003,PRD-2023-SKU-08926,WO-2023-81882,0.28705850789129955,Low,0.773,16.4,WC-002
MFG-LINE-PLT-010-03,PLT-010,PRD-2020-SKU-05132,WO-2020-19682,0.9161177038837989,High,0.6308,24.5,WC-010
MFG-LINE-PLT-004-04,PLT-004,PRD-2023-SKU-09984,WO-2023-39103,0.3328294060720082,Low,0.4272,237.0,WC-002
MFG-LINE-PLT-003-01,PLT-003,PRD-2024-SKU-08759,WO-2024-68990,0.10335303651955562,Low,0.8561,46.0,WC-008
MFG-LINE-PLT-003-04,PLT-003,PRD-2022-SKU-03965,WO-2022-47269,0.52562025645446,Medium,0.5054,47.7,WC-004
MFG-LINE-PLT-005-04,PLT-005,PRD-2022-SKU-04409,WO-2022-59698,0.5609662908804606,Medium,0.8021,13.3,WC-004
MFG-LINE-PLT-010-04,PLT-010,PRD-2021-SKU-09378,WO-2021-00010,0.8477675964272305,High,0.6903,56.4,WC-007
MFG-LINE-PLT-006-01,PLT-006,PRD-2020-SKU-01673,WO-2020-00213,0.9815641278662056,High,0.7304,68.0,WC-008
MFG-LINE-PLT-004-06,PLT-004,PRD-2020-SKU-03104,WO-2020-08111,0.32699367481492997,Low,0.4863,185.7355375295432,WC-002
MFG-LINE-PLT-003-01,PLT-003,PRD-2024-SKU-08803,WO-2024-64381,0.5077626431953058,Medium,0.6192,143.0,WC-003
MFG-LINE-PLT-005-05,PLT-005,PRD-2020-SKU-06036,WO-2020-78418,0.03676858084586672,Low,0.4099,126.6,WC-001
MFG-LINE-PLT-005-04,PLT-005,PRD-2023-SKU-05183,WO-2023-72299,0.7297001387054332,High,0.7017,16.8,WC-001
MFG-LINE-PLT-009-02,PLT-009,PRD-2021-SKU-09255,WO-2021-92196,0.2368810375637524,Low,0.6054,0.0,WC-003
MFG-LINE-PLT-003-03,PLT-003,PRD-2024-SKU-08839,WO-2024-41909,0.18026465436879419,Low,0.3422,191.8,WC-003
MFG-LINE-PLT-006-02,PLT-006,PRD-2022-SKU-08655,WO-2022-82100,0.9639185756078373,High,0.5704,91.0,WC-017
MFG-LINE-PLT-008-01,PLT-008,PRD-2022-SKU-07261,WO-2022-25465,0.60021267555719,Medium,0.5285,82.1,WC-001
MFG-LINE-PLT-006-02,PLT-006,PRD-2023-SKU-08863,WO-2023-38290,0.9937694748986852,High,0.7723,35.2,WC-006
MFG-LINE-PLT-001-01,PLT-001,PRD-2024-SKU-08951,WO-2024-11695,0.028469772256728785,Low,0.8895,0.0,WC-010
MFG-LINE-PLT-010-04,PLT-010,PRD-2024-SKU-07979,WO-2024-88548,0.5778838936331994,Medium,0.7259,18.3,WC-004
MFG-LINE-PLT-007-01,PLT-007,PRD-2022-SKU-07954,WO-2022-29024,0.16178163238255464,Low,0.7866,58.1,WC-005
MFG-LINE-PLT-003-03,PLT-003,PRD-2023-SKU-01417,WO-2023-22000,0.17843386464254296,Low,0.6551,147.3,WC-002
MFG-LINE-PLT-010-04,PLT-010,PRD-2023-SKU-08610,WO-2023-80868,0.7836914806771856,High,0.6881,27.8,WC-007
MFG-LINE-PLT-003-03,PLT-003,PRD-2023-SKU-06339,WO-2023-88449,0.03371551251040486,Low,0.5623,79.0,WC-003
MFG-LINE-PLT-002-04,PLT-002,PRD-2023-SKU-08972,WO-2023-27209,0.924595069280068,High,0.5294,121.8,WC-006
MFG-LINE-PLT-007-02,PLT-007,PRD-2021-SKU-08483,WO-2021-72435,0.7059670434588883,High,0.7861,74.1,WC-001
MFG-LINE-PLT-002-02,PLT-002,PRD-2020-SKU-04776,WO-2020-05174,0.061418139337066295,Low,0.5962,0.0,WC-010
MFG-LINE-PLT-005-04,PLT-005,PRD-2021-SKU-01868,WO-2021-50313,0.5505342616979589,Medium,0.6997,118.4,WC-001
MFG-LINE-PLT-002-02,PLT-002,PRD-2021-SKU-07763,WO-2021-72642,0.032547619047619054,Low,0.902,36.9,WC-008
MFG-LINE-PLT-005-03,PLT-005,PRD-2020-SKU-02063,WO-2020-88666,0.12659793126844224,Low,0.618,133.2,WC-002
MFG-LINE-PLT-004-06,PLT-004,PRD-2023-SKU-04747,WO-2023-70356,0.7548366062761503,High,0.4735,111.4,WC-001
MFG-LINE-PLT-004-07,PLT-004,PRD-2022-SKU-09910,WO-2022-62904,0.12798240628954016,Low,0.8391,50.8,WC-005
MFG-LINE-PLT-002-04,PLT-002,PRD-2022-SKU-02341,WO-2022-82257,0.9814101172774176,High,0.7179,26.8,WC-005
MFG-LINE-PLT-009-01,PLT-009,PRD-2021-SKU-06000,WO-2021-45563,0.9538380219434798,High,0.7982,28.3,WC-008
MFG-LINE-PLT-003-04,PLT-003,PRD-2024-SKU-06591,WO-2024-99474,0.1706206493021085,Low,0.7794,42.4,WC-003
MFG-LINE-PLT-002-02,PLT-002,PRD-2024-SKU-04920,WO-2024-96143,0.008588888888888889,Low,0.854,0.0,WC-003
MFG-LINE-PLT-004-06,PLT-004,PRD-2020-SKU-02077,WO-2020-17376,0.44670336101099956,Medium,0.6182,49.0,WC-002
MFG-LINE-PLT-002-02,PLT-002,PRD-2021-SKU-07814,WO-2021-00213,0.004327015083402873,Low,0.7587,14.9,WC-003
MFG-LINE-PLT-004-02,PLT-004,PRD-2022-SKU-01438,WO-2022-54440,0.6868855737941714,Medium,0.6561,96.2,WC-002
MFG-LINE-PLT-006-01,PLT-006,PRD-2022-SKU-06062,WO-2022-57282,0.854798105760899,High,0.3244,217.9,WC-001
MFG-LINE-PLT-004-07,PLT-004,PRD-2023-SKU-08681,WO-2023-42194,0.06033693489034762,Low,0.7939,40.1,WC-002
MFG-LINE-PLT-007-01,PLT-007,PRD-2022-SKU-08308,WO-2022-53750,0.06711981354623343,Low,0.734,44.8,WC-009
MFG-LINE-PLT-003-01,PLT-003,PRD-2024-SKU-06591,WO-2024-64102,0.2332220904603026,Low,0.519,133.9,WC-009
MFG-LINE-PLT-004-05,PLT-004,PRD-2024-SKU-07192,WO-2024-83056,0.16390085718208441,Low,0.7067,11.2,WC-007
MFG-LINE-PLT-004-07,PLT-004,PRD-2023-SKU-02493,WO-2023-93212,0.14460808017224105,Low,0.6374,31.9,WC-001
MFG-LINE-PLT-002-03,PLT-002,PRD-2020-SKU-05026,WO-2020-89000,0.2793645512612383,Low,0.5496,16.5,WC-008
MFG-LINE-PLT-005-05,PLT-005,PRD-2021-SKU-09955,WO-2021-63118,0.00919900347471397,Low,0.6918,44.8,WC-003
MFG-LINE-PLT-004-03,PLT-004,PRD-2023-SKU-09336,WO-2023-32287,0.30668614892455076,Low,0.6118,0.0,WC-001
MFG-LINE-PLT-006-01,PLT-006,PRD-2023-SKU-04882,WO-2023-25066,0.9102165360967776,High,0.8208,31.6,WC-006
MFG-LINE-PLT-004-05,PLT-004,PRD-2020-SKU-03954,WO-2020-94403,0.16188337618650375,Low,0.7846,25.0,WC-008
MFG-LINE-PLT-004-04,PLT-004,PRD-2024-SKU-04281,WO-2024-82700,0.47868750045332453,Medium,0.8363,9.4,WC-002
MFG-LINE-PLT-001-01,PLT-001,PRD-2020-SKU-05797,WO-2020-17090,0.05741466932845186,Low,0.5403,87.7,WC-005
MFG-LINE-PLT-004-05,PLT-004,PRD-2024-SKU-04744,WO-2024-70106,0.2932358670650802,Low,0.7151,80.4,WC-001
MFG-LINE-PLT-001-02,PLT-001,PRD-2020-SKU-04996,WO-2020-39311,0.8136951623597938,High,0.5563,114.0,WC-005
MFG-LINE-PLT-007-02,PLT-007,PRD-2020-SKU-08975,WO-2020-72158,0.5583631956263058,Medium,0.5426,79.2,WC-002
MFG-LINE-PLT-005-05,PLT-005,PRD-2023-SKU-06501,WO-2023-90033,0.009668310175254716,Low,0.6305,67.3,WC-001
MFG-LINE-PLT-006-01,PLT-006,PRD-2021-SKU-09246,WO-2021-65764,0.9609058749976075,High,0.7823,0.0,WC-008
MFG-LINE-PLT-005-02,PLT-005,PRD-2023-SKU-05436,WO-2023-90649,0.7008845907346192,High,0.8928,0.0,WC-001
MFG-LINE-PLT-003-03,PLT-003,PRD-2021-SKU-06824,WO-2021-86709,0.04516960979020421,Low,0.6503,92.0,WC-003
MFG-LINE-PLT-005-01,PLT-005,PRD-2023-SKU-08018,WO-2023-39162,0.6590317340694835,Medium,0.8363,34.3,WC-004
MFG-LINE-PLT-002-01,PLT-002,PRD-2023-SKU-05400,WO-2023-89705,0.05772159731798625,Low,0.5323,31.1,WC-002
MFG-LINE-PLT-004-01,PLT-004,PRD-2020-SKU-08833,WO-2020-92372,0.20066812399190834,Low,0.6303,108.9,WC-004
MFG-LINE-PLT-010-04,PLT-010,PRD-2022-SKU-06923,WO-2022-31603,0.4922548120306328,Medium,0.5195,110.0,WC-001
MFG-LINE-PLT-006-02,PLT-006,PRD-2022-SKU-01585,WO-2022-70698,0.9682934991344845,High,0.5236,45.2,WC-007
MFG-LINE-PLT-004-06,PLT-004,PRD-2021-SKU-07584,WO-2021-26639,0.6635601035412863,Medium,0.7617,28.9,WC-003
MFG-LINE-PLT-002-04,PLT-002,PRD-2024-SKU-02257,WO-2024-08672,0.867208263386477,High,0.2394,299.9429698572895,WC-005
MFG-LINE-PLT-002-01,PLT-002,PRD-2022-SKU-05057,WO-2022-90319,0.09086338328300005,Low,0.709,34.3,WC-002
MFG-LINE-PLT-001-02,PLT-001,PRD-2024-SKU-09205,WO-2024-18342,0.6633831667257412,Medium,0.6427,66.0,WC-001
MFG-LINE-PLT-005-03,PLT-005,PRD-2024-SKU-06948,WO-2024-25567,0.3302624124925935,Low,0.6478,74.0,WC-002
MFG-LINE-PLT-006-02,PLT-006,PRD-2023-SKU-09794,WO-2023-06805,0.9857266177558279,High,0.6367,52.5,WC-014
MFG-LINE-PLT-004-02,PLT-004,PRD-2024-SKU-06945,WO-2024-04488,0.7959807035769443,High,0.7795,9.9,WC-002
MFG-LINE-PLT-007-02,PLT-007,PRD-2021-SKU-02699,WO-2021-76890,0.27707935587451565,Low,0.866,23.0,WC-001
MFG-LINE-PLT-007-01,PLT-007,PRD-2021-SKU-07836,WO-2021-82264,0.14803376252993664,Low,0.352,71.8,WC-013
MFG-LINE-PLT-007-01,PLT-007,PRD-2023-SKU-05996,WO-2023-50247,0.027034888628924433,Low,0.7521,8.5,WC-009
MFG-LINE-PLT-002-04,PLT-002,PRD-2020-SKU-05413,WO-2020-11414,0.9854329299764872,High,0.8264,35.3,WC-003
MFG-LINE-PLT-003-05,PLT-003,PRD-2021-SKU-01336,WO-2021-62586,0.8339004256990143,High,0.7372,42.5,WC-002
MFG-LINE-PLT-002-04,PLT-002,PRD-2023-SKU-06090,WO-2023-93284,0.875613437547657,High,0.7854,38.5,WC-001
MFG-LINE-PLT-004-03,PLT-004,PRD-2023-SKU-08526,WO-2023-71397,0.08713211275207408,Low,0.5463,197.8,WC-005
MFG-LINE-PLT-004-07,PLT-004,PRD-2022-SKU-03473,WO-2022-24526,0.163711884251065,Low,0.7579,39.6,WC-002
MFG-LINE-PLT-003-03,PLT-003,PRD-2023-SKU-01038,WO-2023-46768,0.433969964239974,Medium,0.7508,24.7,WC-003
MFG-LINE-PLT-004-04,PLT-004,PRD-2020-SKU-06838,WO-2020-84954,0.7277027595270309,High,0.8287,5.6,WC-001
MFG-LINE-PLT-010-04,PLT-010,PRD-2023-SKU-01398,WO-2023-06158,0.8466793774706703,High,0.6928,29.8,WC-007
MFG-LINE-PLT-004-06,PLT-004,PRD-2021-SKU-08014,WO-2021-93295,0.716032013940383,High,0.7149,102.6,WC-003
MFG-LINE-PLT-002-02,PLT-002,PRD-2021-SKU-01080,WO-2021-70278,0.03152319241367364,Low,0.6769,14.3,WC-002
MFG-LINE-PLT-004-02,PLT-004,PRD-2021-SKU-02364,WO-2021-20201,0.51438222001225,Medium,0.7084,19.9,WC-001
MFG-LINE-PLT-004-05,PLT-004,PRD-2021-SKU-04111,WO-2021-28274,0.5291384316626799,Medium,0.7639,5.2,WC-003
MFG-LINE-PLT-001-01,PLT-001,PRD-2024-SKU-05941,WO-2024-51435,0.03041401587301587,Low,0.7315,4.8,WC-004
MFG-LINE-PLT-010-01,PLT-010,PRD-2021-SKU-05624,WO-2021-91442,0.738374225859086,High,0.5949,93.0,WC-002
MFG-LINE-PLT-005-02,PLT-005,PRD-2024-SKU-04545,WO-2024-69078,0.41879020371975345,Medium,0.7449,35.4,WC-002
MFG-LINE-PLT-002-04,PLT-002,PRD-2021-SKU-03972,WO-2021-92172,0.9692004245307564,High,0.8065,40.2,WC-002
MFG-LINE-PLT-001-01,PLT-001,PRD-2024-SKU-04831,WO-2024-59776,0.0058773618538324425,Low,0.7137,54.1,WC-010
MFG-LINE-PLT-010-04,PLT-010,PRD-2022-SKU-04916,WO-2022-79918,0.7799091115358556,High,0.6728,36.4,WC-003
MFG-LINE-PLT-010-03,PLT-010,PRD-2021-SKU-04727,WO-2021-81404,0.9192487574800654,High,0.4144,212.9,WC-002
MFG-LINE-PLT-010-03,PLT-010,PRD-2023-SKU-09572,WO-2023-06143,0.8858060022016288,High,0.7209,0.0,WC-008
MFG-LINE-PLT-006-01,PLT-006,PRD-2024-SKU-08909,WO-2024-17186,0.9391230431104997,High,0.6863,93.9,WC-007
MFG-LINE-PLT-005-01,PLT-005,PRD-2022-SKU-09704,WO-2022-36873,0.6363593715529062,Medium,0.455,188.4,WC-004
MFG-LINE-PLT-002-03,PLT-002,PRD-2022-SKU-04900,WO-2022-48120,0.493418861706222,Medium,0.6857,77.5,WC-002
MFG-LINE-PLT-008-02,PLT-008,PRD-2022-SKU-09896,WO-2022-24636,0.556602454691929,Medium,0.6541,46.0,WC-006
MFG-LINE-PLT-007-02,PLT-007,PRD-2020-SKU-08788,WO-2020-75451,0.33331509730032066,Low,0.5341,131.2,WC-001
MFG-LINE-PLT-003-01,PLT-003,PRD-2024-SKU-02748,WO-2024-29833,0.1465307695235363,Low,0.7503,62.2,WC-007
MFG-LINE-PLT-005-05,PLT-005,PRD-2021-SKU-01197,WO-2021-22295,0.03419811421285111,Low,0.5827,17.8,WC-002
MFG-LINE-PLT-004-01,PLT-004,PRD-2023-SKU-01929,WO-2023-39721,0.24882198815621742,Low,0.6682,92.4,WC-004
MFG-LINE-PLT-004-01,PLT-004,PRD-2020-SKU-06338,WO-2020-76396,0.03791459877531008,Low,0.6731,87.9,WC-005
MFG-LINE-PLT-003-05,PLT-003,PRD-2021-SKU-09919,WO-2021-15772,0.6495407123748991,Medium,0.5961,12.2,WC-002
MFG-LINE-PLT-005-03,PLT-005,PRD-2023-SKU-07597,WO-2023-44798,0.026421955029760472,Low,0.7364,44.9,WC-001
MFG-LINE-PLT-002-02,PLT-002,PRD-2024-SKU-04783,WO-2024-62788,0.010395238095238098,Low,0.8206,0.0,WC-010
MFG-LINE-PLT-004-06,PLT-004,PRD-2023-SKU-07051,WO-2023-92680,0.7443407472740612,High,0.8319,18.4,WC-003
MFG-LINE-PLT-003-02,PLT-003,PRD-2021-SKU-09076,WO-2021-97174,0.17318304881548796,Low,0.8142,15.4,WC-001
MFG-LINE-PLT-004-06,PLT-004,PRD-2023-SKU-04794,WO-2023-87189,0.8008405866558197,High,0.7333,0.0,WC-002
MFG-LINE-PLT-008-02,PLT-008,PRD-2024-SKU-04615,WO-2024-05380,0.5919554585816919,Medium,0.7387,31.4,WC-003
MFG-LINE-PLT-004-07,PLT-004,PRD-2020-SKU-05903,WO-2020-07539,0.12120734045124454,Low,0.5861,84.8,WC-001
MFG-LINE-PLT-004-02,PLT-004,PRD-2021-SKU-06904,WO-2021-78104,0.8252781277603602,High,0.4541,58.3,WC-002
MFG-LINE-PLT-004-01,PLT-004,PRD-2020-SKU-07718,WO-2020-46445,0.31751169119958134,Low,0.4655,42.0,WC-006
MFG-LINE-PLT-001-02,PLT-001,PRD-2024-SKU-03552,WO-2024-90325,0.8913082089535049,High,0.7488,12.2,WC-001
MFG-LINE-PLT-007-02,PLT-007,PRD-2023-SKU-07299,WO-2023-52758,0.3383024758534031,Low,0.5933,71.0,WC-002
MFG-LINE-PLT-003-02,PLT-003,PRD-2023-SKU-05935,WO-2023-23213,0.1111662795603686,Low,0.7005,78.4,WC-001
MFG-LINE-PLT-002-02,PLT-002,PRD-2020-SKU-07466,WO-2020-28443,0.018250471212481186,Low,0.7202,5.0,WC-005
MFG-LINE-PLT-010-02,PLT-010,PRD-2023-SKU-05432,WO-2023-44332,0.7578214598346951,High,0.691,71.1,WC-001
MFG-LINE-PLT-009-01,PLT-009,PRD-2023-SKU-09363,WO-2023-84435,0.9176845455689235,High,0.5692,147.7,WC-001
MFG-LINE-PLT-005-06,PLT-005,PRD-2024-SKU-02949,WO-2024-77158,0.46260566687477533,Medium,0.5248,170.5,WC-005
MFG-LINE-PLT-003-05,PLT-003,PRD-2024-SKU-08918,WO-2024-06394,0.835037745777436,High,0.8124,0.0,WC-004
MFG-LINE-PLT-008-01,PLT-008,PRD-2023-SKU-09297,WO-2023-45407,0.650139103164665,Medium,0.749,13.5,WC-003
MFG-LINE-PLT-007-02,PLT-007,PRD-2023-SKU-03996,WO-2023-92975,0.34757461385526284,Low,0.8997,23.2,WC-002
MFG-LINE-PLT-006-02,PLT-006,PRD-2023-SKU-04429,WO-2023-54537,0.9932075701367803,High,0.7447,44.0,WC-009
MFG-LINE-PLT-010-04,PLT-010,PRD-2024-SKU-08167,WO-2024-50859,0.8037304525154141,High,0.2748,244.72483450615303,WC-007
MFG-LINE-PLT-004-04,PLT-004,PRD-2022-SKU-05183,WO-2022-19392,0.7401962174678315,High,0.6388,53.4,WC-002
MFG-LINE-PLT-005-03,PLT-005,PRD-2022-SKU-05585,WO-2022-15835,0.057341837562546676,Low,0.5544,116.5,WC-002
MFG-LINE-PLT-007-01,PLT-007,PRD-2021-SKU-01139,WO-2021-18571,0.04179516363291578,Low,0.5988,85.1,WC-001
MFG-LINE-PLT-006-01,PLT-006,PRD-2024-SKU-08933,WO-2024-14468,0.9043691542822055,High,0.3545,165.2,WC-006
MFG-LINE-PLT-006-02,PLT-006,PRD-2021-SKU-09167,WO-2021-33799,0.926776667236353,High,0.4102,100.2,WC-011
MFG-LINE-PLT-002-03,PLT-002,PRD-2024-SKU-09889,WO-2024-25207,0.19688103847503133,Low,0.4763,54.2,WC-002
MFG-LINE-PLT-008-01,PLT-008,PRD-2023-SKU-03126,WO-2023-94759,0.5906198303581619,Medium,0.827,34.5,WC-002
MFG-LINE-PLT-004-01,PLT-004,PRD-2022-SKU-04124,WO-2022-70536,0.5730464985228853,Medium,0.4776,143.6,WC-003
MFG-LINE-PLT-001-02,PLT-001,PRD-2022-SKU-05258,WO-2022-40393,0.41207820010094126,Medium,0.9175,6.8,WC-003
MFG-LINE-PLT-009-01,PLT-009,PRD-2024-SKU-04621,WO-2024-32775,0.9055601566935784,High,0.5855,82.4,WC-002
MFG-LINE-PLT-009-01,PLT-009,PRD-2024-SKU-09557,WO-2024-32693,0.9308896797919369,High,0.7391,21.3,WC-003
MFG-LINE-PLT-009-02,PLT-009,PRD-2024-SKU-08589,WO-2024-92883,0.17418989463210413,Low,0.5792,107.5,WC-002
MFG-LINE-PLT-003-03,PLT-003,PRD-2023-SKU-04294,WO-2023-60162,0.21099463255214132,Low,0.3233,97.1,WC-001
MFG-LINE-PLT-003-04,PLT-003,PRD-2023-SKU-08041,WO-2023-10540,0.1805917501545194,Low,0.685,45.6,WC-003
MFG-LINE-PLT-003-01,PLT-003,PRD-2023-SKU-04928,WO-2023-65283,0.49072501941851515,Medium,0.6415,28.9,WC-009
MFG-LINE-PLT-002-02,PLT-002,PRD-2020-SKU-08961,WO-2020-34824,0.002333333333333333,Low,0.6968,29.9,WC-001
MFG-LINE-PLT-004-03,PLT-004,PRD-2021-SKU-09131,WO-2021-19934,0.33510491765085565,Low,0.4736,90.1,WC-001
MFG-LINE-PLT-005-06,PLT-005,PRD-2022-SKU-03485,WO-2022-92846,0.47009928559393926,Medium,0.7066,51.1,WC-001
MFG-LINE-PLT-007-01,PLT-007,PRD-2021-SKU-07499,WO-2021-72850,0.15160709186157,Low,0.607,121.4,WC-006
MFG-LINE-PLT-005-06,PLT-005,PRD-2020-SKU-06298,WO-2020-34975,0.15977190923070975,Low,0.4121,74.9,WC-004
MFG-LINE-PLT-003-02,PLT-003,PRD-2021-SKU-01538,WO-2021-87125,0.10797050039323096,Low,0.7894,68.6,WC-001
MFG-LINE-PLT-004-02,PLT-004,PRD-2023-SKU-05692,WO-2023-58644,0.6730120755931926,Medium,0.2037,280.5318234656884,WC-001
MFG-LINE-PLT-004-02,PLT-004,PRD-2020-SKU-07410,WO-2020-12718,0.770125869582839,High,0.7929,5.6,WC-001
MFG-LINE-PLT-003-04,PLT-003,PRD-2022-SKU-03224,WO-2022-34765,0.19934823188452,Low,0.7274,55.4,WC-003
MFG-LINE-PLT-004-02,PLT-004,PRD-2022-SKU-01308,WO-2022-01640,0.6494707083094785,Medium,0.8543,0.0,WC-001
MFG-LINE-PLT-003-05,PLT-003,PRD-2024-SKU-02350,WO-2024-48666,0.7454271019530245,High,0.5222,16.4,WC-002
MFG-LINE-PLT-002-01,PLT-002,PRD-2021-SKU-01841,WO-2021-96287,0.06770517228819779,Low,0.597,99.7,WC-001
MFG-LINE-PLT-010-02,PLT-010,PRD-2024-SKU-02364,WO-2024-99686,0.841852208885929,High,0.6677,41.5,WC-004
MFG-LINE-PLT-003-05,PLT-003,PRD-2021-SKU-06634,WO-2021-02345,0.8070940181337616,High,0.6712,35.1,WC-004
MFG-LINE-PLT-002-03,PLT-002,PRD-2024-SKU-03229,WO-2024-81234,0.3633908924485356,Low,0.8377,37.5,WC-005
MFG-LINE-PLT-004-02,PLT-004,PRD-2022-SKU-04040,WO-2022-73693,0.6561556617197135,Medium,0.3112,117.7,WC-002
MFG-LINE-PLT-005-02,PLT-005,PRD-2021-SKU-02962,WO-2021-44553,0.4113652414052874,Medium,0.8711,10.8,WC-001
MFG-LINE-PLT-003-01,PLT-003,PRD-2024-SKU-04304,WO-2024-86237,0.319151610213087,Low,0.6698,58.5,WC-002
MFG-LINE-PLT-008-01,PLT-008,PRD-2023-SKU-02089,WO-2023-42333,0.3029161448647155,Low,0.5245,107.2,WC-002
MFG-LINE-PLT-005-05,PLT-005,PRD-2022-SKU-02676,WO-2022-02174,0.010796456334587133,Low,0.6863,103.3,WC-001
MFG-LINE-PLT-003-04,PLT-003,PRD-2021-SKU-02194,WO-2021-10130,0.11800803920587312,Low,0.7952,43.3,WC-005
MFG-LINE-PLT-010-04,PLT-010,PRD-2024-SKU-09714,WO-2024-32770,0.7909730624478346,High,0.574,94.1,WC-007
MFG-LINE-PLT-007-02,PLT-007,PRD-2020-SKU-05573,WO-2020-22082,0.347197076058492,Low,0.7241,53.9,WC-002
MFG-LINE-PLT-010-01,PLT-010,PRD-2021-SKU-09870,WO-2021-55643,0.7953689097127872,High,0.6062,21.9,WC-001
MFG-LINE-PLT-003-02,PLT-003,PRD-2021-SKU-01123,WO-2021-30980,0.2789658571808742,Low,0.5956,38.7,WC-001
MFG-LINE-PLT-007-01,PLT-007,PRD-2020-SKU-04863,WO-2020-00531,0.1486560959332672,Low,0.6665,23.8,WC-004
MFG-LINE-PLT-010-02,PLT-010,PRD-2022-SKU-07469,WO-2022-61121,0.8415145473021457,High,0.7261,62.4,WC-003
MFG-LINE-PLT-010-03,PLT-010,PRD-2020-SKU-06714,WO-2020-76562,0.7071437284061924,High,0.8098,9.8,WC-001
MFG-LINE-PLT-005-05,PLT-005,PRD-2021-SKU-05089,WO-2021-55397,0.010787771405689065,Low,0.7313,7.1,WC-002
MFG-LINE-PLT-005-02,PLT-005,PRD-2020-SKU-03855,WO-2020-10875,0.43162142355993854,Medium,0.8106,0.0,WC-003
MFG-LINE-PLT-005-04,PLT-005,PRD-2020-SKU-05119,WO-2020-17841,0.5044377492809913,Medium,0.648,42.7,WC-002
MFG-LINE-PLT-006-01,PLT-006,PRD-2020-SKU-09138,WO-2020-62850,0.6792262112839937,Medium,0.4846,76.5,WC-012
MFG-LINE-PLT-003-04,PLT-003,PRD-2021-SKU-07010,WO-2021-22162,0.37467216326883884,Low,0.5563,54.6,WC-008
MFG-LINE-PLT-005-01,PLT-005,PRD-2024-SKU-02720,WO-2024-97936,0.7155626330678352,High,0.8347,42.6,WC-004
MFG-LINE-PLT-010-03,PLT-010,PRD-2024-SKU-01452,WO-2024-46866,0.9557124931501366,High,0.7541,26.3,WC-007
MFG-LINE-PLT-009-02,PLT-009,PRD-2021-SKU-09585,WO-2021-45968,0.047952248444126086,Low,0.8466,15.6,WC-002
MFG-LINE-PLT-005-05,PLT-005,PRD-2023-SKU-06273,WO-2023-07300,0.015000252669433712,Low,0.7997,18.5,WC-002
MFG-LINE-PLT-002-02,PLT-002,PRD-2023-SKU-07441,WO-2023-37174,0.023136507936507934,Low,0.7155,0.0,WC-009
MFG-LINE-PLT-010-01,PLT-010,PRD-2020-SKU-03959,WO-2020-64745,0.6600818169688039,Medium,0.5166,124.3,WC-003
MFG-LINE-PLT-003-03,PLT-003,PRD-2024-SKU-07729,WO-2024-70331,0.0401663617531095,Low,0.5749,88.1,WC-003
MFG-LINE-PLT-008-02,PLT-008,PRD-2024-SKU-03707,WO-2024-28523,0.5359732110019152,Medium,0.7215,46.8,WC-005
MFG-LINE-PLT-003-04,PLT-003,PRD-2022-SKU-01881,WO-2022-49451,0.15921662573495446,Low,0.7594,33.1,WC-007
MFG-LINE-PLT-010-04,PLT-010,PRD-2020-SKU-08446,WO-2020-00741,0.7536770555921121,High,0.67,66.5,WC-003
MFG-LINE-PLT-005-01,PLT-005,PRD-2023-SKU-01805,WO-2023-93092,0.7589350268291689,High,0.8483,6.7,WC-001
MFG-LINE-PLT-009-01,PLT-009,PRD-2021-SKU-03209,WO-2021-10512,0.8701850164157231,High,0.6646,104.1,WC-003
MFG-LINE-PLT-005-02,PLT-005,PRD-2024-SKU-03220,WO-2024-69143,0.6963632127086117,Medium,0.7762,9.8,WC-001
MFG-LINE-PLT-001-01,PLT-001,PRD-2020-SKU-01084,WO-2020-70347,0.050394377153395585,Low,0.5451,110.6,WC-008
MFG-LINE-PLT-002-03,PLT-002,PRD-2024-SKU-02907,WO-2024-22123,0.2054208214835006,Low,0.6243,46.7,WC-005
MFG-LINE-PLT-010-02,PLT-010,PRD-2022-SKU-07080,WO-2022-19562,0.7537997053912382,High,0.554,26.5,WC-002
MFG-LINE-PLT-009-02,PLT-009,PRD-2020-SKU-09556,WO-2020-49460,0.06610592135376325,Low,0.6297,82.0,WC-001
MFG-LINE-PLT-006-02,PLT-006,PRD-2023-SKU-05303,WO-2023-84542,0.9870043955336057,High,0.7461,43.3,WC-010
MFG-LINE-PLT-005-03,PLT-005,PRD-2023-SKU-04708,WO-2023-42094,0.0303204387186885,Low,0.6985,71.4,WC-002
MFG-LINE-PLT-006-02,PLT-006,PRD-2023-SKU-05212,WO-2023-56663,0.9898393161685266,High,0.6721,33.4,WC-019
MFG-LINE-PLT-003-03,PLT-003,PRD-2022-SKU-01662,WO-2022-12284,0.041109792656139316,Low,0.7426,73.0,WC-002
MFG-LINE-PLT-001-01,PLT-001,PRD-2024-SKU-01172,WO-2024-75577,0.08075385661428429,Low,0.512,178.9,WC-002
MFG-LINE-PLT-010-03,PLT-010,PRD-2021-SKU-01361,WO-2021-94401,0.9612071296092164,High,0.6525,123.9,WC-002
MFG-LINE-PLT-004-04,PLT-004,PRD-2024-SKU-04922,WO-2024-82572,0.7569188375629419,High,0.511,39.4,WC-002
MFG-LINE-PLT-001-01,PLT-001,PRD-2023-SKU-08426,WO-2023-21536,0.037813211698455335,Low,0.6019,103.5,WC-003
MFG-LINE-PLT-007-01,PLT-007,PRD-2022-SKU-01832,WO-2022-82697,0.18695485481208685,Low,0.5578,8.7,WC-010
MFG-LINE-PLT-009-02,PLT-009,PRD-2022-SKU-05881,WO-2022-54475,0.04920549260240749,Low,0.8242,16.0,WC-002
MFG-LINE-PLT-010-02,PLT-010,PRD-2021-SKU-04999,WO-2021-72008,0.4567967902566461,Medium,0.7641,39.7,WC-004
MFG-LINE-PLT-003-03,PLT-003,PRD-2020-SKU-07609,WO-2020-67330,0.08225240570240568,Low,0.962,0.0,WC-002
MFG-LINE-PLT-003-05,PLT-003,PRD-2024-SKU-06735,WO-2024-14642,0.5869820686620494,Medium,0.9144,12.0,WC-005
MFG-LINE-PLT-002-02,PLT-002,PRD-2021-SKU-03796,WO-2021-35927,0.01679047619047619,Low,0.7222,6.0,WC-008
MFG-LINE-PLT-010-03,PLT-010,PRD-2020-SKU-06836,WO-2020-33459,0.939545065422442,High,0.6372,112.4,WC-007
MFG-LINE-PLT-006-02,PLT-006,PRD-2020-SKU-06549,WO-2020-72670,0.9878479706079228,High,0.7154,59.1,WC-004
MFG-LINE-PLT-007-01,PLT-007,PRD-2022-SKU-07878,WO-2022-71248,0.06434437496136232,Low,0.8656,0.0,WC-001
MFG-LINE-PLT-004-06,PLT-004,PRD-2020-SKU-01176,WO-2020-59267,0.7159398780572139,High,0.6972,77.9,WC-002
MFG-LINE-PLT-010-04,PLT-010,PRD-2023-SKU-02492,WO-2023-15296,0.8393120925377965,High,0.6993,25.6,WC-005
MFG-LINE-PLT-002-02,PLT-002,PRD-2023-SKU-07186,WO-2023-74005,0.013614692610554084,Low,0.6872,22.8,WC-007
MFG-LINE-PLT-003-03,PLT-003,PRD-2021-SKU-02968,WO-2021-52914,0.17660325883495834,Low,0.6262,74.9,WC-002
MFG-LINE-PLT-004-06,PLT-004,PRD-2020-SKU-01254,WO-2020-91237,0.3555616888835422,Low,0.8033,35.2,WC-002
MFG-LINE-PLT-004-06,PLT-004,PRD-2022-SKU-06259,WO-2022-81579,0.3942000414542216,Low,0.742,6.8,WC-002
MFG-LINE-PLT-005-05,PLT-005,PRD-2020-SKU-01211,WO-2020-36245,0.1564379618367742,Low,0.9221,23.9,WC-003
MFG-LINE-PLT-003-03,PLT-003,PRD-2024-SKU-03021,WO-2024-12870,0.06034396468920596,Low,0.7216,27.3,WC-002
MFG-LINE-PLT-006-02,PLT-006,PRD-2023-SKU-01814,WO-2023-91378,0.9689739854996657,High,0.8386,32.5,WC-014
MFG-LINE-PLT-007-02,PLT-007,PRD-2022-SKU-04131,WO-2022-39116,0.7269982394792734,High,0.8058,9.5,WC-002
MFG-LINE-PLT-008-01,PLT-008,PRD-2021-SKU-08702,WO-2021-70841,0.3522946936368707,Low,0.8302,0.0,WC-001
MFG-LINE-PLT-007-01,PLT-007,PRD-2024-SKU-07025,WO-2024-49085,0.09624608083616025,Low,0.4425,146.4,WC-015
MFG-LINE-PLT-003-01,PLT-003,PRD-2022-SKU-08634,WO-2022-07097,0.43000584212798537,Medium,0.4609,132.0,WC-011
MFG-LINE-PLT-003-03,PLT-003,PRD-2024-SKU-05403,WO-2024-49962,0.09648363039723429,Low,0.4586,165.6,WC-003
MFG-LINE-PLT-005-01,PLT-005,PRD-2024-SKU-03172,WO-2024-88802,0.4245773270866718,Medium,0.5733,87.4,WC-004
MFG-LINE-PLT-005-03,PLT-005,PRD-2020-SKU-09991,WO-2020-10380,0.06824206089384843,Low,0.6246,36.1,WC-002
MFG-LINE-PLT-002-03,PLT-002,PRD-2024-SKU-09652,WO-2024-26655,0.2674629120541294,Low,0.7495,21.5,WC-001
MFG-LINE-PLT-005-03,PLT-005,PRD-2021-SKU-04652,WO-2021-77102,0.061693002385001285,Low,0.6377,86.1,WC-002
MFG-LINE-PLT-010-02,PLT-010,PRD-2020-SKU-05593,WO-2020-21294,0.7685656740121354,High,0.7331,88.0,WC-003
MFG-LINE-PLT-005-02,PLT-005,PRD-2021-SKU-05493,WO-2021-99260,0.6823607454888891,Medium,0.7173,37.4,WC-005
MFG-LINE-PLT-004-05,PLT-004,PRD-2022-SKU-04547,WO-2022-06616,0.1754514247518053,Low,0.8801,47.2,WC-005
MFG-LINE-PLT-005-02,PLT-005,PRD-2023-SKU-03995,WO-2023-05354,0.7670919932877477,High,0.7737,28.1,WC-003
MFG-LINE-PLT-003-03,PLT-003,PRD-2021-SKU-03532,WO-2021-44583,0.06622623346040349,Low,0.5967,71.6,WC-001
MFG-LINE-PLT-003-01,PLT-003,PRD-2022-SKU-09482,WO-2022-91150,0.27532322363775086,Low,0.6379,87.1,WC-010
MFG-LINE-PLT-002-04,PLT-002,PRD-2022-SKU-04714,WO-2022-76637,0.90322158738407,High,0.7899,5.3,WC-003
MFG-LINE-PLT-003-01,PLT-003,PRD-2024-SKU-05771,WO-2024-02264,0.6210662546601128,Medium,0.4924,21.2,WC-010
MFG-LINE-PLT-004-05,PLT-004,PRD-2023-SKU-08730,WO-2023-66498,0.21205016788483794,Low,0.9067,23.5,WC-009
MFG-LINE-PLT-005-02,PLT-005,PRD-2021-SKU-08758,WO-2021-39137,0.7772198118509456,High,0.9041,0.0,WC-005
MFG-LINE-PLT-002-04,PLT-002,PRD-2021-SKU-07932,WO-2021-36740,0.9811716050612012,High,0.6155,26.3,WC-002
MFG-LINE-PLT-004-02,PLT-004,PRD-2024-SKU-01763,WO-2024-46518,0.8083532443984304,High,0.6008,34.8,WC-001
MFG-LINE-PLT-005-04,PLT-005,PRD-2024-SKU-05840,WO-2024-55525,0.7374017045263443,High,0.7121,51.5,WC-003
MFG-LINE-PLT-004-03,PLT-004,PRD-2022-SKU-05602,WO-2022-53075,0.11332095259588547,Low,0.6522,51.3,WC-004
MFG-LINE-PLT-004-06,PLT-004,PRD-2023-SKU-04182,WO-2023-33934,0.6983029231803284,Medium,0.7175,62.2,WC-002
MFG-LINE-PLT-005-04,PLT-005,PRD-2024-SKU-07292,WO-2024-06977,0.6584023964071373,Medium,0.5721,87.6,WC-003
MFG-LINE-PLT-009-02,PLT-009,PRD-2023-SKU-04867,WO-2023-70465,0.07345642740845415,Low,0.7893,72.1,WC-003
MFG-LINE-PLT-002-02,PLT-002,PRD-2024-SKU-04209,WO-2024-98458,0.01881013431013431,Low,0.7643,72.4,WC-004
MFG-LINE-PLT-006-01,PLT-006,PRD-2022-SKU-05795,WO-2022-53663,0.9817998372327823,High,0.7382,88.1,WC-012
MFG-LINE-PLT-002-04,PLT-002,PRD-2024-SKU-08064,WO-2024-70617,0.95848476265357,High,0.7966,40.2,WC-004
MFG-LINE-PLT-006-01,PLT-006,PRD-2021-SKU-04852,WO-2021-55654,0.930080322035061,High,0.7834,76.3,WC-012
MFG-LINE-PLT-006-01,PLT-006,PRD-2020-SKU-06309,WO-2020-55744,0.9780938547887784,High,0.7873,57.2,WC-004
MFG-LINE-PLT-004-03,PLT-004,PRD-2021-SKU-09091,WO-2021-61626,0.2356947280657061,Low,0.5524,127.6,WC-002
MFG-LINE-PLT-005-06,PLT-005,PRD-2021-SKU-06487,WO-2021-74601,0.15289250118926706,Low,0.7558,82.0,WC-007
MFG-LINE-PLT-007-01,PLT-007,PRD-2024-SKU-07463,WO-2024-79020,0.10468115509632088,Low,0.7117,53.0,WC-014
MFG-LINE-PLT-004-01,PLT-004,PRD-2023-SKU-02903,WO-2023-48496,0.08280942332678476,Low,0.6663,95.0,WC-003
MFG-LINE-PLT-008-02,PLT-008,PRD-2023-SKU-09557,WO-2023-03537,0.7188345814299903,High,0.8851,9.0,WC-002
MFG-LINE-PLT-009-02,PLT-009,PRD-2020-SKU-08557,WO-2020-99765,0.07496955397532319,Low,0.7444,48.0,WC-001
MFG-LINE-PLT-002-02,PLT-002,PRD-2021-SKU-03639,WO-2021-87932,0.02097380952380952,Low,0.6532,8.1,WC-006
MFG-LINE-PLT-003-04,PLT-003,PRD-2022-SKU-09031,WO-2022-64588,0.1562433128062607,Low,0.7875,39.8,WC-002
MFG-LINE-PLT-002-04,PLT-002,PRD-2022-SKU-07535,WO-2022-81420,0.8665115985900131,High,0.6682,116.4,WC-002
MFG-LINE-PLT-010-03,PLT-010,PRD-2023-SKU-04933,WO-2023-39612,0.9550846861306883,High,0.789,39.1,WC-009
MFG-LINE-PLT-003-02,PLT-003,PRD-2020-SKU-03683,WO-2020-03499,0.18044392618269095,Low,0.5573,51.1,WC-001
MFG-LINE-PLT-006-01,PLT-006,PRD-2023-SKU-06623,WO-2023-27528,0.974958456891571,High,0.6343,77.7,WC-004
MFG-LINE-PLT-005-02,PLT-005,PRD-2023-SKU-05377,WO-2023-06733,0.4008631090900098,Medium,0.6672,35.8,WC-004
MFG-LINE-PLT-010-04,PLT-010,PRD-2021-SKU-05678,WO-2021-65529,0.8496781571902313,High,0.8436,19.2,WC-005
MFG-LINE-PLT-004-05,PLT-004,PRD-2024-SKU-05179,WO-2024-38267,0.23564088122048432,Low,0.633,58.0,WC-004
MFG-LINE-PLT-003-04,PLT-003,PRD-2024-SKU-07583,WO-2024-18355,0.2352824140293948,Low,0.6171,49.5,WC-006
MFG-LINE-PLT-008-01,PLT-008,PRD-2020-SKU-02513,WO-2020-47727,0.45865094433599324,Medium,0.6658,96.5,WC-002
MFG-LINE-PLT-005-04,PLT-005,PRD-2024-SKU-08865,WO-2024-02542,0.32483458651843095,Low,0.3398,148.5,WC-003
MFG-LINE-PLT-002-04,PLT-002,PRD-2024-SKU-08296,WO-2024-62725,0.9225717836698268,High,0.8433,12.1,WC-004
MFG-LINE-PLT-005-01,PLT-005,PRD-2022-SKU-09595,WO-2022-61422,0.48208733732440284,Medium,0.5657,144.8,WC-002
MFG-LINE-PLT-004-07,PLT-004,PRD-2020-SKU-06243,WO-2020-85375,0.10890538123395235,Low,0.4854,130.3,WC-003
MFG-LINE-PLT-001-01,PLT-001,PRD-2022-SKU-03943,WO-2022-34789,0.01599149262190871,Low,0.5384,107.1,WC-010
MFG-LINE-PLT-010-03,PLT-010,PRD-2020-SKU-06459,WO-2020-14709,0.966949674155214,High,0.5261,116.2,WC-005
MFG-LINE-PLT-010-03,PLT-010,PRD-2022-SKU-02379,WO-2022-65897,0.9722192737270003,High,0.6116,93.4,WC-003
MFG-LINE-PLT-004-07,PLT-004,PRD-2022-SKU-09165,WO-2022-69001,0.11301404000901169,Low,0.6689,71.6,WC-001
MFG-LINE-PLT-004-04,PLT-004,PRD-2023-SKU-03843,WO-2023-48084,0.6979963606775819,Medium,0.9866,0.0,WC-002
MFG-LINE-PLT-010-04,PLT-010,PRD-2023-SKU-04559,WO-2023-47624,0.6703962273226726,Medium,0.872,27.7,WC-004
MFG-LINE-PLT-006-01,PLT-006,PRD-2022-SKU-07335,WO-2022-76339,0.9772280869605088,High,0.7992,38.1,WC-005
MFG-LINE-PLT-003-01,PLT-003,PRD-2023-SKU-09654,WO-2023-70360,0.2329952736582673,Low,0.5227,101.7,WC-010
MFG-LINE-PLT-003-01,PLT-003,PRD-2022-SKU-04484,WO-2022-54726,0.7677701900841599,High,0.5061,10.2,WC-010
MFG-LINE-PLT-002-01,PLT-002,PRD-2023-SKU-06129,WO-2023-98947,0.0464800350783109,Low,0.7304,40.1,WC-001
MFG-LINE-PLT-004-05,PLT-004,PRD-2020-SKU-02989,WO-2020-02770,0.20013850499786703,Low,0.723,7.5,WC-009
MFG-LINE-PLT-002-04,PLT-002,PRD-2024-SKU-01499,WO-2024-61886,0.9303323330698745,High,0.9128,0.0,WC-005
MFG-LINE-PLT-005-05,PLT-005,PRD-2024-SKU-09894,WO-2024-02717,0.014240511416695453,Low,0.6965,52.4,WC-002
MFG-LINE-PLT-003-04,PLT-003,PRD-2023-SKU-08784,WO-2023-91985,0.5162723167422846,Medium,0.6033,97.2,WC-007
MFG-LINE-PLT-010-03,PLT-010,PRD-2022-SKU-04075,WO-2022-00111,0.8486275107387627,High,0.6836,9.1,WC-010
MFG-LINE-PLT-004-04,PLT-004,PRD-2024-SKU-05847,WO-2024-18789,0.3590283361008248,Low,0.698,87.6,WC-002
MFG-LINE-PLT-004-07,PLT-004,PRD-2024-SKU-02546,WO-2024-72346,0.5210912567975329,Medium,0.498,59.6,WC-004
MFG-LINE-PLT-004-02,PLT-004,PRD-2024-SKU-01127,WO-2024-42366,0.7693415903973676,High,0.6613,53.9,WC-001
MFG-LINE-PLT-007-02,PLT-007,PRD-2022-SKU-06853,WO-2022-90212,0.4616230203413483,Medium,0.6063,88.2,WC-001
MFG-LINE-PLT-003-01,PLT-003,PRD-2024-SKU-04006,WO-2024-55030,0.108722571677415,Low,0.7771,82.8,WC-005
MFG-LINE-PLT-007-02,PLT-007,PRD-2023-SKU-09103,WO-2023-62952,0.3468178937240105,Low,0.4666,92.0,WC-002
MFG-LINE-PLT-008-02,PLT-008,PRD-2023-SKU-09554,WO-2023-65716,0.6562742319746722,Medium,0.8904,45.4,WC-005
MFG-LINE-PLT-004-04,PLT-004,PRD-2023-SKU-02692,WO-2023-18041,0.8134047023013136,High,0.769,0.0,WC-002
MFG-LINE-PLT-009-01,PLT-009,PRD-2020-SKU-03559,WO-2020-90802,0.7548712478751178,High,0.6387,32.4,WC-004
MFG-LINE-PLT-003-02,PLT-003,PRD-2021-SKU-09714,WO-2021-86429,0.1587634680758734,Low,0.5991,56.8,WC-001
MFG-LINE-PLT-001-02,PLT-001,PRD-2022-SKU-04988,WO-2022-79347,0.8282703765974665,High,0.5726,30.5,WC-002
MFG-LINE-PLT-004-03,PLT-004,PRD-2024-SKU-07957,WO-2024-61571,0.14299196793594338,Low,0.4928,80.9,WC-001
MFG-LINE-PLT-007-01,PLT-007,PRD-2020-SKU-07410,WO-2020-57014,0.03446690522287224,Low,0.6287,45.5,WC-010
MFG-LINE-PLT-009-02,PLT-009,PRD-2024-SKU-01279,WO-2024-01997,0.020496462916702544,Low,0.7858,45.0,WC-002
MFG-LINE-PLT-004-03,PLT-004,PRD-2023-SKU-07528,WO-2023-41824,0.25490783321673827,Low,0.5875,71.5,WC-005
MFG-LINE-PLT-002-03,PLT-002,PRD-2020-SKU-09706,WO-2020-24159,0.21095668135774256,Low,0.4383,85.0,WC-005
MFG-LINE-PLT-002-03,PLT-002,PRD-2023-SKU-07225,WO-2023-61648,0.29558444021855507,Low,0.8903,9.6,WC-009
MFG-LINE-PLT-010-04,PLT-010,PRD-2022-SKU-03245,WO-2022-65289,0.8735817610845592,High,0.6644,26.8,WC-006
MFG-LINE-PLT-010-04,PLT-010,PRD-2020-SKU-04282,WO-2020-05723,0.7379232252878656,High,0.7104,15.2,WC-003
MFG-LINE-PLT-004-05,PLT-004,PRD-2022-SKU-09097,WO-2022-34524,0.251343394003094,Low,0.552,70.8,WC-007
MFG-LINE-PLT-004-04,PLT-004,PRD-2021-SKU-09459,WO-2021-24832,0.6661486712292253,Medium,0.8328,33.4,WC-001
MFG-LINE-PLT-005-05,PLT-005,PRD-2024-SKU-04414,WO-2024-33230,0.057229853052461324,Low,0.5219,99.4,WC-002
MFG-LINE-PLT-001-01,PLT-001,PRD-2020-SKU-03595,WO-2020-96257,0.027033184839477115,Low,0.5891,43.3,WC-008
MFG-LINE-PLT-005-05,PLT-005,PRD-2023-SKU-02489,WO-2023-30254,0.035865734490432157,Low,0.4961,63.6,WC-003
MFG-LINE-PLT-005-04,PLT-005,PRD-2020-SKU-03735,WO-2020-04054,0.6837456115873821,Medium,0.6211,49.7,WC-001
MFG-LINE-PLT-005-03,PLT-005,PRD-2020-SKU-04414,WO-2020-21238,0.07436280341293171,Low,0.5739,80.2,WC-001
MFG-LINE-PLT-010-04,PLT-010,PRD-2022-SKU-06838,WO-2022-03915,0.7519151980149589,High,0.6415,46.1,WC-005
MFG-LINE-PLT-003-03,PLT-003,PRD-2022-SKU-02336,WO-2022-85096,0.011431095364481123,Low,0.621,97.0,WC-001
MFG-LINE-PLT-007-02,PLT-007,PRD-2021-SKU-06328,WO-2021-08652,0.7056525332622615,High,0.6519,52.4,WC-001
MFG-LINE-PLT-005-04,PLT-005,PRD-2021-SKU-05433,WO-2021-88603,0.627220108550474,Medium,0.6178,102.1,WC-002
MFG-LINE-PLT-004-03,PLT-004,PRD-2024-SKU-01123,WO-2024-43002,0.1543537480826045,Low,0.5524,101.5,WC-005
MFG-LINE-PLT-005-03,PLT-005,PRD-2021-SKU-07685,WO-2021-16473,0.037259633123343586,Low,0.8365,17.1,WC-001
MFG-LINE-PLT-004-05,PLT-004,PRD-2024-SKU-08000,WO-2024-08401,0.16439324474726455,Low,0.8051,0.0,WC-009
MFG-LINE-PLT-002-03,PLT-002,PRD-2023-SKU-02648,WO-2023-85707,0.2606474477349955,Low,0.6424,87.2,WC-003
MFG-LINE-PLT-004-05,PLT-004,PRD-2020-SKU-06805,WO-2020-45395,0.21935421774063546,Low,0.7258,61.1,WC-002
MFG-LINE-PLT-010-03,PLT-010,PRD-2022-SKU-02963,WO-2022-98382,0.9643894812765761,High,0.7586,37.8,WC-004
MFG-LINE-PLT-010-01,PLT-010,PRD-2022-SKU-08412,WO-2022-25553,0.640948125215523,Medium,0.665,100.1,WC-001
MFG-LINE-PLT-005-02,PLT-005,PRD-2023-SKU-04068,WO-2023-63152,0.6690805995879523,Medium,0.7163,0.0,WC-006
MFG-LINE-PLT-001-01,PLT-001,PRD-2020-SKU-04125,WO-2020-69387,0.020715060266530853,Low,0.7824,0.0,WC-008
MFG-LINE-PLT-005-04,PLT-005,PRD-2021-SKU-05403,WO-2021-33321,0.39198692024308057,Low,0.5523,51.8,WC-003
MFG-LINE-PLT-007-01,PLT-007,PRD-2020-SKU-08401,WO-2020-67896,0.11883983501042472,Low,0.5983,0.0,WC-014
MFG-LINE-PLT-005-02,PLT-005,PRD-2022-SKU-03538,WO-2022-19916,0.3939477026565431,Low,0.7805,16.2,WC-001
MFG-LINE-PLT-004-01,PLT-004,PRD-2024-SKU-08998,WO-2024-82787,0.15205687066572424,Low,0.5865,100.4,WC-004
MFG-LINE-PLT-005-01,PLT-005,PRD-2022-SKU-01979,WO-2022-03846,0.5953816943148438,Medium,0.5842,88.8,WC-002
MFG-LINE-PLT-008-02,PLT-008,PRD-2021-SKU-09077,WO-2021-72580,0.3930470943990959,Low,0.6925,22.1,WC-004
MFG-LINE-PLT-007-01,PLT-007,PRD-2020-SKU-03251,WO-2020-02272,0.0500209174206529,Low,0.704,67.6,WC-014
MFG-LINE-PLT-009-02,PLT-009,PRD-2022-SKU-08228,WO-2022-13792,0.11835068387570827,Low,0.9988,0.0,WC-001
MFG-LINE-PLT-005-04,PLT-005,PRD-2022-SKU-01438,WO-2022-50483,0.4394301314785027,Medium,0.5699,24.5,WC-002
MFG-LINE-PLT-010-02,PLT-010,PRD-2020-SKU-03780,WO-2020-80829,0.4541224014400398,Medium,0.7044,57.2,WC-005
MFG-LINE-PLT-009-01,PLT-009,PRD-2022-SKU-09754,WO-2022-68223,0.9565144388899146,High,0.6301,67.6,WC-006
MFG-LINE-PLT-004-04,PLT-004,PRD-2024-SKU-04445,WO-2024-31316,0.49973537621655695,Medium,0.696,37.1,WC-001
MFG-LINE-PLT-001-02,PLT-001,PRD-2020-SKU-04831,WO-2020-63847,0.7828465752260605,High,0.4288,53.6,WC-003
MFG-LINE-PLT-007-01,PLT-007,PRD-2021-SKU-03777,WO-2021-05635,0.13262062821348158,Low,0.5956,48.3,WC-009
MFG-LINE-PLT-003-03,PLT-003,PRD-2020-SKU-02976,WO-2020-06110,0.11272351485133404,Low,0.4196,154.7,WC-001
MFG-LINE-PLT-009-01,PLT-009,PRD-2022-SKU-03978,WO-2022-36813,0.8200902723629336,High,0.4947,119.0,WC-002
MFG-LINE-PLT-003-02,PLT-003,PRD-2020-SKU-03831,WO-2020-79698,0.21709434350828077,Low,0.95,18.8,WC-001
MFG-LINE-PLT-010-02,PLT-010,PRD-2022-SKU-07993,WO-2022-29613,0.8184545696289782,High,0.7156,32.7,WC-004
MFG-LINE-PLT-007-01,PLT-007,PRD-2024-SKU-09372,WO-2024-78137,0.04622268910061435,Low,0.7199,7.5,WC-006
MFG-LINE-PLT-005-01,PLT-005,PRD-2021-SKU-05841,WO-2021-15423,0.3259157304794881,Low,0.5974,28.8,WC-003
MFG-LINE-PLT-008-01,PLT-008,PRD-2024-SKU-01497,WO-2024-87270,0.42386339288068803,Medium,0.7913,51.4,WC-002
MFG-LINE-PLT-010-03,PLT-010,PRD-2021-SKU-09178,WO-2021-88926,0.9632328271991129,High,0.6365,120.9,WC-005
MFG-LINE-PLT-005-05,PLT-005,PRD-2021-SKU-02690,WO-2021-09135,0.05991661039678771,Low,0.4556,71.7,WC-002
MFG-LINE-PLT-009-01,PLT-009,PRD-2021-SKU-04975,WO-2021-58307,0.9350842131166833,High,0.7548,23.4,WC-005
MFG-LINE-PLT-002-02,PLT-002,PRD-2021-SKU-02537,WO-2021-90524,0.012855555555555556,Low,0.6894,0.0,WC-006
MFG-LINE-PLT-010-03,PLT-010,PRD-2024-SKU-07751,WO-2024-84459,0.9414870175627258,High,0.5252,112.0,WC-008
MFG-LINE-PLT-004-07,PLT-004,PRD-2023-SKU-02749,WO-2023-50981,0.38046146886310167,Low,0.8386,38.5,WC-005
MFG-LINE-PLT-004-06,PLT-004,PRD-2020-SKU-09832,WO-2020-42038,0.7220503450200506,High,0.6308,23.2,WC-001
MFG-LINE-PLT-004-06,PLT-004,PRD-2022-SKU-03040,WO-2022-71018,0.5106057517530673,Medium,0.5125,91.5,WC-003
MFG-LINE-PLT-002-01,PLT-002,PRD-2023-SKU-01522,WO-2023-16668,0.031326420629402746,Low,0.5896,69.7,WC-002
MFG-LINE-PLT-007-02,PLT-007,PRD-2024-SKU-06471,WO-2024-83855,0.6234366830277475,Medium,0.5269,142.3,WC-001
MFG-LINE-PLT-004-04,PLT-004,PRD-2022-SKU-06901,WO-2022-33751,0.7091580721597275,High,0.6665,64.5,WC-001
MFG-LINE-PLT-004-02,PLT-004,PRD-2020-SKU-03140,WO-2020-20968,0.7699399393740772,High,0.7188,38.2,WC-001
MFG-LINE-PLT-002-02,PLT-002,PRD-2024-SKU-08365,WO-2024-09618,0.003833333333333333,Low,0.8516,21.9,WC-007
MFG-LINE-PLT-003-03,PLT-003,PRD-2023-SKU-08049,WO-2023-62382,0.03683570708896279,Low,0.7685,47.1,WC-002
MFG-LINE-PLT-004-01,PLT-004,PRD-2021-SKU-05939,WO-2021-66956,0.2824586811737969,Low,0.5518,59.1,WC-008
MFG-LINE-PLT-010-03,PLT-010,PRD-2023-SKU-05003,WO-2023-43462,0.8736479394966767,High,0.4928,59.5,WC-005
MFG-LINE-PLT-004-02,PLT-004,PRD-2022-SKU-02824,WO-2022-01175,0.4715089174866903,Medium,0.6337,27.1,WC-001
MFG-LINE-PLT-004-07,PLT-004,PRD-2024-SKU-09087,WO-2024-48746,0.09178348541810664,Low,0.6562,71.9,WC-001
MFG-LINE-PLT-004-06,PLT-004,PRD-2024-SKU-03663,WO-2024-21806,0.7033552792078148,High,0.7545,51.6,WC-001
MFG-LINE-PLT-001-01,PLT-001,PRD-2020-SKU-07397,WO-2020-23988,0.0060788783553085615,Low,0.8143,23.5,WC-008
MFG-LINE-PLT-004-06,PLT-004,PRD-2022-SKU-06003,WO-2022-62935,0.7128260405570039,High,0.5647,54.9,WC-003
MFG-LINE-PLT-001-02,PLT-001,PRD-2021-SKU-04297,WO-2021-45975,0.8495946783176689,High,0.6224,21.0,WC-002
MFG-LINE-PLT-006-01,PLT-006,PRD-2021-SKU-01170,WO-2021-95665,0.9390815976257186,High,0.6874,109.7,WC-006
MFG-LINE-PLT-004-06,PLT-004,PRD-2024-SKU-09444,WO-2024-15365,0.7478967235363767,High,0.6659,69.7,WC-003
MFG-LINE-PLT-003-02,PLT-003,PRD-2024-SKU-02486,WO-2024-61516,0.26364949386715597,Low,0.5268,110.4,WC-001
MFG-LINE-PLT-002-02,PLT-002,PRD-2023-SKU-02510,WO-2023-97460,0.20641374386872277,Low,0.7815,0.0,WC-008
MFG-LINE-PLT-005-03,PLT-005,PRD-2024-SKU-04747,WO-2024-20058,0.11292663622700809,Low,0.7831,56.7,WC-002
MFG-LINE-PLT-002-01,PLT-002,PRD-2024-SKU-02659,WO-2024-49087,0.04577779260178479,Low,0.3758,71.0,WC-002
MFG-LINE-PLT-010-03,PLT-010,PRD-2021-SKU-09032,WO-2021-37163,0.8545033145374994,High,0.5426,58.3,WC-005
MFG-LINE-PLT-003-05,PLT-003,PRD-2024-SKU-02568,WO-2024-29845,0.8196652785671785,High,0.7763,9.9,WC-005
MFG-LINE-PLT-003-01,PLT-003,PRD-2024-SKU-09510,WO-2024-12635,0.153542714474586,Low,0.6799,93.9,WC-011
MFG-LINE-PLT-003-02,PLT-003,PRD-2020-SKU-08366,WO-2020-58138,0.47711626430676046,Medium,0.6607,41.7,WC-001
MFG-LINE-PLT-006-02,PLT-006,PRD-2023-SKU-08189,WO-2023-89819,0.9659041824627023,High,0.8393,54.4,WC-014
MFG-LINE-PLT-010-01,PLT-010,PRD-2023-SKU-01226,WO-2023-36204,0.3566583437305394,Low,0.6652,32.4,WC-001
MFG-LINE-PLT-002-04,PLT-002,PRD-2020-SKU-03656,WO-2020-52446,0.9614453528518037,High,0.7629,24.3,WC-002
MFG-LINE-PLT-006-02,PLT-006,PRD-2023-SKU-08921,WO-2023-22280,0.9973146372745896,High,0.7994,42.3,WC-003
MFG-LINE-PLT-006-02,PLT-006,PRD-2023-SKU-07424,WO-2023-05806,0.9879241610841134,High,0.6786,79.5,WC-009
MFG-LINE-PLT-005-06,PLT-005,PRD-2023-SKU-06331,WO-2023-93243,0.1569669397324007,Low,0.5657,99.2,WC-007
MFG-LINE-PLT-005-02,PLT-005,PRD-2020-SKU-05432,WO-2020-27843,0.6608134149888958,Medium,0.8356,9.7,WC-006
MFG-LINE-PLT-003-05,PLT-003,PRD-2023-SKU-01776,WO-2023-10198,0.8148458832156984,High,0.7721,22.1,WC-005
MFG-LINE-PLT-010-04,PLT-010,PRD-2021-SKU-09937,WO-2021-18448,0.7984511279594013,High,0.4988,130.0,WC-006
MFG-LINE-PLT-004-02,PLT-004,PRD-2023-SKU-03000,WO-2023-00061,0.6399255559946073,Medium,0.7562,63.0,WC-002
MFG-LINE-PLT-004-07,PLT-004,PRD-2022-SKU-05392,WO-2022-91762,0.09286420290724472,Low,0.4053,139.0,WC-005
MFG-LINE-PLT-006-01,PLT-006,PRD-2023-SKU-03341,WO-2023-38671,0.968309001241489,High,0.6196,13.9,WC-002
MFG-LINE-PLT-004-01,PLT-004,PRD-2020-SKU-07709,WO-2020-61120,0.5179554196822421,Medium,0.4818,146.3,WC-010
MFG-LINE-PLT-002-01,PLT-002,PRD-2022-SKU-06536,WO-2022-67492,0.06622373721949325,Low,0.7452,32.0,WC-001
MFG-LINE-PLT-007-01,PLT-007,PRD-2023-SKU-07876,WO-2023-01455,0.0662650754334884,Low,0.7348,0.0,WC-008
MFG-LINE-PLT-004-07,PLT-004,PRD-2023-SKU-02534,WO-2023-98517,0.26133597694113847,Low,0.6043,56.6,WC-005
MFG-LINE-PLT-008-02,PLT-008,PRD-2022-SKU-07323,WO-2022-67807,0.5811396357340896,Medium,0.6767,94.0,WC-006
MFG-LINE-PLT-003-03,PLT-003,PRD-2022-SKU-02149,WO-2022-59197,0.16447362108615132,Low,0.3907,115.1,WC-002
MFG-LINE-PLT-002-02,PLT-002,PRD-2024-SKU-04048,WO-2024-55544,0.016947619047619045,Low,0.8499,15.1,WC-002
MFG-LINE-PLT-005-04,PLT-005,PRD-2023-SKU-09425,WO-2023-74940,0.40087062838449683,Medium,0.7383,27.1,WC-001
MFG-LINE-PLT-005-02,PLT-005,PRD-2020-SKU-07729,WO-2020-20037,0.45364455834894984,Medium,0.5376,146.6,WC-001
MFG-LINE-PLT-007-01,PLT-007,PRD-2022-SKU-03510,WO-2022-57658,0.0779891570682378,Low,0.7843,35.6,WC-010
MFG-LINE-PLT-007-01,PLT-007,PRD-2020-SKU-05297,WO-2020-78609,0.033858166648690076,Low,0.7918,54.0,WC-014
MFG-LINE-PLT-002-02,PLT-002,PRD-2023-SKU-01943,WO-2023-49954,0.015147619047619049,Low,0.9479,0.0,WC-004
MFG-LINE-PLT-007-01,PLT-007,PRD-2023-SKU-01576,WO-2023-82703,0.09840984419438173,Low,0.6186,29.2,WC-001
MFG-LINE-PLT-003-03,PLT-003,PRD-2024-SKU-07841,WO-2024-17441,0.1303586677995328,Low,0.6071,85.2,WC-003
MFG-LINE-PLT-004-01,PLT-004,PRD-2024-SKU-07818,WO-2024-33359,0.21756316748359297,Low,0.7448,45.8,WC-008
MFG-LINE-PLT-004-02,PLT-004,PRD-2020-SKU-05370,WO-2020-39711,0.3970201409663244,Low,0.7622,42.7,WC-001
MFG-LINE-PLT-003-03,PLT-003,PRD-2020-SKU-02027,WO-2020-00740,0.11525459226947782,Low,0.9145,6.5,WC-001
MFG-LINE-PLT-003-02,PLT-003,PRD-2023-SKU-02700,WO-2023-55197,0.10872298857927262,Low,0.6897,53.9,WC-001
MFG-LINE-PLT-008-02,PLT-008,PRD-2023-SKU-03316,WO-2023-13825,0.42716008047766557,Medium,0.8223,10.9,WC-004
MFG-LINE-PLT-006-01,PLT-006,PRD-2024-SKU-03290,WO-2024-56087,0.9405801660894955,High,0.4154,65.4,WC-008
MFG-LINE-PLT-004-07,PLT-004,PRD-2021-SKU-04946,WO-2021-79622,0.5815930861141434,Medium,0.5563,12.4,WC-002
MFG-LINE-PLT-002-01,PLT-002,PRD-2022-SKU-06892,WO-2022-67342,0.07607187447867528,Low,0.6316,67.7,WC-001
MFG-LINE-PLT-006-02,PLT-006,PRD-2020-SKU-03813,WO-2020-76243,0.941602656211176,High,0.5657,112.9,WC-009
MFG-LINE-PLT-005-06,PLT-005,PRD-2023-SKU-08677,WO-2023-56042,0.15428842502526602,Low,0.5491,125.4,WC-001
MFG-LINE-PLT-004-07,PLT-004,PRD-2020-SKU-06252,WO-2020-85959,0.07629266903891681,Low,0.7632,77.8,WC-002
MFG-LINE-PLT-003-04,PLT-003,PRD-2023-SKU-06860,WO-2023-41660,0.4606588272647619,Medium,0.6767,31.5,WC-001
MFG-LINE-PLT-003-02,PLT-003,PRD-2023-SKU-04420,WO-2023-87439,0.1976575560338708,Low,0.7356,21.5,WC-001
MFG-LINE-PLT-007-01,PLT-007,PRD-2022-SKU-03863,WO-2022-11045,0.05178280477213109,Low,0.7634,56.5,WC-001
MFG-LINE-PLT-010-04,PLT-010,PRD-2023-SKU-05639,WO-2023-34080,0.8120767468299525,High,0.7112,66.4,WC-008
MFG-LINE-PLT-008-02,PLT-008,PRD-2022-SKU-09796,WO-2022-68332,0.3777812725651567,Low,0.6584,36.0,WC-001
MFG-LINE-PLT-004-01,PLT-004,PRD-2020-SKU-01198,WO-2020-70684,0.161757291346674,Low,0.6756,108.7,WC-008
MFG-LINE-PLT-003-01,PLT-003,PRD-2022-SKU-02050,WO-2022-06536,0.6573433447425743,Medium,0.4798,144.9,WC-009
MFG-LINE-PLT-004-05,PLT-004,PRD-2023-SKU-08972,WO-2023-46229,0.2079912634263184,Low,0.5975,93.3,WC-005
MFG-LINE-PLT-010-03,PLT-010,PRD-2024-SKU-01721,WO-2024-70865,0.9546104736621525,High,0.6081,83.1,WC-008
MFG-LINE-PLT-005-03,PLT-005,PRD-2024-SKU-08662,WO-2024-23651,0.13704384455341034,Low,0.4928,65.3,WC-001
MFG-LINE-PLT-002-03,PLT-002,PRD-2021-SKU-09695,WO-2021-29161,0.5989838602513599,Medium,0.79,56.5,WC-008
MFG-LINE-PLT-005-04,PLT-005,PRD-2023-SKU-03159,WO-2023-39546,0.6512740933214672,Medium,0.6694,29.5,WC-004
MFG-LINE-PLT-003-01,PLT-003,PRD-2024-SKU-01225,WO-2024-10441,0.41129023209661086,Medium,0.8206,28.7,WC-004
MFG-LINE-PLT-003-02,PLT-003,PRD-2020-SKU-01153,WO-2020-99548,0.2377785327239385,Low,0.4238,43.9,WC-001
MFG-LINE-PLT-010-03,PLT-010,PRD-2024-SKU-08599,WO-2024-57383,0.6852760125964881,Medium,0.9194,35.6,WC-008
MFG-LINE-PLT-004-07,PLT-004,PRD-2020-SKU-02097,WO-2020-70824,0.11962866946129114,Low,0.6169,92.1,WC-003
MFG-LINE-PLT-001-01,PLT-001,PRD-2022-SKU-03789,WO-2022-80203,0.06913571428571424,Low,0.8005,0.0,WC-002
MFG-LINE-PLT-001-02,PLT-001,PRD-2024-SKU-03622,WO-2024-46001,0.8109769344801073,High,0.7489,36.1,WC-002
MFG-LINE-PLT-003-03,PLT-003,PRD-2024-SKU-07748,WO-2024-94903,0.01686434004192156,Low,0.7186,43.9,WC-001
MFG-LINE-PLT-002-04,PLT-002,PRD-2024-SKU-08997,WO-2024-33387,0.9584776278889824,High,0.7302,29.6,WC-001
MFG-LINE-PLT-010-03,PLT-010,PRD-2021-SKU-04472,WO-2021-78612,0.9628026268524684,High,0.6047,107.6,WC-005
MFG-LINE-PLT-005-05,PLT-005,PRD-2024-SKU-05861,WO-2024-26374,0.031858975275943426,Low,0.6167,68.5,WC-002
MFG-LINE-PLT-007-02,PLT-007,PRD-2024-SKU-08406,WO-2024-34851,0.49285138623424,Medium,0.8707,15.5,WC-001
MFG-LINE-PLT-003-03,PLT-003,PRD-2023-SKU-04552,WO-2023-28482,0.13410142064910902,Low,0.5252,117.7,WC-001
MFG-LINE-PLT-010-02,PLT-010,PRD-2022-SKU-05358,WO-2022-10680,0.7944155658496012,High,0.6631,85.7,WC-003
MFG-LINE-PLT-002-04,PLT-002,PRD-2023-SKU-04920,WO-2023-34011,0.995639457915508,High,0.7031,20.4,WC-004
MFG-LINE-PLT-004-06,PLT-004,PRD-2023-SKU-05249,WO-2023-76202,0.6760662508989258,Medium,0.7712,32.2,WC-001
MFG-LINE-PLT-005-01,PLT-005,PRD-2024-SKU-07623,WO-2024-04604,0.2984646657065076,Low,0.1989,254.6,WC-001
MFG-LINE-PLT-003-03,PLT-003,PRD-2023-SKU-04626,WO-2023-18241,0.08170318845555082,Low,0.6769,62.5,WC-001
MFG-LINE-PLT-007-01,PLT-007,PRD-2024-SKU-07553,WO-2024-67739,0.06447210471099374,Low,0.806,16.5,WC-002
MFG-LINE-PLT-010-03,PLT-010,PRD-2024-SKU-06464,WO-2024-05819,0.9229596915422323,High,0.441,186.1,WC-010
MFG-LINE-PLT-004-02,PLT-004,PRD-2024-SKU-06747,WO-2024-96047,0.8048055275493005,High,0.6025,41.5,WC-002
MFG-LINE-PLT-004-01,PLT-004,PRD-2022-SKU-08534,WO-2022-73545,0.513343647000386,Medium,0.6488,118.9,WC-006
MFG-LINE-PLT-007-01,PLT-007,PRD-2023-SKU-03944,WO-2023-37360,0.07306427475590362,Low,0.6235,19.8,WC-005
MFG-LINE-PLT-004-06,PLT-004,PRD-2023-SKU-08749,WO-2023-88292,0.7577564450907565,High,0.5641,14.7,WC-002
MFG-LINE-PLT-006-01,PLT-006,PRD-2024-SKU-04839,WO-2024-68041,0.9677234544688793,High,0.6075,109.6,WC-008
MFG-LINE-PLT-007-02,PLT-007,PRD-2020-SKU-08376,WO-2020-17428,0.7495320070351804,High,0.3479,176.1,WC-001
MFG-LINE-PLT-005-03,PLT-005,PRD-2024-SKU-01261,WO-2024-30340,0.04899316691438238,Low,0.4953,102.5,WC-001
MFG-LINE-PLT-010-03,PLT-010,PRD-2021-SKU-05498,WO-2021-61816,0.9264736942540507,High,0.674,43.0,WC-005
MFG-LINE-PLT-006-01,PLT-006,PRD-2024-SKU-09904,WO-2024-68817,0.97241742234311,High,0.6606,87.5,WC-002
MFG-LINE-PLT-005-04,PLT-005,PRD-2024-SKU-06322,WO-2024-92228,0.37104655491924665,Low,0.6893,63.4,WC-002
MFG-LINE-PLT-010-01,PLT-010,PRD-2023-SKU-07889,WO-2023-98019,0.27266564292814277,Low,0.467,116.4,WC-001
MFG-LINE-PLT-005-05,PLT-005,PRD-2021-SKU-03584,WO-2021-42031,0.07109035460239398,Low,0.5775,5.4,WC-003
MFG-LINE-PLT-003-01,PLT-003,PRD-2022-SKU-01207,WO-2022-68176,0.12496339537988825,Low,0.7347,104.7,WC-001
MFG-LINE-PLT-005-03,PLT-005,PRD-2024-SKU-02026,WO-2024-27950,0.10766308466692831,Low,0.4239,93.3,WC-001
MFG-LINE-PLT-003-02,PLT-003,PRD-2023-SKU-08956,WO-2023-58999,0.2555641432074893,Low,0.6958,21.8,WC-001
MFG-LINE-PLT-001-01,PLT-001,PRD-2021-SKU-07057,WO-2021-55734,0.03273224936022052,Low,0.4027,125.4,WC-007
MFG-LINE-PLT-002-01,PLT-002,PRD-2021-SKU-09738,WO-2021-63247,0.05855058785859423,Low,0.8159,53.6,WC-001
MFG-LINE-PLT-005-06,PLT-005,PRD-2021-SKU-01150,WO-2021-89548,0.5210467754896884,Medium,0.48,149.6,WC-009
MFG-LINE-PLT-003-04,PLT-003,PRD-2023-SKU-06122,WO-2023-31081,0.18239930645274627,Low,0.7632,51.6,WC-007
MFG-LINE-PLT-002-04,PLT-002,PRD-2024-SKU-01011,WO-2024-94781,0.9898677201234786,High,0.7429,25.2,WC-006
MFG-LINE-PLT-002-04,PLT-002,PRD-2024-SKU-02163,WO-2024-96406,0.9328650894538277,High,0.888,0.0,WC-004
MFG-LINE-PLT-002-04,PLT-002,PRD-2023-SKU-09289,WO-2023-42933,0.9683515271215728,High,0.8161,0.0,WC-006
MFG-LINE-PLT-010-03,PLT-010,PRD-2024-SKU-05644,WO-2024-12546,0.8793319430197382,High,0.2997,152.6,WC-009
MFG-LINE-PLT-004-06,PLT-004,PRD-2022-SKU-01989,WO-2022-73019,0.43329760872451567,Medium,0.7256,40.7,WC-001
MFG-LINE-PLT-006-02,PLT-006,PRD-2020-SKU-02333,WO-2020-86716,0.968932281916229,High,0.4324,141.3,WC-009
MFG-LINE-PLT-002-02,PLT-002,PRD-2022-SKU-06170,WO-2022-56759,0.02833730158730159,Low,0.8295,0.0,WC-008
MFG-LINE-PLT-010-04,PLT-010,PRD-2024-SKU-04411,WO-2024-14072,0.826526416832975,High,0.8763,40.2,WC-002
MFG-LINE-PLT-006-01,PLT-006,PRD-2024-SKU-08157,WO-2024-87441,0.9205197445218392,High,0.9094,20.0,WC-004
MFG-LINE-PLT-010-01,PLT-010,PRD-2020-SKU-08393,WO-2020-98157,0.39005846707970826,Low,0.6708,5.6,WC-001
MFG-LINE-PLT-010-03,PLT-010,PRD-2023-SKU-01038,WO-2023-53304,0.9041568520000137,High,0.6174,53.4,WC-001
MFG-LINE-PLT-007-02,PLT-007,PRD-2020-SKU-05906,WO-2020-87793,0.6395738608367765,Medium,0.8162,24.0,WC-001
MFG-LINE-PLT-004-02,PLT-004,PRD-2021-SKU-08824,WO-2021-97311,0.8081713646161472,High,0.6352,57.8,WC-002
MFG-LINE-PLT-010-02,PLT-010,PRD-2023-SKU-09390,WO-2023-49887,0.8227645045677596,High,0.6774,81.3,WC-004
MFG-LINE-PLT-004-05,PLT-004,PRD-2020-SKU-09253,WO-2020-57278,0.3078171884888741,Low,0.6798,39.1,WC-008
MFG-LINE-PLT-003-05,PLT-003,PRD-2020-SKU-06287,WO-2020-47166,0.787408918607488,High,0.9369,18.0,WC-004
MFG-LINE-PLT-003-01,PLT-003,PRD-2022-SKU-09219,WO-2022-47834,0.19519899824060102,Low,0.754,55.8,WC-006
MFG-LINE-PLT-008-02,PLT-008,PRD-2022-SKU-07381,WO-2022-57194,0.7541773193504617,High,0.8683,0.0,WC-005
MFG-LINE-PLT-009-02,PLT-009,PRD-2022-SKU-02620,WO-2022-04330,0.06134193112155677,Low,0.8243,9.2,WC-002
MFG-LINE-PLT-010-01,PLT-010,PRD-2024-SKU-07236,WO-2024-41773,0.5143477710177142,Medium,0.648,92.5,WC-003
MFG-LINE-PLT-005-04,PLT-005,PRD-2023-SKU-06694,WO-2023-38077,0.6974035408539176,Medium,0.5828,49.4,WC-001
MFG-LINE-PLT-004-05,PLT-004,PRD-2024-SKU-04149,WO-2024-91635,0.21931997006707657,Low,0.3635,127.0,WC-007
MFG-LINE-PLT-006-01,PLT-006,PRD-2021-SKU-01764,WO-2021-35947,0.9813079993979619,High,0.6067,85.3,WC-007
MFG-LINE-PLT-003-01,PLT-003,PRD-2023-SKU-05919,WO-2023-56972,0.1473291700464953,Low,0.5801,110.1,WC-009
MFG-LINE-PLT-010-01,PLT-010,PRD-2023-SKU-03453,WO-2023-91838,0.3958595805793102,Low,0.6534,26.5,WC-004
MFG-LINE-PLT-005-03,PLT-005,PRD-2020-SKU-03370,WO-2020-53878,0.2011833800061457,Low,0.557,109.1,WC-001
MFG-LINE-PLT-010-01,PLT-010,PRD-2021-SKU-05049,WO-2021-30240,0.7774167201377271,High,0.5545,46.3,WC-004
MFG-LINE-PLT-002-04,PLT-002,PRD-2021-SKU-06219,WO-2021-98821,0.9151213915346927,High,0.8211,25.4,WC-002
MFG-LINE-PLT-008-02,PLT-008,PRD-2023-SKU-01658,WO-2023-16365,0.48715272054729636,Medium,0.698,56.1,WC-001
MFG-LINE-PLT-010-01,PLT-010,PRD-2021-SKU-07632,WO-2021-08375,0.2840435027334161,Low,0.5545,74.2,WC-004
MFG-LINE-PLT-010-04,PLT-010,PRD-2020-SKU-02557,WO-2020-51050,0.8101869327966595,High,0.7322,40.5,WC-005
MFG-LINE-PLT-010-01,PLT-010,PRD-2020-SKU-06205,WO-2020-44826,0.3341071611137728,Low,0.8893,0.0,WC-002
MFG-LINE-PLT-002-02,PLT-002,PRD-2024-SKU-07355,WO-2024-38145,0.04542935361298646,Low,0.5192,30.2,WC-006
MFG-LINE-PLT-007-01,PLT-007,PRD-2020-SKU-05568,WO-2020-08472,0.06078384162392609,Low,0.6087,74.9,WC-007
MFG-LINE-PLT-002-02,PLT-002,PRD-2020-SKU-03543,WO-2020-44371,0.004586324786324786,Low,0.7053,41.6,WC-002
MFG-LINE-PLT-004-07,PLT-004,PRD-2023-SKU-03932,WO-2023-01072,0.15360777426405686,Low,0.6391,75.3,WC-001
MFG-LINE-PLT-004-07,PLT-004,PRD-2024-SKU-01956,WO-2024-51947,0.3256662257993225,Low,0.406,77.5,WC-004
MFG-LINE-PLT-002-02,PLT-002,PRD-2021-SKU-09342,WO-2021-38570,0.06498892588892588,Low,0.5367,87.3,WC-005
MFG-LINE-PLT-005-05,PLT-005,PRD-2023-SKU-06613,WO-2023-74424,0.030642064582715088,Low,0.7153,19.7,WC-002
MFG-LINE-PLT-006-01,PLT-006,PRD-2020-SKU-08440,WO-2020-18338,0.902862609203982,High,0.6644,96.4,WC-005
MFG-LINE-PLT-004-01,PLT-004,PRD-2021-SKU-06530,WO-2021-78818,0.21727062753747609,Low,0.4208,84.7,WC-004
MFG-LINE-PLT-010-04,PLT-010,PRD-2023-SKU-07063,WO-2023-59017,0.5129506887373736,Medium,0.629,10.5,WC-003
MFG-LINE-PLT-003-03,PLT-003,PRD-2024-SKU-02485,WO-2024-10851,0.16341785107277582,Low,0.3822,174.19370681690785,WC-001
MFG-LINE-PLT-001-01,PLT-001,PRD-2022-SKU-09869,WO-2022-22021,0.02210162959411435,Low,0.6466,29.9,WC-004
MFG-LINE-PLT-003-02,PLT-003,PRD-2024-SKU-01001,WO-2024-16607,0.1631375241908293,Low,0.6385,40.8,WC-001
MFG-LINE-PLT-010-02,PLT-010,PRD-2021-SKU-08121,WO-2021-50153,0.6814960904270486,Medium,0.7591,23.8,WC-002
MFG-LINE-PLT-003-04,PLT-003,PRD-2024-SKU-01105,WO-2024-76716,0.25053234813924485,Low,0.6614,40.4,WC-008
MFG-LINE-PLT-003-02,PLT-003,PRD-2024-SKU-08657,WO-2024-22527,0.1888531296156759,Low,0.5633,82.9,WC-001
MFG-LINE-PLT-003-01,PLT-003,PRD-2021-SKU-05664,WO-2021-17844,0.2322207808013444,Low,0.4795,78.2,WC-012
MFG-LINE-PLT-006-01,PLT-006,PRD-2020-SKU-04962,WO-2020-07718,0.9020224477372774,High,0.4609,208.6,WC-012
MFG-LINE-PLT-006-02,PLT-006,PRD-2020-SKU-06390,WO-2020-41165,0.9533094170029263,High,0.3873,144.3,WC-003
MFG-LINE-PLT-008-01,PLT-008,PRD-2023-SKU-05941,WO-2023-82476,0.7655613135409977,High,0.7711,0.0,WC-003
MFG-LINE-PLT-001-02,PLT-001,PRD-2024-SKU-04020,WO-2024-83612,0.7297672061179997,High,0.6536,47.1,WC-005
MFG-LINE-PLT-005-05,PLT-005,PRD-2023-SKU-07835,WO-2023-40882,0.01139512533882932,Low,0.7191,46.0,WC-001
MFG-LINE-PLT-007-01,PLT-007,PRD-2021-SKU-08894,WO-2021-82124,0.03729855775478729,Low,0.8692,19.3,WC-003
MFG-LINE-PLT-002-03,PLT-002,PRD-2020-SKU-02151,WO-2020-65151,0.36601261863462825,Low,0.746,58.7,WC-003
MFG-LINE-PLT-004-05,PLT-004,PRD-2021-SKU-09179,WO-2021-21490,0.30843445481637394,Low,0.5952,24.3,WC-009
MFG-LINE-PLT-005-04,PLT-005,PRD-2024-SKU-09861,WO-2024-72033,0.7196490636658551,High,0.7578,50.5,WC-001
MFG-LINE-PLT-004-04,PLT-004,PRD-2022-SKU-06925,WO-2022-06186,0.6927901528079654,Medium,0.8921,37.7,WC-002
MFG-LINE-PLT-007-02,PLT-007,PRD-2021-SKU-09064,WO-2021-35557,0.676288859637853,Medium,0.7884,37.3,WC-001
MFG-LINE-PLT-004-05,PLT-004,PRD-2021-SKU-03041,WO-2021-80819,0.13217770659699782,Low,0.912,16.3,WC-001
MFG-LINE-PLT-004-01,PLT-004,PRD-2021-SKU-07182,WO-2021-68774,0.08563532871006832,Low,0.537,142.5,WC-003
MFG-LINE-PLT-010-03,PLT-010,PRD-2021-SKU-07172,WO-2021-35608,0.9424489869157254,High,0.5771,155.0,WC-007
MFG-LINE-PLT-007-01,PLT-007,PRD-2024-SKU-04431,WO-2024-39563,0.03470963110534739,Low,0.6221,73.5,WC-009
MFG-LINE-PLT-005-01,PLT-005,PRD-2024-SKU-05724,WO-2024-62916,0.547089793496406,Medium,0.6754,83.4,WC-003
MFG-LINE-PLT-004-07,PLT-004,PRD-2022-SKU-05879,WO-2022-34082,0.04208450001016912,Low,0.8232,24.1,WC-001
MFG-LINE-PLT-002-01,PLT-002,PRD-2020-SKU-02624,WO-2020-27185,0.2260413067043511,Low,0.4872,92.6,WC-002
MFG-LINE-PLT-003-05,PLT-003,PRD-2023-SKU-07261,WO-2023-40496,0.348186775359396,Low,0.4635,49.1,WC-001
MFG-LINE-PLT-005-06,PLT-005,PRD-2023-SKU-08741,WO-2023-65039,0.2540368362717804,Low,0.8587,7.5,WC-005
MFG-LINE-PLT-002-02,PLT-002,PRD-2023-SKU-06311,WO-2023-95801,0.10626683767868111,Low,0.4153,0.0,WC-010
MFG-LINE-PLT-002-03,PLT-002,PRD-2023-SKU-03001,WO-2023-99581,0.2743520607062598,Low,0.7412,30.9,WC-008
MFG-LINE-PLT-004-07,PLT-004,PRD-2020-SKU-02393,WO-2020-54198,0.16436977597271551,Low,0.5745,118.3,WC-002
MFG-LINE-PLT-006-02,PLT-006,PRD-2021-SKU-01943,WO-2021-20435,0.9896980463272567,High,0.7189,66.2,WC-004
MFG-LINE-PLT-002-04,PLT-002,PRD-2023-SKU-06225,WO-2023-71265,0.9471768049482489,High,0.4375,74.5,WC-006
MFG-LINE-PLT-010-02,PLT-010,PRD-2020-SKU-09320,WO-2020-12826,0.8841519081996484,High,0.4993,9.1,WC-002
MFG-LINE-PLT-010-01,PLT-010,PRD-2021-SKU-04237,WO-2021-41768,0.7955406094170757,High,0.4835,48.6,WC-004
MFG-LINE-PLT-001-01,PLT-001,PRD-2024-SKU-04017,WO-2024-90920,0.013195217209690895,Low,0.7161,27.0,WC-002
MFG-LINE-PLT-010-03,PLT-010,PRD-2021-SKU-06880,WO-2021-22595,0.8783030897633165,High,0.4279,82.5,WC-005
MFG-LINE-PLT-001-01,PLT-001,PRD-2021-SKU-07999,WO-2021-37890,0.009730766693060451,Low,0.6876,63.9,WC-007
MFG-LINE-PLT-003-04,PLT-003,PRD-2021-SKU-09523,WO-2021-57145,0.39320083690825686,Low,0.5851,0.0,WC-001
MFG-LINE-PLT-003-03,PLT-003,PRD-2021-SKU-06755,WO-2021-45347,0.19162044461533692,Low,0.3227,143.5,WC-001
MFG-LINE-PLT-006-02,PLT-006,PRD-2021-SKU-05551,WO-2021-53727,0.9609994545097177,High,0.6459,126.1,WC-017
MFG-LINE-PLT-009-02,PLT-009,PRD-2022-SKU-01232,WO-2022-81948,0.07774270709216112,Low,0.7086,79.1,WC-003
MFG-LINE-PLT-009-01,PLT-009,PRD-2020-SKU-01522,WO-2020-60806,0.9530691486546996,High,0.6093,87.8,WC-003
MFG-LINE-PLT-008-01,PLT-008,PRD-2024-SKU-07501,WO-2024-82881,0.671844036392066,Medium,0.7944,0.0,WC-003
MFG-LINE-PLT-003-05,PLT-003,PRD-2024-SKU-06453,WO-2024-04794,0.39622512364105994,Low,0.5931,4.5,WC-005
MFG-LINE-PLT-007-02,PLT-007,PRD-2023-SKU-08063,WO-2023-25994,0.6395160379695664,Medium,0.6887,83.3,WC-001
MFG-LINE-PLT-006-01,PLT-006,PRD-2022-SKU-09857,WO-2022-54260,0.9642075382836428,High,0.5643,45.9,WC-009
MFG-LINE-PLT-005-01,PLT-005,PRD-2022-SKU-03454,WO-2022-67275,0.3607665631736402,Low,0.7495,24.2,WC-004
MFG-LINE-PLT-004-02,PLT-004,PRD-2023-SKU-09641,WO-2023-13613,0.8018717009057391,High,0.6274,45.7,WC-001
MFG-LINE-PLT-001-01,PLT-001,PRD-2022-SKU-04238,WO-2022-86100,0.09444187628683093,Low,0.4499,70.4,WC-001
MFG-LINE-PLT-003-03,PLT-003,PRD-2023-SKU-03167,WO-2023-23883,0.14775125931982044,Low,0.3722,182.7,WC-002
MFG-LINE-PLT-009-01,PLT-009,PRD-2024-SKU-06261,WO-2024-48060,0.9550273187625633,High,0.6927,75.4,WC-001
MFG-LINE-PLT-002-04,PLT-002,PRD-2023-SKU-02184,WO-2023-28207,0.9429996255220959,High,0.5558,154.4,WC-004
MFG-LINE-PLT-007-01,PLT-007,PRD-2020-SKU-07374,WO-2020-56882,0.09202069444733231,Low,0.5522,81.2,WC-008
MFG-LINE-PLT-003-03,PLT-003,PRD-2022-SKU-01142,WO-2022-08689,0.13571658297611744,Low,0.5346,169.6,WC-003
MFG-LINE-PLT-005-03,PLT-005,PRD-2020-SKU-06707,WO-2020-72000,0.046817822187257364,Low,0.8318,28.1,WC-001
MFG-LINE-PLT-003-01,PLT-003,PRD-2022-SKU-08665,WO-2022-53870,0.19049804315124322,Low,0.6753,89.2,WC-001
MFG-LINE-PLT-004-05,PLT-004,PRD-2020-SKU-09217,WO-2020-88883,0.23036589963399595,Low,0.7579,62.1,WC-007
MFG-LINE-PLT-007-02,PLT-007,PRD-2024-SKU-05800,WO-2024-92825,0.7151340404122473,High,0.6396,42.0,WC-001
MFG-LINE-PLT-008-02,PLT-008,PRD-2024-SKU-06746,WO-2024-49381,0.6426171047350973,Medium,0.6344,22.5,WC-002
MFG-LINE-PLT-004-03,PLT-004,PRD-2021-SKU-04259,WO-2021-23705,0.42763737728632756,Medium,0.6506,81.5,WC-001
MFG-LINE-PLT-006-02,PLT-006,PRD-2024-SKU-08001,WO-2024-71986,0.9870623320415421,High,0.8033,13.9,WC-007
MFG-LINE-PLT-009-02,PLT-009,PRD-2021-SKU-03599,WO-2021-98429,0.15578068971101316,Low,0.5373,14.8,WC-001
MFG-LINE-PLT-004-06,PLT-004,PRD-2020-SKU-02126,WO-2020-08489,0.5612811507653086,Medium,0.854,13.3,WC-002
MFG-LINE-PLT-002-03,PLT-002,PRD-2024-SKU-06931,WO-2024-88195,0.5350468244062573,Medium,0.6933,15.0,WC-006
MFG-LINE-PLT-003-01,PLT-003,PRD-2022-SKU-09078,WO-2022-49093,0.21924414085648586,Low,0.7319,27.2,WC-002
MFG-LINE-PLT-005-06,PLT-005,PRD-2021-SKU-01696,WO-2021-77878,0.21999471557900716,Low,0.3988,209.0,WC-004
MFG-LINE-PLT-006-01,PLT-006,PRD-2020-SKU-03595,WO-2020-94682,0.9362026428284614,High,0.5643,138.7,WC-010
MFG-LINE-PLT-005-02,PLT-005,PRD-2020-SKU-03131,WO-2020-40086,0.657918765892699,Medium,0.8887,5.5,WC-003
MFG-LINE-PLT-004-07,PLT-004,PRD-2022-SKU-06098,WO-2022-31932,0.14790813829422012,Low,0.4666,95.0,WC-004
MFG-LINE-PLT-008-02,PLT-008,PRD-2023-SKU-03985,WO-2023-05730,0.5986617451866025,Medium,0.8798,47.2,WC-002
MFG-LINE-PLT-002-03,PLT-002,PRD-2021-SKU-02341,WO-2021-48686,0.21971532993679932,Low,0.734,23.4,WC-005
MFG-LINE-PLT-005-02,PLT-005,PRD-2021-SKU-06912,WO-2021-75004,0.4852355552317961,Medium,0.6975,22.8,WC-005
MFG-LINE-PLT-010-03,PLT-010,PRD-2021-SKU-08278,WO-2021-03878,0.9532343880028428,High,0.6634,72.0,WC-005
MFG-LINE-PLT-010-04,PLT-010,PRD-2021-SKU-01409,WO-2021-71574,0.6749873611846205,Medium,0.6211,109.4,WC-004
MFG-LINE-PLT-005-06,PLT-005,PRD-2020-SKU-08257,WO-2020-53694,0.18677090202089153,Low,0.754,87.2,WC-006
MFG-LINE-PLT-005-01,PLT-005,PRD-2024-SKU-03618,WO-2024-60624,0.5904889696941684,Medium,0.6487,119.3,WC-001
MFG-LINE-PLT-004-06,PLT-004,PRD-2020-SKU-07364,WO-2020-93877,0.7718172391468244,High,0.756,25.8,WC-001
MFG-LINE-PLT-004-03,PLT-004,PRD-2023-SKU-06092,WO-2023-41689,0.4864289678048281,Medium,0.5564,98.7,WC-004
MFG-LINE-PLT-009-02,PLT-009,PRD-2021-SKU-06148,WO-2021-31948,0.047728882228524436,Low,0.5068,56.5,WC-002
MFG-LINE-PLT-005-02,PLT-005,PRD-2023-SKU-02360,WO-2023-74138,0.3670929228388425,Low,0.4854,0.0,WC-003
MFG-LINE-PLT-005-02,PLT-005,PRD-2020-SKU-02987,WO-2020-03316,0.7169220274370834,High,0.754,0.0,WC-006
MFG-LINE-PLT-005-02,PLT-005,PRD-2020-SKU-05829,WO-2020-77167,0.40583402382374956,Medium,0.654,46.0,WC-001
MFG-LINE-PLT-003-04,PLT-003,PRD-2020-SKU-05736,WO-2020-74512,0.2055038580265886,Low,0.9985,0.0,WC-003
MFG-LINE-PLT-009-02,PLT-009,PRD-2023-SKU-07907,WO-2023-07778,0.10229325398059289,Low,0.5823,107.4,WC-003
MFG-LINE-PLT-010-04,PLT-010,PRD-2020-SKU-09273,WO-2020-40878,0.8203907998297612,High,0.7994,20.0,WC-005
MFG-LINE-PLT-010-01,PLT-010,PRD-2023-SKU-04849,WO-2023-49485,0.43558342407956907,Medium,0.876,19.9,WC-001
MFG-LINE-PLT-005-05,PLT-005,PRD-2023-SKU-04009,WO-2023-54950,0.037284740410555885,Low,0.7939,57.8,WC-003
MFG-LINE-PLT-003-04,PLT-003,PRD-2024-SKU-02603,WO-2024-77654,0.5005328785202707,Medium,0.7473,47.7,WC-003
MFG-LINE-PLT-005-05,PLT-005,PRD-2020-SKU-07877,WO-2020-17589,0.05606033715986666,Low,0.4527,71.2,WC-003
MFG-LINE-PLT-006-01,PLT-006,PRD-2020-SKU-05916,WO-2020-82213,0.9511989035887376,High,0.7522,77.6,WC-011
MFG-LINE-PLT-004-04,PLT-004,PRD-2020-SKU-06622,WO-2020-43057,0.44418915539589854,Medium,0.632,56.7,WC-002
MFG-LINE-PLT-003-01,PLT-003,PRD-2020-SKU-09600,WO-2020-02922,0.26815246283460703,Low,0.6567,90.6,WC-004
MFG-LINE-PLT-010-01,PLT-010,PRD-2021-SKU-03980,WO-2021-36637,0.3346788951080334,Low,0.653,73.9,WC-003
MFG-LINE-PLT-009-01,PLT-009,PRD-2020-SKU-07460,WO-2020-71210,0.9671952025254367,High,0.6713,53.7,WC-009
MFG-LINE-PLT-006-02,PLT-006,PRD-2021-SKU-01451,WO-2021-46876,0.9479351349343861,High,0.3856,94.5,WC-020
MFG-LINE-PLT-002-02,PLT-002,PRD-2021-SKU-05944,WO-2021-87658,0.02429206349206349,Low,0.8689,13.1,WC-002
MFG-LINE-PLT-001-01,PLT-001,PRD-2022-SKU-08366,WO-2022-74490,0.03541615696431669,Low,0.5789,8.1,WC-004
MFG-LINE-PLT-010-02,PLT-010,PRD-2021-SKU-01094,WO-2021-22651,0.6771501033475819,Medium,0.5827,46.2,WC-005
MFG-LINE-PLT-004-01,PLT-004,PRD-2022-SKU-08732,WO-2022-21990,0.15996239498965492,Low,0.6811,39.4,WC-003
MFG-LINE-PLT-010-01,PLT-010,PRD-2020-SKU-06830,WO-2020-02717,0.2492859360872759,Low,0.817,31.0,WC-003
MFG-LINE-PLT-001-01,PLT-001,PRD-2020-SKU-03589,WO-2020-42563,0.042577261171922884,Low,0.6986,82.9,WC-004
MFG-LINE-PLT-008-02,PLT-008,PRD-2022-SKU-06105,WO-2022-27623,0.7896876397230029,High,0.9581,0.0,WC-005
MFG-LINE-PLT-001-02,PLT-001,PRD-2021-SKU-05870,WO-2021-12647,0.7119677621893772,High,0.4541,162.2,WC-002
MFG-LINE-PLT-004-05,PLT-004,PRD-2021-SKU-05192,WO-2021-69649,0.29624248314866086,Low,0.8434,47.3,WC-002
MFG-LINE-PLT-004-07,PLT-004,PRD-2020-SKU-02786,WO-2020-98792,0.15642667908725919,Low,0.4769,63.9,WC-001
MFG-LINE-PLT-004-01,PLT-004,PRD-2020-SKU-07730,WO-2020-96014,0.08830463557581131,Low,0.6933,120.9,WC-005
MFG-LINE-PLT-002-03,PLT-002,PRD-2024-SKU-03022,WO-2024-40362,0.397190339029912,Low,0.7746,40.2,WC-006
MFG-LINE-PLT-004-07,PLT-004,PRD-2023-SKU-08729,WO-2023-35534,0.08337214956356395,Low,0.7575,72.8,WC-005
MFG-LINE-PLT-002-01,PLT-002,PRD-2020-SKU-06322,WO-2020-56827,0.10152433170136632,Low,0.6419,54.9,WC-001
MFG-LINE-PLT-004-02,PLT-004,PRD-2020-SKU-06066,WO-2020-07808,0.3936604580771636,Low,0.6779,54.9,WC-002
MFG-LINE-PLT-010-03,PLT-010,PRD-2022-SKU-09302,WO-2022-96457,0.9421826570458777,High,0.7177,77.5,WC-007
MFG-LINE-PLT-005-01,PLT-005,PRD-2024-SKU-01035,WO-2024-47961,0.5981293159533352,Medium,0.67,61.2,WC-003
MFG-LINE-PLT-003-04,PLT-003,PRD-2020-SKU-09778,WO-2020-43859,0.6495642263507766,Medium,0.5618,51.5,WC-005
MFG-LINE-PLT-004-05,PLT-004,PRD-2022-SKU-03421,WO-2022-06237,0.2204016283318899,Low,0.7878,23.5,WC-003
MFG-LINE-PLT-004-02,PLT-004,PRD-2023-SKU-01432,WO-2023-57839,0.7972062617996112,High,0.6897,29.4,WC-002
MFG-LINE-PLT-001-02,PLT-001,PRD-2022-SKU-05593,WO-2022-74205,0.8324625661958631,High,0.7925,27.9,WC-005
MFG-LINE-PLT-003-04,PLT-003,PRD-2023-SKU-08263,WO-2023-89945,0.1596921938854424,Low,0.7194,18.2,WC-001
MFG-LINE-PLT-007-02,PLT-007,PRD-2020-SKU-05618,WO-2020-25982,0.33511036007068484,Low,0.7462,46.4,WC-002
MFG-LINE-PLT-005-03,PLT-005,PRD-2023-SKU-09874,WO-2023-21507,0.07707453587167404,Low,0.4646,140.9,WC-001
MFG-LINE-PLT-002-03,PLT-002,PRD-2023-SKU-07061,WO-2023-01461,0.24924109365416985,Low,0.497,67.1,WC-004
MFG-LINE-PLT-005-01,PLT-005,PRD-2024-SKU-03057,WO-2024-44966,0.7331445111548179,High,0.6973,40.9,WC-003
MFG-LINE-PLT-004-06,PLT-004,PRD-2022-SKU-07642,WO-2022-01132,0.49401582639203845,Medium,0.6056,119.8,WC-002
MFG-LINE-PLT-002-04,PLT-002,PRD-2024-SKU-01876,WO-2024-25299,0.9921890289058647,High,0.7673,18.8,WC-001
MFG-LINE-PLT-002-01,PLT-002,PRD-2024-SKU-09268,WO-2024-21805,0.06807734224476567,Low,0.7058,38.4,WC-001
MFG-LINE-PLT-002-02,PLT-002,PRD-2024-SKU-06940,WO-2024-56310,0.01615108171309169,Low,0.7397,40.7,WC-001
MFG-LINE-PLT-006-02,PLT-006,PRD-2022-SKU-05739,WO-2022-87496,0.9881693991793514,High,0.8231,55.9,WC-010
MFG-LINE-PLT-001-01,PLT-001,PRD-2023-SKU-01807,WO-2023-89992,0.008312232574189097,Low,0.8322,10.3,WC-001
MFG-LINE-PLT-004-02,PLT-004,PRD-2022-SKU-09812,WO-2022-44434,0.38266900184897623,Low,0.8473,43.0,WC-001
MFG-LINE-PLT-009-01,PLT-009,PRD-2024-SKU-08242,WO-2024-58483,0.9202356186761826,High,0.6397,72.8,WC-002
MFG-LINE-PLT-007-02,PLT-007,PRD-2020-SKU-08996,WO-2020-71507,0.43131694769307094,Medium,0.7238,43.2,WC-002
MFG-LINE-PLT-009-01,PLT-009,PRD-2022-SKU-06029,WO-2022-65899,0.9526156913878622,High,0.8166,33.1,WC-008
MFG-LINE-PLT-005-06,PLT-005,PRD-2024-SKU-02928,WO-2024-29451,0.40132483092290683,Medium,0.2399,294.1511244789222,WC-003
MFG-LINE-PLT-004-03,PLT-004,PRD-2022-SKU-09905,WO-2022-24366,0.07971787113548764,Low,0.5383,178.6,WC-005
MFG-LINE-PLT-008-01,PLT-008,PRD-2023-SKU-03433,WO-2023-87482,0.40537356365520355,Medium,0.7699,23.2,WC-002
MFG-LINE-PLT-009-01,PLT-009,PRD-2021-SKU-05788,WO-2021-12244,0.7247416879631551,High,0.4715,139.2,WC-005
MFG-LINE-PLT-003-05,PLT-003,PRD-2022-SKU-07598,WO-2022-10165,0.6928840417862256,Medium,0.8601,56.9,WC-002
MFG-LINE-PLT-003-03,PLT-003,PRD-2023-SKU-05963,WO-2023-77541,0.48319068129686804,Medium,0.4851,140.9,WC-003
MFG-LINE-PLT-006-01,PLT-006,PRD-2020-SKU-07917,WO-2020-26956,0.8696065807621579,High,0.8814,17.6,WC-012
MFG-LINE-PLT-002-04,PLT-002,PRD-2024-SKU-01705,WO-2024-26488,0.926607961336662,High,0.7244,0.0,WC-004
MFG-LINE-PLT-005-06,PLT-005,PRD-2021-SKU-08342,WO-2021-87034,0.24964818288447232,Low,0.5492,135.8,WC-005
MFG-LINE-PLT-001-01,PLT-001,PRD-2022-SKU-01256,WO-2022-34610,7.894736842105263e-05,Low,0.763,45.0,WC-009
MFG-LINE-PLT-005-01,PLT-005,PRD-2020-SKU-08160,WO-2020-49222,0.7675851425243745,High,0.5369,78.0,WC-002
MFG-LINE-PLT-002-04,PLT-002,PRD-2020-SKU-08672,WO-2020-95791,0.9154310041168499,High,0.6537,111.0,WC-003
MFG-LINE-PLT-006-01,PLT-006,PRD-2022-SKU-03720,WO-2022-16666,0.9495397221462154,High,0.7663,12.0,WC-012
MFG-LINE-PLT-005-04,PLT-005,PRD-2023-SKU-08074,WO-2023-56641,0.28848988082125626,Low,0.3377,257.2,WC-001
MFG-LINE-PLT-002-03,PLT-002,PRD-2023-SKU-06737,WO-2023-74963,0.5515188798021907,Medium,0.7681,17.6,WC-001
MFG-LINE-PLT-004-06,PLT-004,PRD-2022-SKU-05099,WO-2022-63361,0.5265078692198742,Medium,0.8718,17.8,WC-003
MFG-LINE-PLT-009-02,PLT-009,PRD-2024-SKU-07879,WO-2024-14503,0.06040789193369828,Low,0.6852,96.5,WC-003
MFG-LINE-PLT-005-06,PLT-005,PRD-2023-SKU-05949,WO-2023-40340,0.5840559857224258,Medium,0.7373,76.4,WC-006
MFG-LINE-PLT-006-02,PLT-006,PRD-2023-SKU-07884,WO-2023-53745,0.9220422247986467,High,0.5103,104.2,WC-004
MFG-LINE-PLT-004-06,PLT-004,PRD-2023-SKU-06513,WO-2023-36977,0.7910015377402906,High,0.6048,74.7,WC-003
MFG-LINE-PLT-004-07,PLT-004,PRD-2024-SKU-09682,WO-2024-18512,0.1009790055193413,Low,0.8209,33.6,WC-004
MFG-LINE-PLT-008-02,PLT-008,PRD-2024-SKU-02233,WO-2024-68205,0.6742488294102135,Medium,0.377,18.6,WC-001
MFG-LINE-PLT-009-01,PLT-009,PRD-2020-SKU-03718,WO-2020-38911,0.8437854400219572,High,0.4727,151.9,WC-001
MFG-LINE-PLT-003-05,PLT-003,PRD-2022-SKU-09587,WO-2022-25404,0.8588529706658914,High,0.848,32.1,WC-005
MFG-LINE-PLT-003-02,PLT-003,PRD-2024-SKU-08991,WO-2024-51266,0.2784120614276701,Low,0.7842,6.4,WC-001
MFG-LINE-PLT-010-01,PLT-010,PRD-2021-SKU-09220,WO-2021-19565,0.5125341650624008,Medium,0.6385,41.1,WC-002
MFG-LINE-PLT-004-03,PLT-004,PRD-2023-SKU-03430,WO-2023-40332,0.18621388185684312,Low,0.7514,54.2,WC-001
MFG-LINE-PLT-004-02,PLT-004,PRD-2021-SKU-07993,WO-2021-39392,0.42878302762190434,Medium,0.9153,5.0,WC-001
MFG-LINE-PLT-007-02,PLT-007,PRD-2021-SKU-03971,WO-2021-70916,0.3029921096729728,Low,0.824,19.1,WC-001
MFG-LINE-PLT-010-02,PLT-010,PRD-2024-SKU-05624,WO-2024-48060,0.8116031510701728,High,0.5569,105.7,WC-005
MFG-LINE-PLT-004-01,PLT-004,PRD-2024-SKU-09124,WO-2024-50103,0.12309750864732893,Low,0.7186,27.6,WC-006
MFG-LINE-PLT-005-02,PLT-005,PRD-2023-SKU-03052,WO-2023-24368,0.49574350237835973,Medium,0.812,0.0,WC-002
MFG-LINE-PLT-002-02,PLT-002,PRD-2022-SKU-07130,WO-2022-67179,0.016717676767676767,Low,0.5835,51.9,WC-006
MFG-LINE-PLT-010-03,PLT-010,PRD-2022-SKU-06155,WO-2022-45231,0.8484576820755593,High,0.4669,59.5,WC-007
MFG-LINE-PLT-003-03,PLT-003,PRD-2020-SKU-08553,WO-2020-32248,0.04399808084898067,Low,0.6073,105.9,WC-002
MFG-LINE-PLT-002-02,PLT-002,PRD-2021-SKU-07661,WO-2021-34754,0.012007936507936506,Low,0.9035,5.2,WC-002
MFG-LINE-PLT-005-05,PLT-005,PRD-2022-SKU-02215,WO-2022-52841,0.07130262615906958,Low,0.9351,11.0,WC-001
MFG-LINE-PLT-004-04,PLT-004,PRD-2020-SKU-01607,WO-2020-24580,0.5657807184327949,Medium,0.7846,35.0,WC-001
MFG-LINE-PLT-003-05,PLT-003,PRD-2024-SKU-08484,WO-2024-44778,0.7979708256694134,High,0.7736,36.1,WC-005
MFG-LINE-PLT-008-01,PLT-008,PRD-2023-SKU-08013,WO-2023-39700,0.4533197526679367,Medium,0.7857,17.2,WC-003
MFG-LINE-PLT-004-06,PLT-004,PRD-2024-SKU-09827,WO-2024-84780,0.7764431089470588,High,0.7361,0.0,WC-002
MFG-LINE-PLT-002-03,PLT-002,PRD-2021-SKU-01406,WO-2021-25093,0.5622116077759018,Medium,0.7786,35.8,WC-003
MFG-LINE-PLT-003-01,PLT-003,PRD-2021-SKU-02346,WO-2021-27961,0.28641580110924664,Low,0.8533,0.0,WC-010
MFG-LINE-PLT-005-05,PLT-005,PRD-2024-SKU-03702,WO-2024-41744,0.02670479822708135,Low,0.5771,106.0,WC-001
MFG-LINE-PLT-004-03,PLT-004,PRD-2021-SKU-02215,WO-2021-42821,0.15725757853815645,Low,0.4787,154.9036259652921,WC-001
MFG-LINE-PLT-005-04,PLT-005,PRD-2023-SKU-06282,WO-2023-30080,0.7349249136655622,High,0.9017,14.2,WC-003
MFG-LINE-PLT-005-02,PLT-005,PRD-2022-SKU-07573,WO-2022-51064,0.5767483948419526,Medium,0.7006,58.4,WC-003
MFG-LINE-PLT-002-04,PLT-002,PRD-2023-SKU-04353,WO-2023-11362,0.9602358710153783,High,0.6596,66.5,WC-005
MFG-LINE-PLT-003-01,PLT-003,PRD-2024-SKU-02426,WO-2024-79755,0.3993675160168451,Low,0.3253,248.4,WC-005
MFG-LINE-PLT-001-02,PLT-001,PRD-2024-SKU-07412,WO-2024-08841,0.7497014425007532,High,0.4693,73.9,WC-002
MFG-LINE-PLT-004-05,PLT-004,PRD-2020-SKU-03452,WO-2020-01771,0.6039050737017254,Medium,0.4483,16.9,WC-004
MFG-LINE-PLT-003-03,PLT-003,PRD-2023-SKU-09130,WO-2023-70338,0.4425168312144979,Medium,0.3969,206.3,WC-003
MFG-LINE-PLT-005-02,PLT-005,PRD-2023-SKU-03608,WO-2023-39274,0.6323684127512034,Medium,0.7147,23.8,WC-004
MFG-LINE-PLT-005-06,PLT-005,PRD-2022-SKU-03795,WO-2022-52631,0.2450394291960842,Low,0.5089,123.5,WC-001
MFG-LINE-PLT-001-01,PLT-001,PRD-2020-SKU-05964,WO-2020-77808,0.017365943859363048,Low,0.5981,98.6,WC-010
MFG-LINE-PLT-005-04,PLT-005,PRD-2024-SKU-09688,WO-2024-29340,0.7425663949644906,High,0.907,10.8,WC-001
MFG-LINE-PLT-005-02,PLT-005,PRD-2024-SKU-05515,WO-2024-14055,0.7145790782130392,High,0.895,23.4,WC-006
MFG-LINE-PLT-006-02,PLT-006,PRD-2022-SKU-06575,WO-2022-55757,0.9886075701367805,High,0.6872,63.5,WC-009
MFG-LINE-PLT-005-04,PLT-005,PRD-2023-SKU-07260,WO-2023-61917,0.6468240366392635,Medium,0.5317,34.3,WC-002
MFG-LINE-PLT-003-03,PLT-003,PRD-2022-SKU-04884,WO-2022-43757,0.06767623180577934,Low,0.6103,77.9,WC-001
MFG-LINE-PLT-005-04,PLT-005,PRD-2023-SKU-08510,WO-2023-41195,0.43693321131756935,Medium,0.5173,178.0,WC-004
MFG-LINE-PLT-008-02,PLT-008,PRD-2020-SKU-04790,WO-2020-72678,0.6389037612972208,Medium,0.7948,4.4,WC-006
MFG-LINE-PLT-004-04,PLT-004,PRD-2020-SKU-04306,WO-2020-50464,0.5561532640042628,Medium,0.7461,56.1,WC-002
MFG-LINE-PLT-010-04,PLT-010,PRD-2020-SKU-09766,WO-2020-39404,0.5359519725120062,Medium,0.5549,89.8,WC-007
MFG-LINE-PLT-010-03,PLT-010,PRD-2021-SKU-08700,WO-2021-44786,0.958085693734153,High,0.6054,32.2,WC-004
MFG-LINE-PLT-002-04,PLT-002,PRD-2021-SKU-01112,WO-2021-59760,0.9946931066650417,High,0.6447,45.7,WC-004
MFG-LINE-PLT-003-03,PLT-003,PRD-2024-SKU-05842,WO-2024-74316,0.3175356042346467,Low,0.2516,253.9,WC-003
MFG-LINE-PLT-005-01,PLT-005,PRD-2023-SKU-01212,WO-2023-48274,0.43580553803287886,Medium,0.6782,22.0,WC-004
MFG-LINE-PLT-010-01,PLT-010,PRD-2020-SKU-07737,WO-2020-97859,0.4229448088033451,Medium,0.739,22.9,WC-002
MFG-LINE-PLT-004-03,PLT-004,PRD-2021-SKU-01455,WO-2021-45518,0.11876889863126154,Low,0.3119,211.0,WC-002
MFG-LINE-PLT-002-01,PLT-002,PRD-2021-SKU-01972,WO-2021-54400,0.09686399092505592,Low,0.3755,80.4,WC-001
MFG-LINE-PLT-003-02,PLT-003,PRD-2020-SKU-07410,WO-2020-03621,0.22371105430624064,Low,0.5368,87.0,WC-001
MFG-LINE-PLT-005-06,PLT-005,PRD-2020-SKU-08641,WO-2020-23693,0.42389610524733584,Medium,0.5295,107.5,WC-002
MFG-LINE-PLT-004-04,PLT-004,PRD-2020-SKU-04535,WO-2020-59343,0.6421249495060348,Medium,0.7161,41.5,WC-002
MFG-LINE-PLT-010-02,PLT-010,PRD-2022-SKU-04845,WO-2022-61574,0.7435219547276875,High,0.6778,19.1,WC-004
MFG-LINE-PLT-002-03,PLT-002,PRD-2024-SKU-08586,WO-2024-22217,0.2846156864145616,Low,0.7443,24.5,WC-001
MFG-LINE-PLT-005-06,PLT-005,PRD-2021-SKU-02529,WO-2021-67910,0.22397984642550775,Low,0.3103,122.3,WC-008
MFG-LINE-PLT-005-06,PLT-005,PRD-2024-SKU-03248,WO-2024-96698,0.19832159731960577,Low,0.5488,121.9,WC-003
MFG-LINE-PLT-005-02,PLT-005,PRD-2022-SKU-09087,WO-2022-17702,0.33931133023623145,Low,0.8243,15.6,WC-005
MFG-LINE-PLT-008-01,PLT-008,PRD-2023-SKU-07310,WO-2023-81188,0.40240050064873695,Medium,0.7107,39.3,WC-003
MFG-LINE-PLT-005-06,PLT-005,PRD-2022-SKU-06481,WO-2022-54288,0.13946174993808835,Low,0.6163,46.8,WC-008
MFG-LINE-PLT-001-02,PLT-001,PRD-2024-SKU-09828,WO-2024-30470,0.7190650339254258,High,0.5388,73.9,WC-005
MFG-LINE-PLT-010-02,PLT-010,PRD-2024-SKU-08982,WO-2024-82156,0.5044573144842279,Medium,0.7309,54.8,WC-002
MFG-LINE-PLT-005-05,PLT-005,PRD-2021-SKU-08382,WO-2021-13982,0.030399059680720528,Low,0.6785,74.5,WC-003
MFG-LINE-PLT-002-01,PLT-002,PRD-2022-SKU-02129,WO-2022-70401,0.14113485802145156,Low,0.4795,149.5,WC-001
MFG-LINE-PLT-003-03,PLT-003,PRD-2023-SKU-05598,WO-2023-27741,0.15257085150616537,Low,0.3382,147.7,WC-002
MFG-LINE-PLT-009-01,PLT-009,PRD-2023-SKU-09179,WO-2023-04334,0.8448092875316181,High,0.4528,50.9,WC-003
MFG-LINE-PLT-003-01,PLT-003,PRD-2023-SKU-08502,WO-2023-89771,0.28801118905677137,Low,0.717,57.7,WC-004
MFG-LINE-PLT-006-01,PLT-006,PRD-2024-SKU-04994,WO-2024-57609,0.9829265868997447,High,0.7384,19.2,WC-006
MFG-LINE-PLT-004-07,PLT-004,PRD-2023-SKU-08427,WO-2023-72970,0.2931758157638705,Low,0.6189,101.7,WC-004
MFG-LINE-PLT-006-01,PLT-006,PRD-2023-SKU-08692,WO-2023-93250,0.9578224148592376,High,0.4162,147.0,WC-012
MFG-LINE-PLT-003-01,PLT-003,PRD-2022-SKU-06088,WO-2022-53076,0.7860840925977339,High,0.5026,43.7,WC-008
MFG-LINE-PLT-004-03,PLT-004,PRD-2022-SKU-06805,WO-2022-07602,0.38042070082059826,Low,0.6379,68.7,WC-001
MFG-LINE-PLT-005-02,PLT-005,PRD-2020-SKU-02824,WO-2020-16902,0.5137005929516241,Medium,0.7388,36.6,WC-006
MFG-LINE-PLT-009-01,PLT-009,PRD-2022-SKU-05345,WO-2022-87966,0.9281268922261781,High,0.692,31.5,WC-003
MFG-LINE-PLT-005-05,PLT-005,PRD-2023-SKU-09413,WO-2023-16079,0.09429751926365941,Low,0.5531,54.7,WC-003
MFG-LINE-PLT-004-02,PLT-004,PRD-2021-SKU-04746,WO-2021-95012,0.37694917484471513,Low,0.6679,78.6,WC-001
MFG-LINE-PLT-003-05,PLT-003,PRD-2021-SKU-09811,WO-2021-19860,0.7349247835053023,High,0.5967,52.1,WC-002
MFG-LINE-PLT-004-05,PLT-004,PRD-2021-SKU-08441,WO-2021-96875,0.13280911695417827,Low,0.8588,28.8,WC-006
MFG-LINE-PLT-004-03,PLT-004,PRD-2020-SKU-04250,WO-2020-76268,0.07515271396337428,Low,0.6881,71.4,WC-002
MFG-LINE-PLT-002-04,PLT-002,PRD-2023-SKU-03377,WO-2023-74919,0.937166168663334,High,0.6227,67.5,WC-006
MFG-LINE-PLT-004-01,PLT-004,PRD-2021-SKU-08240,WO-2021-15737,0.20938214366842903,Low,0.7818,11.9,WC-001
MFG-LINE-PLT-008-01,PLT-008,PRD-2024-SKU-04270,WO-2024-59856,0.6015713575058359,Medium,0.4922,60.3,WC-003
MFG-LINE-PLT-004-05,PLT-004,PRD-2023-SKU-02508,WO-2023-09002,0.6278089194078106,Medium,0.5624,45.9,WC-009
MFG-LINE-PLT-010-02,PLT-010,PRD-2023-SKU-07587,WO-2023-14356,0.8353023948003017,High,0.5721,97.4,WC-002
MFG-LINE-PLT-006-02,PLT-006,PRD-2021-SKU-05111,WO-2021-77991,0.9847121136173769,High,0.8714,7.6,WC-019
MFG-LINE-PLT-002-01,PLT-002,PRD-2020-SKU-03604,WO-2020-17033,0.10459315723658455,Low,0.7272,77.8,WC-002
MFG-LINE-PLT-003-05,PLT-003,PRD-2024-SKU-06322,WO-2024-08983,0.3425181399182501,Low,0.5362,0.0,WC-003
MFG-LINE-PLT-010-01,PLT-010,PRD-2022-SKU-09562,WO-2022-53334,0.7476357960292879,High,0.4026,58.4,WC-001
MFG-LINE-PLT-003-01,PLT-003,PRD-2021-SKU-04477,WO-2021-62891,0.29541342464980125,Low,0.26,179.8,WC-003
MFG-LINE-PLT-010-01,PLT-010,PRD-2021-SKU-04451,WO-2021-85800,0.4266826785543768,Medium,0.3878,115.6,WC-002
MFG-LINE-PLT-008-02,PLT-008,PRD-2024-SKU-04009,WO-2024-91734,0.6177252843309736,Medium,0.7064,7.2,WC-005
MFG-LINE-PLT-003-03,PLT-003,PRD-2020-SKU-08487,WO-2020-13832,0.02866104398942751,Low,0.7849,66.7,WC-003
MFG-LINE-PLT-004-05,PLT-004,PRD-2021-SKU-07039,WO-2021-08361,0.21310708884310195,Low,0.6112,23.9,WC-008
MFG-LINE-PLT-010-04,PLT-010,PRD-2021-SKU-09802,WO-2021-82972,0.6106296650649589,Medium,0.8184,19.7,WC-003
MFG-LINE-PLT-005-06,PLT-005,PRD-2024-SKU-04256,WO-2024-56396,0.4114635563364242,Medium,0.5817,103.1,WC-002
MFG-LINE-PLT-004-01,PLT-004,PRD-2023-SKU-09206,WO-2023-27467,0.21889808555380025,Low,0.6646,65.8,WC-004
MFG-LINE-PLT-010-02,PLT-010,PRD-2023-SKU-04717,WO-2023-04519,0.8061253102259709,High,0.6281,105.1,WC-002
MFG-LINE-PLT-004-07,PLT-004,PRD-2021-SKU-02080,WO-2021-62989,0.04761868330553862,Low,0.5731,111.6,WC-004
MFG-LINE-PLT-007-01,PLT-007,PRD-2024-SKU-01532,WO-2024-39572,0.09542263930916714,Low,0.5282,58.8,WC-011
MFG-LINE-PLT-010-03,PLT-010,PRD-2020-SKU-06139,WO-2020-81210,0.9194268965476905,High,0.6134,131.1,WC-010
MFG-LINE-PLT-008-01,PLT-008,PRD-2023-SKU-06653,WO-2023-60526,0.6187696904715185,Medium,0.7512,13.5,WC-002
MFG-LINE-PLT-007-01,PLT-007,PRD-2023-SKU-01105,WO-2023-66452,0.05695437989853514,Low,0.5341,49.7,WC-012
MFG-LINE-PLT-003-01,PLT-003,PRD-2021-SKU-08994,WO-2021-03965,0.19018178374227146,Low,0.5109,166.9,WC-004
MFG-LINE-PLT-009-01,PLT-009,PRD-2023-SKU-04621,WO-2023-05388,0.9058350680213743,High,0.757,30.6,WC-005
MFG-LINE-PLT-004-04,PLT-004,PRD-2024-SKU-03185,WO-2024-17381,0.39788250206951126,Low,0.7453,56.8,WC-002
MFG-LINE-PLT-005-04,PLT-005,PRD-2024-SKU-01780,WO-2024-56756,0.7131642295454101,High,0.6369,48.6,WC-004
MFG-LINE-PLT-006-02,PLT-006,PRD-2020-SKU-04613,WO-2020-65763,0.9813456653748756,High,0.6825,92.9,WC-016
MFG-LINE-PLT-009-02,PLT-009,PRD-2021-SKU-08936,WO-2021-59813,0.06100668813256544,Low,0.8477,18.8,WC-002
MFG-LINE-PLT-008-02,PLT-008,PRD-2024-SKU-05374,WO-2024-95845,0.6725418494359501,Medium,0.5064,189.1200223275173,WC-001
MFG-LINE-PLT-005-04,PLT-005,PRD-2022-SKU-07374,WO-2022-04178,0.6547253758374193,Medium,0.4444,132.2,WC-003
MFG-LINE-PLT-004-04,PLT-004,PRD-2023-SKU-07597,WO-2023-18977,0.4826005344709412,Medium,0.7001,21.5,WC-002
MFG-LINE-PLT-005-02,PLT-005,PRD-2022-SKU-03012,WO-2022-33149,0.629861208257428,Medium,0.5794,41.2,WC-003
MFG-LINE-PLT-004-02,PLT-004,PRD-2022-SKU-05078,WO-2022-99641,0.8511519930489719,High,0.8083,9.7,WC-002
MFG-LINE-PLT-009-01,PLT-009,PRD-2020-SKU-02803,WO-2020-96689,0.8137995892959391,High,0.7555,89.1,WC-007
MFG-LINE-PLT-004-03,PLT-004,PRD-2022-SKU-07880,WO-2022-28881,0.1059953885861984,Low,0.8155,36.0,WC-003
MFG-LINE-PLT-004-02,PLT-004,PRD-2022-SKU-03995,WO-2022-40503,0.3763754283172777,Low,0.4857,113.8,WC-001
MFG-LINE-PLT-004-03,PLT-004,PRD-2021-SKU-06668,WO-2021-98290,0.1596424183717353,Low,0.467,83.5,WC-002
MFG-LINE-PLT-003-02,PLT-003,PRD-2024-SKU-03990,WO-2024-43760,0.46086221077757433,Medium,0.8185,58.1,WC-001
MFG-LINE-PLT-008-02,PLT-008,PRD-2022-SKU-03392,WO-2022-42169,0.6337098799275168,Medium,0.797,72.3,WC-002
MFG-LINE-PLT-008-01,PLT-008,PRD-2023-SKU-01758,WO-2023-49204,0.31978640898944544,Low,0.9415,0.0,WC-001
MFG-LINE-PLT-009-02,PLT-009,PRD-2022-SKU-01720,WO-2022-09322,0.09028667259770293,Low,0.5186,78.8,WC-003
MFG-LINE-PLT-007-02,PLT-007,PRD-2024-SKU-05333,WO-2024-55538,0.5457292159744915,Medium,0.5751,33.7,WC-002
MFG-LINE-PLT-002-04,PLT-002,PRD-2023-SKU-08529,WO-2023-62219,0.9202290619986209,High,0.8922,18.6,WC-003
MFG-LINE-PLT-003-05,PLT-003,PRD-2020-SKU-09070,WO-2020-69144,0.4255173637903978,Medium,0.461,100.1,WC-005
MFG-LINE-PLT-003-04,PLT-003,PRD-2020-SKU-02136,WO-2020-89413,0.3418366902378162,Low,0.6124,77.6,WC-004
MFG-LINE-PLT-005-04,PLT-005,PRD-2020-SKU-01709,WO-2020-93374,0.6455881267235178,Medium,0.6026,98.4,WC-001
MFG-LINE-PLT-004-01,PLT-004,PRD-2023-SKU-02961,WO-2023-79670,0.45752333519880617,Medium,0.5889,117.0,WC-003
MFG-LINE-PLT-009-02,PLT-009,PRD-2021-SKU-06680,WO-2021-12694,0.1490703408126674,Low,0.706,65.9,WC-001
MFG-LINE-PLT-005-03,PLT-005,PRD-2024-SKU-04813,WO-2024-68051,0.11843897800676573,Low,0.6275,27.1,WC-001
MFG-LINE-PLT-010-04,PLT-010,PRD-2023-SKU-06830,WO-2023-71790,0.8042440541520168,High,0.7492,17.1,WC-008
MFG-LINE-PLT-004-05,PLT-004,PRD-2021-SKU-02469,WO-2021-08672,0.1821492603591405,Low,0.7629,10.3,WC-007
MFG-LINE-PLT-007-01,PLT-007,PRD-2022-SKU-06794,WO-2022-54362,0.14093280981504444,Low,0.454,108.1,WC-012
MFG-LINE-PLT-003-02,PLT-003,PRD-2024-SKU-05070,WO-2024-84433,0.629338829524271,Medium,0.4888,123.5,WC-001
MFG-LINE-PLT-003-02,PLT-003,PRD-2021-SKU-07042,WO-2021-90134,0.39745146774680046,Low,0.7624,15.4,WC-001
MFG-LINE-PLT-005-04,PLT-005,PRD-2022-SKU-05090,WO-2022-68345,0.49621594878484193,Medium,0.6773,63.7,WC-002
MFG-LINE-PLT-003-02,PLT-003,PRD-2020-SKU-07365,WO-2020-33421,0.3947296126059757,Low,0.5486,40.2,WC-001
MFG-LINE-PLT-010-04,PLT-010,PRD-2021-SKU-04200,WO-2021-71694,0.6823855893752735,Medium,0.8668,0.0,WC-005
MFG-LINE-PLT-004-06,PLT-004,PRD-2020-SKU-04219,WO-2020-58224,0.7579430726570836,High,0.4713,111.1,WC-002
MFG-LINE-PLT-007-02,PLT-007,PRD-2022-SKU-02892,WO-2022-26734,0.4250203470198241,Medium,0.7843,80.2,WC-002
MFG-LINE-PLT-009-02,PLT-009,PRD-2024-SKU-02817,WO-2024-55294,0.05711609613693843,Low,0.7062,28.2,WC-002
MFG-LINE-PLT-005-06,PLT-005,PRD-2023-SKU-01568,WO-2023-83221,0.19888149644530503,Low,0.6961,66.2,WC-007
MFG-LINE-PLT-009-01,PLT-009,PRD-2022-SKU-08395,WO-2022-64350,0.9445063480117833,High,0.5451,76.3,WC-006
MFG-LINE-PLT-003-02,PLT-003,PRD-2024-SKU-08599,WO-2024-62184,0.21934061121919862,Low,0.5813,71.7,WC-001
MFG-LINE-PLT-004-02,PLT-004,PRD-2020-SKU-08289,WO-2020-43531,0.7041654053781784,High,0.7845,22.9,WC-002
MFG-LINE-PLT-003-03,PLT-003,PRD-2022-SKU-05949,WO-2022-94766,0.039241550349644765,Low,0.7252,67.0,WC-003
MFG-LINE-PLT-006-01,PLT-006,PRD-2020-SKU-01027,WO-2020-92273,0.9293620099338584,High,0.3599,161.3,WC-001
MFG-LINE-PLT-005-06,PLT-005,PRD-2020-SKU-01769,WO-2020-51046,0.14788880151422987,Low,0.605,42.7,WC-004
MFG-LINE-PLT-003-05,PLT-003,PRD-2021-SKU-03617,WO-2021-17718,0.5010957141649739,Medium,0.824,48.4,WC-003
MFG-LINE-PLT-003-05,PLT-003,PRD-2020-SKU-07047,WO-2020-26456,0.821541529394709,High,0.6408,55.7,WC-003
MFG-LINE-PLT-010-03,PLT-010,PRD-2022-SKU-03640,WO-2022-05549,0.9559049897916221,High,0.8319,33.6,WC-001
MFG-LINE-PLT-009-02,PLT-009,PRD-2024-SKU-04948,WO-2024-04250,0.12175849162621397,Low,0.6396,113.0,WC-001
MFG-LINE-PLT-005-05,PLT-005,PRD-2021-SKU-07243,WO-2021-18513,0.012193642783125128,Low,0.832,19.1,WC-003
MFG-LINE-PLT-004-04,PLT-004,PRD-2024-SKU-01312,WO-2024-56678,0.4545739782857883,Medium,0.6844,79.5,WC-002
MFG-LINE-PLT-004-04,PLT-004,PRD-2024-SKU-05345,WO-2024-69130,0.4357316712810364,Medium,0.7989,26.8,WC-001
MFG-LINE-PLT-010-01,PLT-010,PRD-2024-SKU-04148,WO-2024-22064,0.29639924185637934,Low,0.5866,92.7,WC-003
MFG-LINE-PLT-004-05,PLT-004,PRD-2023-SKU-09225,WO-2023-06875,0.5863511861299788,Medium,0.6895,57.4,WC-001
MFG-LINE-PLT-003-04,PLT-003,PRD-2020-SKU-07979,WO-2020-84045,0.5481408299804947,Medium,0.7349,22.4,WC-008
MFG-LINE-PLT-004-02,PLT-004,PRD-2021-SKU-08446,WO-2021-07066,0.4698919351837636,Medium,0.691,0.0,WC-001
MFG-LINE-PLT-008-01,PLT-008,PRD-2022-SKU-07935,WO-2022-09837,0.7342840253287028,High,0.7502,42.4,WC-001
MFG-LINE-PLT-007-02,PLT-007,PRD-2023-SKU-05228,WO-2023-38928,0.4109398213358825,Medium,0.6287,106.5,WC-002
MFG-LINE-PLT-003-05,PLT-003,PRD-2021-SKU-02091,WO-2021-57217,0.453157643345341,Medium,0.8807,28.4,WC-002
MFG-LINE-PLT-004-01,PLT-004,PRD-2022-SKU-04863,WO-2022-18538,0.09808632071690225,Low,0.6989,81.9,WC-002
MFG-LINE-PLT-009-02,PLT-009,PRD-2024-SKU-06724,WO-2024-95653,0.049038859382405015,Low,0.7876,42.9,WC-001
MFG-LINE-PLT-004-03,PLT-004,PRD-2020-SKU-09191,WO-2020-13125,0.07084227238597018,Low,0.5131,126.2,WC-004
MFG-LINE-PLT-010-02,PLT-010,PRD-2022-SKU-03214,WO-2022-73453,0.4982965438125593,Medium,0.6672,19.7,WC-002
MFG-LINE-PLT-004-05,PLT-004,PRD-2020-SKU-05792,WO-2020-18929,0.2148683183977782,Low,0.5769,80.4,WC-008
MFG-LINE-PLT-003-05,PLT-003,PRD-2023-SKU-03355,WO-2023-45871,0.8298173219230026,High,0.7296,0.0,WC-002
MFG-LINE-PLT-010-03,PLT-010,PRD-2023-SKU-01812,WO-2023-37315,0.9395366358312646,High,0.7562,53.8,WC-008
MFG-LINE-PLT-004-02,PLT-004,PRD-2024-SKU-02738,WO-2024-81511,0.8444089443298836,High,0.6528,44.8,WC-002
MFG-LINE-PLT-006-02,PLT-006,PRD-2022-SKU-08719,WO-2022-48009,0.9405218976221607,High,0.3183,218.1,WC-019
MFG-LINE-PLT-009-02,PLT-009,PRD-2023-SKU-08503,WO-2023-30102,0.11346980684943453,Low,0.6862,8.2,WC-001
MFG-LINE-PLT-010-01,PLT-010,PRD-2024-SKU-08530,WO-2024-57088,0.4292667024416462,Medium,0.198,240.2,WC-004
MFG-LINE-PLT-003-02,PLT-003,PRD-2022-SKU-01835,WO-2022-92103,0.16798397553009328,Low,0.7286,23.9,WC-001
MFG-LINE-PLT-004-07,PLT-004,PRD-2020-SKU-05761,WO-2020-26202,0.22882137030951943,Low,0.5537,99.4,WC-001
MFG-LINE-PLT-007-01,PLT-007,PRD-2021-SKU-01851,WO-2021-43889,0.036516911369677885,Low,0.7952,23.9,WC-007
MFG-LINE-PLT-010-03,PLT-010,PRD-2021-SKU-09230,WO-2021-42439,0.7976665650566549,High,0.5579,13.4,WC-006
MFG-LINE-PLT-001-01,PLT-001,PRD-2023-SKU-06836,WO-2023-62249,0.012743581780538303,Low,0.7921,44.9,WC-010
MFG-LINE-PLT-007-01,PLT-007,PRD-2024-SKU-06004,WO-2024-71923,0.0907533000821958,Low,0.4542,112.2,WC-001
MFG-LINE-PLT-009-01,PLT-009,PRD-2021-SKU-05595,WO-2021-79215,0.9685511497067215,High,0.5313,101.6,WC-005
MFG-LINE-PLT-003-05,PLT-003,PRD-2022-SKU-05904,WO-2022-20506,0.8665178983584345,High,0.7726,58.2,WC-001
MFG-LINE-PLT-003-02,PLT-003,PRD-2023-SKU-02278,WO-2023-22410,0.30766253366520585,Low,0.6661,81.1,WC-001
MFG-LINE-PLT-002-03,PLT-002,PRD-2023-SKU-03214,WO-2023-56393,0.24852537734388302,Low,0.6987,8.6,WC-005
MFG-LINE-PLT-004-06,PLT-004,PRD-2024-SKU-04565,WO-2024-74622,0.6618751140658125,Medium,0.3612,218.9,WC-003
MFG-LINE-PLT-001-02,PLT-001,PRD-2022-SKU-02622,WO-2022-12750,0.6575540811266566,Medium,0.7791,30.3,WC-004
MFG-LINE-PLT-008-02,PLT-008,PRD-2023-SKU-08798,WO-2023-80120,0.7480557686794118,High,0.6594,57.7,WC-001
MFG-LINE-PLT-003-05,PLT-003,PRD-2024-SKU-07016,WO-2024-71272,0.35343384682302975,Low,0.6942,0.0,WC-005
MFG-LINE-PLT-003-04,PLT-003,PRD-2024-SKU-08738,WO-2024-97100,0.35850104110430897,Low,0.5962,52.5,WC-006
MFG-LINE-PLT-005-05,PLT-005,PRD-2022-SKU-06580,WO-2022-43014,0.04849195342162594,Low,0.9096,21.5,WC-002
MFG-LINE-PLT-003-04,PLT-003,PRD-2020-SKU-06813,WO-2020-80837,0.2433362013521644,Low,0.5409,61.1,WC-002
MFG-LINE-PLT-010-03,PLT-010,PRD-2022-SKU-01544,WO-2022-76207,0.8703613851956248,High,0.9499,6.8,WC-009
MFG-LINE-PLT-003-05,PLT-003,PRD-2024-SKU-03356,WO-2024-28303,0.7827617872819371,High,0.6642,120.2,WC-001
MFG-LINE-PLT-007-02,PLT-007,PRD-2021-SKU-03775,WO-2021-49926,0.3861993463044283,Low,0.8432,23.2,WC-001
MFG-LINE-PLT-002-03,PLT-002,PRD-2021-SKU-08639,WO-2021-77733,0.6026981135409794,Medium,0.8431,43.6,WC-006
MFG-LINE-PLT-003-02,PLT-003,PRD-2023-SKU-07532,WO-2023-01368,0.3142087649088447,Low,0.7128,56.7,WC-001
MFG-LINE-PLT-003-03,PLT-003,PRD-2023-SKU-07464,WO-2023-82098,0.034180122287351414,Low,0.5737,110.8,WC-001
MFG-LINE-PLT-004-05,PLT-004,PRD-2024-SKU-08505,WO-2024-30095,0.2551402746100847,Low,0.7593,23.4,WC-002
MFG-LINE-PLT-008-01,PLT-008,PRD-2020-SKU-03172,WO-2020-99948,0.3295117221515512,Low,0.3896,122.0,WC-002
MFG-LINE-PLT-007-01,PLT-007,PRD-2021-SKU-07023,WO-2021-20439,0.05026635546849707,Low,0.7268,40.6,WC-009
MFG-LINE-PLT-004-07,PLT-004,PRD-2022-SKU-04693,WO-2022-66546,0.08082007342383968,Low,0.6069,80.6,WC-005
MFG-LINE-PLT-004-05,PLT-004,PRD-2022-SKU-05403,WO-2022-27503,0.4069224305109483,Medium,0.9284,16.8,WC-010
MFG-LINE-PLT-003-05,PLT-003,PRD-2020-SKU-07461,WO-2020-17490,0.8429500221639772,High,0.5967,100.6,WC-003
MFG-LINE-PLT-009-01,PLT-009,PRD-2021-SKU-01669,WO-2021-25364,0.94615640650101,High,0.6756,105.7,WC-004
MFG-LINE-PLT-010-03,PLT-010,PRD-2020-SKU-07826,WO-2020-17245,0.6985971526070147,Medium,0.3261,193.2,WC-006
MFG-LINE-PLT-002-04,PLT-002,PRD-2023-SKU-05942,WO-2023-95097,0.9243328970370085,High,0.4554,8.0,WC-004
MFG-LINE-PLT-004-06,PLT-004,PRD-2021-SKU-08921,WO-2021-37547,0.778735766861126,High,0.6923,17.7,WC-001
MFG-LINE-PLT-010-04,PLT-010,PRD-2024-SKU-06172,WO-2024-73781,0.7038203286620527,High,0.8897,15.6,WC-001
MFG-LINE-PLT-004-05,PLT-004,PRD-2022-SKU-05230,WO-2022-81324,0.21933665337305425,Low,0.5993,167.8,WC-008
MFG-LINE-PLT-001-01,PLT-001,PRD-2023-SKU-07017,WO-2023-51463,0.012255263157894736,Low,0.7546,48.2,WC-007
MFG-LINE-PLT-003-04,PLT-003,PRD-2023-SKU-05515,WO-2023-20537,0.23952990873308863,Low,0.5688,72.5,WC-004
MFG-LINE-PLT-008-01,PLT-008,PRD-2021-SKU-04182,WO-2021-76098,0.4203506138023065,Medium,0.7533,51.8,WC-002
MFG-LINE-PLT-002-03,PLT-002,PRD-2022-SKU-05644,WO-2022-65725,0.503273490073618,Medium,0.8628,10.9,WC-006
MFG-LINE-PLT-003-03,PLT-003,PRD-2022-SKU-05338,WO-2022-85525,0.02306128032659952,Low,0.4668,83.2,WC-003
MFG-LINE-PLT-002-02,PLT-002,PRD-2024-SKU-02064,WO-2024-85071,0.011033333333333332,Low,0.7999,0.0,WC-002
MFG-LINE-PLT-003-05,PLT-003,PRD-2022-SKU-02227,WO-2022-73539,0.489877391200358,Medium,0.5941,92.6,WC-005
MFG-LINE-PLT-010-03,PLT-010,PRD-2023-SKU-01309,WO-2023-71631,0.8743919786800086,High,0.2689,189.6,WC-002
MFG-LINE-PLT-004-07,PLT-004,PRD-2022-SKU-06210,WO-2022-70252,0.14825331658021018,Low,0.3352,112.8,WC-004
MFG-LINE-PLT-002-02,PLT-002,PRD-2024-SKU-01472,WO-2024-95457,0.0030555555555555553,Low,0.8996,16.6,WC-001
MFG-LINE-PLT-003-01,PLT-003,PRD-2023-SKU-02495,WO-2023-50114,0.1644802839891519,Low,0.6612,91.8,WC-011
MFG-LINE-PLT-005-04,PLT-005,PRD-2023-SKU-08281,WO-2023-02913,0.5923059270471208,Medium,0.4682,111.6,WC-004
MFG-LINE-PLT-005-02,PLT-005,PRD-2023-SKU-02377,WO-2023-23513,0.6743263970795367,Medium,0.7198,7.6,WC-004
MFG-LINE-PLT-001-02,PLT-001,PRD-2022-SKU-06087,WO-2022-89458,0.7723541530039684,High,0.745,54.8,WC-002
MFG-LINE-PLT-010-02,PLT-010,PRD-2020-SKU-08936,WO-2020-94882,0.8042610822645775,High,0.4666,65.4,WC-005
MFG-LINE-PLT-004-03,PLT-004,PRD-2020-SKU-07943,WO-2020-51516,0.11952025228201538,Low,0.6327,109.6,WC-003
MFG-LINE-PLT-009-02,PLT-009,PRD-2023-SKU-09573,WO-2023-81094,0.10250360703201612,Low,0.3942,52.7,WC-003
MFG-LINE-PLT-002-04,PLT-002,PRD-2020-SKU-05956,WO-2020-26802,0.9658009057277933,High,0.8334,28.0,WC-005
MFG-LINE-PLT-002-04,PLT-002,PRD-2022-SKU-02417,WO-2022-06842,0.9663659222943615,High,0.8017,4.6,WC-001
MFG-LINE-PLT-004-07,PLT-004,PRD-2021-SKU-07991,WO-2021-70883,0.18970728450563026,Low,0.5312,153.4,WC-003
MFG-LINE-PLT-005-01,PLT-005,PRD-2021-SKU-03621,WO-2021-27229,0.38348721697705823,Low,0.6849,13.9,WC-001
MFG-LINE-PLT-004-03,PLT-004,PRD-2024-SKU-06851,WO-2024-23388,0.1310655018820515,Low,0.7665,56.2,WC-003
MFG-LINE-PLT-004-01,PLT-004,PRD-2023-SKU-06088,WO-2023-95480,0.3144525054970366,Low,0.8764,39.1,WC-006
MFG-LINE-PLT-005-06,PLT-005,PRD-2022-SKU-01635,WO-2022-66201,0.16123092881046505,Low,0.4415,106.9,WC-003
MFG-LINE-PLT-002-03,PLT-002,PRD-2021-SKU-05429,WO-2021-82803,0.6033996414361,Medium,0.4442,21.8,WC-008
MFG-LINE-PLT-001-01,PLT-001,PRD-2020-SKU-02342,WO-2020-33503,0.007086614035087719,Low,0.7166,60.9,WC-010
MFG-LINE-PLT-003-02,PLT-003,PRD-2020-SKU-03715,WO-2020-00521,0.21247593550695817,Low,0.7918,26.3,WC-001
MFG-LINE-PLT-004-04,PLT-004,PRD-2022-SKU-03196,WO-2022-67123,0.7040568771329028,High,0.7335,36.0,WC-001
MFG-LINE-PLT-001-02,PLT-001,PRD-2021-SKU-04686,WO-2021-81358,0.836282171894863,High,0.6251,81.8,WC-001
MFG-LINE-PLT-003-04,PLT-003,PRD-2022-SKU-06141,WO-2022-87116,0.2725496931134783,Low,0.5848,62.6,WC-006
MFG-LINE-PLT-005-05,PLT-005,PRD-2020-SKU-03579,WO-2020-25716,0.04479722677343369,Low,0.7482,0.0,WC-003
MFG-LINE-PLT-008-01,PLT-008,PRD-2023-SKU-05651,WO-2023-25757,0.6439261316559834,Medium,0.6224,61.8,WC-002
MFG-LINE-PLT-004-07,PLT-004,PRD-2022-SKU-06307,WO-2022-43071,0.07742684021476774,Low,0.6477,111.4,WC-002
MFG-LINE-PLT-002-02,PLT-002,PRD-2024-SKU-03914,WO-2024-37351,0.009297814207650273,Low,0.7315,28.0,WC-008
MFG-LINE-PLT-010-01,PLT-010,PRD-2023-SKU-01960,WO-2023-18793,0.3925218308682638,Low,0.6481,67.8,WC-003
MFG-LINE-PLT-001-01,PLT-001,PRD-2022-SKU-07060,WO-2022-09985,0.0509371676891637,Low,0.6267,27.0,WC-006
MFG-LINE-PLT-004-05,PLT-004,PRD-2020-SKU-06559,WO-2020-95524,0.3917959897618311,Low,0.7785,19.9,WC-004
MFG-LINE-PLT-005-06,PLT-005,PRD-2020-SKU-07038,WO-2020-41403,0.24306062466444697,Low,0.3931,196.4,WC-009
MFG-LINE-PLT-009-01,PLT-009,PRD-2021-SKU-04996,WO-2021-35442,0.9127444858467474,High,0.8047,51.9,WC-009
MFG-LINE-PLT-002-04,PLT-002,PRD-2022-SKU-07495,WO-2022-12395,0.9372738015379248,High,0.5476,75.2,WC-006
MFG-LINE-PLT-010-03,PLT-010,PRD-2020-SKU-02381,WO-2020-89704,0.945209581387983,High,0.5877,110.0,WC-001
MFG-LINE-PLT-003-01,PLT-003,PRD-2020-SKU-02686,WO-2020-96491,0.4968392254511529,Medium,0.5507,114.3,WC-006
MFG-LINE-PLT-005-06,PLT-005,PRD-2022-SKU-06604,WO-2022-43305,0.18368718076265753,Low,0.606,88.6,WC-010
MFG-LINE-PLT-005-03,PLT-005,PRD-2022-SKU-06228,WO-2022-09506,0.03186575527894633,Low,0.7567,48.2,WC-002
MFG-LINE-PLT-003-05,PLT-003,PRD-2022-SKU-06404,WO-2022-06690,0.8429068124055382,High,0.7503,0.0,WC-003
MFG-LINE-PLT-003-05,PLT-003,PRD-2022-SKU-05103,WO-2022-77481,0.856288385112124,High,0.6764,60.0,WC-003
MFG-LINE-PLT-005-03,PLT-005,PRD-2020-SKU-01793,WO-2020-40434,0.09805079171395463,Low,0.6078,75.4,WC-002
MFG-LINE-PLT-004-01,PLT-004,PRD-2024-SKU-05637,WO-2024-51264,0.2537804786536097,Low,0.5441,48.6,WC-006
MFG-LINE-PLT-002-01,PLT-002,PRD-2020-SKU-06798,WO-2020-78671,0.10198087254065295,Low,0.671,50.8,WC-001
MFG-LINE-PLT-004-04,PLT-004,PRD-2022-SKU-01794,WO-2022-92616,0.7916590289838883,High,0.597,36.8,WC-001
MFG-LINE-PLT-003-05,PLT-003,PRD-2020-SKU-02977,WO-2020-45926,0.7801397389104009,High,0.8028,0.0,WC-002
MFG-LINE-PLT-006-02,PLT-006,PRD-2020-SKU-08792,WO-2020-59776,0.9534216374269008,High,0.5338,0.0,WC-007
MFG-LINE-PLT-003-05,PLT-003,PRD-2021-SKU-09644,WO-2021-60404,0.7985933239203096,High,0.5712,151.5,WC-003
MFG-LINE-PLT-010-02,PLT-010,PRD-2023-SKU-08040,WO-2023-17316,0.795341651475377,High,0.5587,67.2,WC-001
MFG-LINE-PLT-009-02,PLT-009,PRD-2021-SKU-05919,WO-2021-16647,0.052356935427909146,Low,0.7239,32.7,WC-003
MFG-LINE-PLT-003-05,PLT-003,PRD-2023-SKU-06105,WO-2023-95721,0.47270186509389356,Medium,0.7053,33.4,WC-003
MFG-LINE-PLT-002-04,PLT-002,PRD-2020-SKU-09890,WO-2020-68797,0.9622188141603588,High,0.5143,70.4,WC-001
MFG-LINE-PLT-002-03,PLT-002,PRD-2021-SKU-03117,WO-2021-05670,0.20399283272075364,Low,0.7764,65.4,WC-002
MFG-LINE-PLT-004-03,PLT-004,PRD-2020-SKU-02325,WO-2020-85722,0.1306125929693186,Low,0.5938,52.5,WC-002
MFG-LINE-PLT-005-05,PLT-005,PRD-2022-SKU-01819,WO-2022-94686,0.01019787878109795,Low,0.584,45.3,WC-003
MFG-LINE-PLT-005-05,PLT-005,PRD-2020-SKU-08103,WO-2020-05175,0.016719332448577016,Low,0.5463,23.5,WC-003
MFG-LINE-PLT-004-04,PLT-004,PRD-2021-SKU-03379,WO-2021-81762,0.6279122755503856,Medium,0.6279,31.9,WC-002
MFG-LINE-PLT-004-01,PLT-004,PRD-2022-SKU-07898,WO-2022-41724,0.19494046242535198,Low,0.5783,84.6,WC-001
MFG-LINE-PLT-004-02,PLT-004,PRD-2024-SKU-08633,WO-2024-45905,0.7076628443637467,High,0.6613,60.3,WC-002
MFG-LINE-PLT-001-01,PLT-001,PRD-2022-SKU-08779,WO-2022-67431,0.0992531345814177,Low,0.2358,273.525315812625,WC-010
MFG-LINE-PLT-002-01,PLT-002,PRD-2022-SKU-02948,WO-2022-06371,0.06397495323135058,Low,0.6447,43.8,WC-002
MFG-LINE-PLT-005-02,PLT-005,PRD-2024-SKU-06831,WO-2024-79657,0.4381724103761271,Medium,0.8198,0.0,WC-002
MFG-LINE-PLT-004-07,PLT-004,PRD-2023-SKU-06782,WO-2023-40555,0.06360612306184056,Low,0.6831,48.2,WC-005
MFG-LINE-PLT-003-02,PLT-003,PRD-2021-SKU-07983,WO-2021-02151,0.37566685930667026,Low,0.7182,52.3,WC-001
MFG-LINE-PLT-006-02,PLT-006,PRD-2024-SKU-04626,WO-2024-21187,0.9740719316411899,High,0.6959,110.0,WC-020
MFG-LINE-PLT-001-01,PLT-001,PRD-2021-SKU-01555,WO-2021-04136,0.055839390897549725,Low,0.4142,152.0,WC-010
MFG-LINE-PLT-002-02,PLT-002,PRD-2022-SKU-04521,WO-2022-34734,0.006778947368421054,Low,0.7552,64.8,WC-002
MFG-LINE-PLT-010-03,PLT-010,PRD-2021-SKU-07757,WO-2021-51517,0.6915920430284308,Medium,0.6496,66.1,WC-008
MFG-LINE-PLT-004-01,PLT-004,PRD-2021-SKU-07608,WO-2021-58861,0.5360247524678521,Medium,0.6873,64.4,WC-007
MFG-LINE-PLT-007-02,PLT-007,PRD-2021-SKU-05338,WO-2021-86840,0.6717935574767447,Medium,0.4694,83.8,WC-001
MFG-LINE-PLT-010-04,PLT-010,PRD-2022-SKU-01913,WO-2022-67190,0.7977008736049095,High,0.8315,36.2,WC-001
MFG-LINE-PLT-007-01,PLT-007,PRD-2021-SKU-01565,WO-2021-12354,0.13687770611563962,Low,0.634,111.1,WC-002
MFG-LINE-PLT-003-04,PLT-003,PRD-2024-SKU-02637,WO-2024-95728,0.3322199977733443,Low,0.6232,42.3,WC-001
MFG-LINE-PLT-003-01,PLT-003,PRD-2021-SKU-06871,WO-2021-77646,0.22154668587191514,Low,0.6935,66.1,WC-006
MFG-LINE-PLT-006-02,PLT-006,PRD-2023-SKU-03772,WO-2023-69525,0.9783251390590862,High,0.5298,121.5,WC-007
MFG-LINE-PLT-006-01,PLT-006,PRD-2021-SKU-06673,WO-2021-81391,0.8880494650333889,High,0.8417,50.8,WC-005
MFG-LINE-PLT-005-04,PLT-005,PRD-2023-SKU-03854,WO-2023-09530,0.7480657151356813,High,0.705,11.0,WC-001
MFG-LINE-PLT-009-02,PLT-009,PRD-2024-SKU-09223,WO-2024-45178,0.10859420282463017,Low,0.6277,98.9,WC-003
MFG-LINE-PLT-005-06,PLT-005,PRD-2021-SKU-08090,WO-2021-19955,0.14284276194856274,Low,0.5158,46.2,WC-010
MFG-LINE-PLT-005-05,PLT-005,PRD-2023-SKU-01532,WO-2023-90863,0.06185244077042021,Low,0.5997,31.5,WC-002
MFG-LINE-PLT-003-04,PLT-003,PRD-2024-SKU-05761,WO-2024-82543,0.275886973812794,Low,0.5573,25.5,WC-004
MFG-LINE-PLT-002-01,PLT-002,PRD-2022-SKU-04256,WO-2022-36280,0.07525382383608699,Low,0.5464,168.4,WC-002
MFG-LINE-PLT-010-02,PLT-010,PRD-2022-SKU-02059,WO-2022-75692,0.8560718161026165,High,0.7478,5.1,WC-004
MFG-LINE-PLT-003-04,PLT-003,PRD-2023-SKU-08093,WO-2023-24577,0.21610070462473235,Low,0.6378,86.2,WC-008
MFG-LINE-PLT-005-01,PLT-005,PRD-2024-SKU-01887,WO-2024-77161,0.46635939629280004,Medium,0.3221,237.2402394643675,WC-003
MFG-LINE-PLT-007-01,PLT-007,PRD-2021-SKU-04899,WO-2021-34832,0.05920139057317952,Low,0.6702,17.2,WC-003
MFG-LINE-PLT-004-05,PLT-004,PRD-2020-SKU-03262,WO-2020-78627,0.3547568340514291,Low,0.6943,57.7,WC-009
MFG-LINE-PLT-001-02,PLT-001,PRD-2020-SKU-01197,WO-2020-07146,0.760089986658794,High,0.8306,30.1,WC-004
MFG-LINE-PLT-004-02,PLT-004,PRD-2023-SKU-06419,WO-2023-82148,0.365454037594858,Low,0.5296,73.1,WC-001
MFG-LINE-PLT-002-03,PLT-002,PRD-2021-SKU-08480,WO-2021-48722,0.19630145921437034,Low,0.7303,54.5,WC-008
MFG-LINE-PLT-004-01,PLT-004,PRD-2021-SKU-03622,WO-2021-23753,0.1459611024113425,Low,0.4393,221.9,WC-010
MFG-LINE-PLT-004-06,PLT-004,PRD-2024-SKU-01910,WO-2024-43590,0.33845291600821037,Low,0.4356,197.21400498802663,WC-001
MFG-LINE-PLT-005-02,PLT-005,PRD-2020-SKU-07360,WO-2020-06671,0.526942669245766,Medium,0.6681,46.6,WC-001
MFG-LINE-PLT-001-01,PLT-001,PRD-2021-SKU-02991,WO-2021-08983,0.009754808187056806,Low,0.7507,49.3,WC-006
MFG-LINE-PLT-004-02,PLT-004,PRD-2023-SKU-01550,WO-2023-21032,0.7807951538560133,High,0.7058,34.3,WC-001
MFG-LINE-PLT-010-02,PLT-010,PRD-2023-SKU-07132,WO-2023-91570,0.8010451999525389,High,0.7002,68.7,WC-005
MFG-LINE-PLT-004-01,PLT-004,PRD-2020-SKU-08222,WO-2020-45278,0.14163157194023895,Low,0.7725,51.6,WC-010
MFG-LINE-PLT-009-01,PLT-009,PRD-2020-SKU-02994,WO-2020-99481,0.9544307900802574,High,0.7082,39.0,WC-009
MFG-LINE-PLT-010-02,PLT-010,PRD-2023-SKU-08612,WO-2023-62101,0.8163501251391226,High,0.74,54.3,WC-002
MFG-LINE-PLT-008-01,PLT-008,PRD-2024-SKU-03267,WO-2024-99288,0.6872529314771969,Medium,0.7697,6.5,WC-002
MFG-LINE-PLT-010-01,PLT-010,PRD-2020-SKU-09123,WO-2020-87006,0.6743801635168691,Medium,0.5535,82.2,WC-001
MFG-LINE-PLT-003-02,PLT-003,PRD-2023-SKU-08301,WO-2023-20501,0.18238777695915925,Low,0.8538,41.8,WC-001
MFG-LINE-PLT-009-01,PLT-009,PRD-2022-SKU-09507,WO-2022-48234,0.9065533652721489,High,0.506,60.1,WC-005
MFG-LINE-PLT-006-01,PLT-006,PRD-2023-SKU-08612,WO-2023-58716,0.9433115964260598,High,0.4959,171.7,WC-007
MFG-LINE-PLT-002-03,PLT-002,PRD-2021-SKU-09564,WO-2021-63700,0.5952180346793638,Medium,0.7985,32.9,WC-007
MFG-LINE-PLT-005-02,PLT-005,PRD-2024-SKU-09269,WO-2024-29613,0.34892255687460366,Low,0.4902,58.1,WC-002
MFG-LINE-PLT-003-02,PLT-003,PRD-2021-SKU-01432,WO-2021-89939,0.2724374547402306,Low,0.6671,42.1,WC-001
MFG-LINE-PLT-003-02,PLT-003,PRD-2021-SKU-03558,WO-2021-07743,0.2056871216006951,Low,0.3011,198.9,WC-001
MFG-LINE-PLT-005-05,PLT-005,PRD-2024-SKU-07872,WO-2024-64541,0.025499431761834144,Low,0.5222,105.1,WC-001
MFG-LINE-PLT-010-01,PLT-010,PRD-2021-SKU-02556,WO-2021-40579,0.5782092112126125,Medium,0.6573,40.2,WC-001
MFG-LINE-PLT-009-02,PLT-009,PRD-2021-SKU-05833,WO-2021-27262,0.04415449096081929,Low,0.6304,37.5,WC-002
MFG-LINE-PLT-008-01,PLT-008,PRD-2021-SKU-07111,WO-2021-91053,0.33182894086064474,Low,0.6958,45.2,WC-003
MFG-LINE-PLT-010-02,PLT-010,PRD-2020-SKU-09449,WO-2020-48865,0.7855280590806151,High,0.8376,41.7,WC-003
MFG-LINE-PLT-010-02,PLT-010,PRD-2021-SKU-07743,WO-2021-85893,0.7624921101902796,High,0.707,64.9,WC-001
MFG-LINE-PLT-008-02,PLT-008,PRD-2023-SKU-04016,WO-2023-52608,0.6147618734165623,Medium,0.601,29.6,WC-004
MFG-LINE-PLT-008-02,PLT-008,PRD-2020-SKU-06169,WO-2020-27862,0.5307773195318635,Medium,0.5595,25.1,WC-005
MFG-LINE-PLT-004-05,PLT-004,PRD-2020-SKU-04348,WO-2020-99048,0.27182068583100977,Low,0.7715,4.1,WC-003
MFG-LINE-PLT-002-02,PLT-002,PRD-2024-SKU-09207,WO-2024-17639,0.2009850106652672,Low,0.6144,0.0,WC-004
MFG-LINE-PLT-008-01,PLT-008,PRD-2021-SKU-08042,WO-2021-50764,0.6582283568604731,Medium,0.3711,195.3,WC-002
MFG-LINE-PLT-010-03,PLT-010,PRD-2022-SKU-01941,WO-2022-83221,0.9441687426190132,High,0.5393,82.4,WC-007
MFG-LINE-PLT-010-02,PLT-010,PRD-2023-SKU-07898,WO-2023-34836,0.7785095048609706,High,0.693,72.8,WC-003
MFG-LINE-PLT-004-02,PLT-004,PRD-2024-SKU-05843,WO-2024-22284,0.4638747178394052,Medium,0.7736,40.9,WC-001
MFG-LINE-PLT-002-03,PLT-002,PRD-2022-SKU-03069,WO-2022-68024,0.321870892566515,Low,0.5982,73.1,WC-009
MFG-LINE-PLT-009-02,PLT-009,PRD-2021-SKU-03776,WO-2021-56934,0.06786156978342274,Low,0.5762,55.7,WC-002
MFG-LINE-PLT-003-04,PLT-003,PRD-2024-SKU-03428,WO-2024-01416,0.28449297977132837,Low,0.9501,0.0,WC-002
MFG-LINE-PLT-002-02,PLT-002,PRD-2021-SKU-06552,WO-2021-33612,0.002735472739820566,Low,0.7699,43.2,WC-001
MFG-LINE-PLT-008-02,PLT-008,PRD-2020-SKU-07033,WO-2020-99814,0.5338230780155093,Medium,0.76,72.0,WC-006
MFG-LINE-PLT-004-04,PLT-004,PRD-2023-SKU-05032,WO-2023-19274,0.3791189505493991,Low,0.7547,48.4,WC-002
MFG-LINE-PLT-003-03,PLT-003,PRD-2022-SKU-08736,WO-2022-78302,0.04212618224709238,Low,0.6676,96.0,WC-002
MFG-LINE-PLT-005-05,PLT-005,PRD-2021-SKU-01233,WO-2021-73781,0.008985731934629952,Low,0.5524,86.1,WC-002
MFG-LINE-PLT-006-02,PLT-006,PRD-2022-SKU-07287,WO-2022-35138,0.9795658365980408,High,0.6967,26.9,WC-004
MFG-LINE-PLT-005-02,PLT-005,PRD-2022-SKU-01354,WO-2022-35435,0.7813402287900754,High,0.9422,0.0,WC-001
MFG-LINE-PLT-004-07,PLT-004,PRD-2024-SKU-09574,WO-2024-84926,0.19199212088892528,Low,0.3574,234.4,WC-004
MFG-LINE-PLT-002-03,PLT-002,PRD-2022-SKU-09083,WO-2022-29849,0.516806968086276,Medium,0.5351,121.2,WC-008
MFG-LINE-PLT-002-02,PLT-002,PRD-2023-SKU-08710,WO-2023-22499,0.0053709720104456946,Low,0.743,64.0,WC-010
MFG-LINE-PLT-006-02,PLT-006,PRD-2023-SKU-05236,WO-2023-48989,0.9619596180160418,High,0.5377,36.9,WC-009
MFG-LINE-PLT-003-05,PLT-003,PRD-2022-SKU-07894,WO-2022-75964,0.3538186628570951,Low,0.6533,38.0,WC-005
MFG-LINE-PLT-005-01,PLT-005,PRD-2023-SKU-02618,WO-2023-46062,0.7287677902865435,High,0.6498,35.2,WC-001
MFG-LINE-PLT-008-02,PLT-008,PRD-2023-SKU-04963,WO-2023-48533,0.6326946250653364,Medium,0.6932,37.7,WC-002
MFG-LINE-PLT-001-01,PLT-001,PRD-2022-SKU-05248,WO-2022-69336,0.041826710675786805,Low,0.7322,20.9,WC-008
MFG-LINE-PLT-004-07,PLT-004,PRD-2023-SKU-01063,WO-2023-29472,0.4756829401150146,Medium,0.1781,264.9,WC-003
MFG-LINE-PLT-002-04,PLT-002,PRD-2023-SKU-08180,WO-2023-55281,0.9513956190861552,High,0.6705,41.8,WC-004
MFG-LINE-PLT-010-03,PLT-010,PRD-2022-SKU-09563,WO-2022-32571,0.9332436425565656,High,0.5617,87.6,WC-007
MFG-LINE-PLT-004-01,PLT-004,PRD-2023-SKU-07494,WO-2023-03908,0.18810101809421145,Low,0.4322,206.4,WC-010
MFG-LINE-PLT-004-04,PLT-004,PRD-2021-SKU-01519,WO-2021-81939,0.8152109565748277,High,0.4734,60.6,WC-001
MFG-LINE-PLT-004-04,PLT-004,PRD-2020-SKU-02782,WO-2020-76762,0.36017141689475723,Low,0.567,20.1,WC-002
MFG-LINE-PLT-003-03,PLT-003,PRD-2024-SKU-04074,WO-2024-30819,0.017689598413586746,Low,0.684,69.4,WC-001
MFG-LINE-PLT-004-03,PLT-004,PRD-2022-SKU-09118,WO-2022-64512,0.09242647033413626,Low,0.5571,108.7,WC-002
MFG-LINE-PLT-005-02,PLT-005,PRD-2023-SKU-04127,WO-2023-24087,0.49848743431900433,Medium,0.8108,4.0,WC-004
MFG-LINE-PLT-002-01,PLT-002,PRD-2024-SKU-05427,WO-2024-08966,0.04313621820357179,Low,0.4877,89.0,WC-002
MFG-LINE-PLT-008-01,PLT-008,PRD-2021-SKU-07144,WO-2021-97294,0.6115531950632981,Medium,0.9242,27.8,WC-002
MFG-LINE-PLT-004-07,PLT-004,PRD-2020-SKU-04235,WO-2020-79775,0.051409719632408486,Low,0.608,114.6,WC-004
MFG-LINE-PLT-003-03,PLT-003,PRD-2022-SKU-07414,WO-2022-41806,0.08341726617639922,Low,0.4801,151.7,WC-001
MFG-LINE-PLT-006-02,PLT-006,PRD-2020-SKU-07053,WO-2020-07724,0.9806771738552176,High,0.5518,21.7,WC-004
MFG-LINE-PLT-005-02,PLT-005,PRD-2022-SKU-09192,WO-2022-25059,0.3855974448697119,Low,0.7052,86.9,WC-001
MFG-LINE-PLT-010-03,PLT-010,PRD-2021-SKU-01777,WO-2021-83601,0.953345176467438,High,0.6126,129.3,WC-007
MFG-LINE-PLT-003-05,PLT-003,PRD-2022-SKU-09316,WO-2022-09180,0.7579113281585184,High,0.8269,34.0,WC-001
MFG-LINE-PLT-001-02,PLT-001,PRD-2020-SKU-02488,WO-2020-46376,0.809834001411909,High,0.4186,13.2,WC-004
MFG-LINE-PLT-005-05,PLT-005,PRD-2023-SKU-04984,WO-2023-20576,0.03349951541676113,Low,0.5952,99.5,WC-003
MFG-LINE-PLT-009-01,PLT-009,PRD-2023-SKU-05316,WO-2023-10321,0.8903207001414051,High,0.5303,58.0,WC-003
MFG-LINE-PLT-010-01,PLT-010,PRD-2022-SKU-09079,WO-2022-11915,0.7263778925748254,High,0.622,70.5,WC-002
MFG-LINE-PLT-005-04,PLT-005,PRD-2023-SKU-05869,WO-2023-38690,0.3775865609594272,Low,0.6718,78.3,WC-002
MFG-LINE-PLT-006-01,PLT-006,PRD-2023-SKU-04649,WO-2023-89124,0.9810891773347153,High,0.614,110.1,WC-010
MFG-LINE-PLT-007-01,PLT-007,PRD-2020-SKU-05755,WO-2020-52524,0.032547788044667465,Low,0.7031,51.9,WC-015
MFG-LINE-PLT-005-06,PLT-005,PRD-2022-SKU-06200,WO-2022-33211,0.16165384772711652,Low,0.5589,80.4,WC-007
MFG-LINE-PLT-004-04,PLT-004,PRD-2023-SKU-07088,WO-2023-37970,0.3242269107746502,Low,0.802,21.5,WC-001
MFG-LINE-PLT-005-05,PLT-005,PRD-2020-SKU-05310,WO-2020-21955,0.00932742922750088,Low,0.6437,68.8,WC-003
MFG-LINE-PLT-003-01,PLT-003,PRD-2022-SKU-03828,WO-2022-98679,0.49233457352933957,Medium,0.7688,62.8,WC-004
MFG-LINE-PLT-005-01,PLT-005,PRD-2023-SKU-01545,WO-2023-14034,0.8058942435360689,High,0.6326,41.9,WC-003
MFG-LINE-PLT-004-06,PLT-004,PRD-2023-SKU-08778,WO-2023-45531,0.7305489592283497,High,0.8774,6.6,WC-003
MFG-LINE-PLT-004-03,PLT-004,PRD-2021-SKU-04296,WO-2021-82205,0.14508788979703918,Low,0.7641,41.6,WC-001
MFG-LINE-PLT-001-01,PLT-001,PRD-2023-SKU-07440,WO-2023-91514,0.054971739700018465,Low,0.6215,111.3,WC-007
MFG-LINE-PLT-001-01,PLT-001,PRD-2022-SKU-09653,WO-2022-66548,0.031083241230680868,Low,0.5058,70.1,WC-009
MFG-LINE-PLT-004-03,PLT-004,PRD-2023-SKU-08088,WO-2023-88553,0.12898097487084917,Low,0.7211,41.9,WC-005
MFG-LINE-PLT-003-04,PLT-003,PRD-2022-SKU-02872,WO-2022-36899,0.14037120410347367,Low,0.7778,24.8,WC-004
MFG-LINE-PLT-010-04,PLT-010,PRD-2022-SKU-01745,WO-2022-59312,0.7106233623859013,High,0.8463,21.3,WC-001
MFG-LINE-PLT-007-01,PLT-007,PRD-2020-SKU-09678,WO-2020-67496,0.05172971422644461,Low,0.7372,0.0,WC-011
MFG-LINE-PLT-005-02,PLT-005,PRD-2022-SKU-05815,WO-2022-39200,0.6450203191507399,Medium,0.7414,7.5,WC-005
MFG-LINE-PLT-005-03,PLT-005,PRD-2024-SKU-03079,WO-2024-92469,0.10995825490445973,Low,0.6308,143.4,WC-002
MFG-LINE-PLT-009-01,PLT-009,PRD-2023-SKU-01316,WO-2023-29780,0.9347903355616383,High,0.6149,76.7,WC-009
MFG-LINE-PLT-004-06,PLT-004,PRD-2022-SKU-06764,WO-2022-94817,0.7942761007680732,High,0.7903,60.1,WC-002
MFG-LINE-PLT-004-04,PLT-004,PRD-2024-SKU-02864,WO-2024-87509,0.7288607034385831,High,0.5155,55.4,WC-001
MFG-LINE-PLT-004-05,PLT-004,PRD-2023-SKU-09214,WO-2023-51300,0.15437746706649352,Low,0.6193,88.0,WC-010
MFG-LINE-PLT-004-01,PLT-004,PRD-2021-SKU-09252,WO-2021-50745,0.06360728225062018,Low,0.8623,13.3,WC-001
MFG-LINE-PLT-010-03,PLT-010,PRD-2024-SKU-01456,WO-2024-37028,0.9287259237555308,High,0.698,38.9,WC-002
MFG-LINE-PLT-001-02,PLT-001,PRD-2021-SKU-07301,WO-2021-73872,0.8396723919757142,High,0.6508,30.1,WC-002
MFG-LINE-PLT-008-01,PLT-008,PRD-2022-SKU-01822,WO-2022-76684,0.2700174719879062,Low,0.6817,66.4,WC-001
MFG-LINE-PLT-007-01,PLT-007,PRD-2022-SKU-04225,WO-2022-92938,0.05815183261803993,Low,0.7189,25.6,WC-009
MFG-LINE-PLT-004-06,PLT-004,PRD-2023-SKU-07543,WO-2023-00440,0.4095126621137443,Medium,0.6638,32.0,WC-002
MFG-LINE-PLT-004-01,PLT-004,PRD-2023-SKU-02494,WO-2023-92926,0.4394327084343866,Medium,0.7785,52.8,WC-006
MFG-LINE-PLT-009-02,PLT-009,PRD-2024-SKU-09247,WO-2024-59429,0.053867707132794734,Low,0.7326,34.0,WC-003
MFG-LINE-PLT-007-02,PLT-007,PRD-2020-SKU-06467,WO-2020-96531,0.7440264546678239,High,0.641,46.1,WC-001
MFG-LINE-PLT-009-01,PLT-009,PRD-2023-SKU-09454,WO-2023-58060,0.9490116387612516,High,0.569,74.9,WC-007
MFG-LINE-PLT-005-06,PLT-005,PRD-2024-SKU-04475,WO-2024-48616,0.4128841738139129,Medium,0.5564,40.1,WC-004
MFG-LINE-PLT-003-02,PLT-003,PRD-2021-SKU-03467,WO-2021-13220,0.16484730981159262,Low,0.4263,153.0,WC-001
MFG-LINE-PLT-004-06,PLT-004,PRD-2021-SKU-05564,WO-2021-39524,0.7900545747202531,High,0.7668,12.3,WC-001
MFG-LINE-PLT-004-01,PLT-004,PRD-2024-SKU-02659,WO-2024-17858,0.5163956376590483,Medium,0.711,30.2,WC-010
MFG-LINE-PLT-003-05,PLT-003,PRD-2023-SKU-04210,WO-2023-06365,0.585666463695874,Medium,0.5528,11.6,WC-005
MFG-LINE-PLT-010-01,PLT-010,PRD-2020-SKU-06430,WO-2020-82731,0.7415494850421136,High,0.7117,26.2,WC-002
MFG-LINE-PLT-004-04,PLT-004,PRD-2022-SKU-03328,WO-2022-94465,0.6633118527032297,Medium,0.6076,71.1,WC-002
MFG-LINE-PLT-002-04,PLT-002,PRD-2024-SKU-07369,WO-2024-96180,0.6902801855888038,Medium,0.4655,62.0,WC-001
MFG-LINE-PLT-003-05,PLT-003,PRD-2021-SKU-07499,WO-2021-70571,0.8388420822872216,High,0.6393,101.5,WC-004
MFG-LINE-PLT-010-03,PLT-010,PRD-2023-SKU-05120,WO-2023-06739,0.957513502915398,High,0.7119,70.6,WC-006
MFG-LINE-PLT-003-02,PLT-003,PRD-2024-SKU-06187,WO-2024-83935,0.13456788054465688,Low,0.6238,136.4,WC-001
MFG-LINE-PLT-002-01,PLT-002,PRD-2024-SKU-07184,WO-2024-53159,0.05149087206380703,Low,0.8282,37.7,WC-002
MFG-LINE-PLT-002-01,PLT-002,PRD-2020-SKU-04322,WO-2020-01006,0.39899988079744403,Low,0.7821,10.0,WC-002
MFG-LINE-PLT-004-02,PLT-004,PRD-2023-SKU-02191,WO-2023-46848,0.7486788194176569,High,0.8355,0.0,WC-002
MFG-LINE-PLT-003-05,PLT-003,PRD-2024-SKU-03991,WO-2024-55861,0.7950257162366456,High,0.7851,34.3,WC-001
MFG-LINE-PLT-006-02,PLT-006,PRD-2022-SKU-05535,WO-2022-54878,0.995474236803447,High,0.6095,94.8,WC-019
MFG-LINE-PLT-008-01,PLT-008,PRD-2023-SKU-04113,WO-2023-60708,0.6047613967724876,Medium,0.6374,108.8,WC-001
MFG-LINE-PLT-003-02,PLT-003,PRD-2024-SKU-09123,WO-2024-05727,0.5831149985199345,Medium,0.5484,109.6,WC-001
MFG-LINE-PLT-005-03,PLT-005,PRD-2023-SKU-04742,WO-2023-04834,0.04849127670547903,Low,0.5767,60.9,WC-002
MFG-LINE-PLT-004-01,PLT-004,PRD-2023-SKU-04016,WO-2023-94645,0.17297607385729613,Low,0.5931,95.5,WC-006
MFG-LINE-PLT-002-04,PLT-002,PRD-2024-SKU-06031,WO-2024-79853,0.9430413045897436,High,0.8228,46.6,WC-002
MFG-LINE-PLT-004-02,PLT-004,PRD-2022-SKU-07810,WO-2022-86512,0.8671079279239041,High,0.7224,13.2,WC-001
MFG-LINE-PLT-004-06,PLT-004,PRD-2024-SKU-05453,WO-2024-16903,0.43472015349297605,Medium,0.7161,56.1,WC-001
MFG-LINE-PLT-005-02,PLT-005,PRD-2020-SKU-03361,WO-2020-37890,0.4547801589585782,Medium,0.5566,76.0,WC-001
MFG-LINE-PLT-004-01,PLT-004,PRD-2023-SKU-06855,WO-2023-05343,0.47383163169336434,Medium,0.6473,80.6,WC-010
MFG-LINE-PLT-007-02,PLT-007,PRD-2020-SKU-07910,WO-2020-93234,0.6052679922418273,Medium,0.553,54.3,WC-001
MFG-LINE-PLT-003-04,PLT-003,PRD-2022-SKU-02065,WO-2022-30353,0.22811725461716745,Low,0.7737,7.8,WC-002
MFG-LINE-PLT-003-02,PLT-003,PRD-2023-SKU-01578,WO-2023-36060,0.18715056257546062,Low,0.6471,138.1,WC-001
MFG-LINE-PLT-002-04,PLT-002,PRD-2020-SKU-09215,WO-2020-72289,0.964221852476665,High,0.6299,86.4,WC-002
MFG-LINE-PLT-008-01,PLT-008,PRD-2023-SKU-09680,WO-2023-37866,0.6648170464131502,Medium,0.9443,27.9,WC-002
MFG-LINE-PLT-010-04,PLT-010,PRD-2023-SKU-02648,WO-2023-23051,0.6313201937519625,Medium,0.6366,55.2,WC-007
MFG-LINE-PLT-004-04,PLT-004,PRD-2021-SKU-05600,WO-2021-79670,0.8915595118056486,High,0.41,42.4,WC-002
MFG-LINE-PLT-005-06,PLT-005,PRD-2020-SKU-05282,WO-2020-29614,0.16452898585086267,Low,0.523,62.6,WC-004
MFG-LINE-PLT-005-01,PLT-005,PRD-2023-SKU-08594,WO-2023-64515,0.7446405135827556,High,0.8029,21.0,WC-001
MFG-LINE-PLT-006-02,PLT-006,PRD-2022-SKU-07754,WO-2022-99912,0.9667139194139194,High,0.597,148.3,WC-011
MFG-LINE-PLT-004-03,PLT-004,PRD-2020-SKU-08772,WO-2020-91595,0.12257627227332256,Low,0.3162,175.4,WC-002
MFG-LINE-PLT-008-02,PLT-008,PRD-2023-SKU-01418,WO-2023-41569,0.34065698699408814,Low,0.6006,78.9,WC-005
MFG-LINE-PLT-003-01,PLT-003,PRD-2024-SKU-06524,WO-2024-91494,0.5880612588310872,Medium,0.5155,71.1,WC-008
MFG-LINE-PLT-005-05,PLT-005,PRD-2020-SKU-07022,WO-2020-25648,0.03659402830053538,Low,0.6382,11.6,WC-001
MFG-LINE-PLT-007-02,PLT-007,PRD-2024-SKU-09720,WO-2024-96963,0.6551352841832299,Medium,0.5804,57.7,WC-001
MFG-LINE-PLT-004-05,PLT-004,PRD-2022-SKU-05062,WO-2022-46460,0.5865818723346906,Medium,0.7104,28.2,WC-009
MFG-LINE-PLT-005-04,PLT-005,PRD-2022-SKU-04119,WO-2022-55738,0.3582702884534694,Low,0.5341,79.3,WC-003
MFG-LINE-PLT-004-03,PLT-004,PRD-2024-SKU-05303,WO-2024-08418,0.16913019694961243,Low,0.6939,50.5,WC-003
MFG-LINE-PLT-008-01,PLT-008,PRD-2023-SKU-04465,WO-2023-36134,0.647153899572835,Medium,0.5437,35.7,WC-002
MFG-LINE-PLT-003-04,PLT-003,PRD-2021-SKU-05589,WO-2021-90298,0.35516726672666665,Low,0.6649,24.2,WC-003
MFG-LINE-PLT-005-04,PLT-005,PRD-2024-SKU-08196,WO-2024-12686,0.7196451939217978,High,0.5981,74.5,WC-004
MFG-LINE-PLT-010-01,PLT-010,PRD-2022-SKU-06014,WO-2022-61424,0.3070658333964354,Low,0.5595,142.3,WC-002
MFG-LINE-PLT-005-01,PLT-005,PRD-2023-SKU-04634,WO-2023-57888,0.6107081888928064,Medium,0.833,41.5,WC-004
MFG-LINE-PLT-003-01,PLT-003,PRD-2024-SKU-05999,WO-2024-81184,0.3012368161908735,Low,0.2992,289.02897896206633,WC-005
MFG-LINE-PLT-006-01,PLT-006,PRD-2024-SKU-03701,WO-2024-29939,0.9353702728708994,High,0.5115,70.8,WC-007
MFG-LINE-PLT-010-04,PLT-010,PRD-2023-SKU-01722,WO-2023-09936,0.5551908588141964,Medium,0.8482,0.0,WC-002
MFG-LINE-PLT-003-02,PLT-003,PRD-2020-SKU-06382,WO-2020-10483,0.5160302628016199,Medium,0.4861,127.6,WC-001
MFG-LINE-PLT-004-02,PLT-004,PRD-2023-SKU-07744,WO-2023-44471,0.7331708261201562,High,0.6475,65.2,WC-001
MFG-LINE-PLT-006-02,PLT-006,PRD-2024-SKU-02151,WO-2024-93082,0.9669282133716951,High,0.5408,84.8,WC-008
MFG-LINE-PLT-001-01,PLT-001,PRD-2021-SKU-03585,WO-2021-57185,0.03215858895476429,Low,0.8263,62.1,WC-009
MFG-LINE-PLT-004-05,PLT-004,PRD-2020-SKU-08554,WO-2020-62121,0.19856482239835418,Low,0.5933,104.8,WC-010
MFG-LINE-PLT-005-02,PLT-005,PRD-2020-SKU-03302,WO-2020-96854,0.49830328725489315,Medium,0.4132,117.8,WC-004
MFG-LINE-PLT-004-01,PLT-004,PRD-2023-SKU-01854,WO-2023-96207,0.24074201028861483,Low,0.5113,98.2,WC-010
MFG-LINE-PLT-004-07,PLT-004,PRD-2024-SKU-01054,WO-2024-30448,0.2558891801064955,Low,0.767,63.1,WC-004
MFG-LINE-PLT-008-02,PLT-008,PRD-2022-SKU-05232,WO-2022-81837,0.6013555227376247,Medium,0.4994,38.5,WC-005
MFG-LINE-PLT-010-01,PLT-010,PRD-2022-SKU-02407,WO-2022-14069,0.36580723106711527,Low,0.7742,39.1,WC-001
MFG-LINE-PLT-002-04,PLT-002,PRD-2022-SKU-01112,WO-2022-09449,0.9559274589582415,High,0.6625,10.2,WC-001
MFG-LINE-PLT-009-01,PLT-009,PRD-2020-SKU-04672,WO-2020-76824,0.8929272204632694,High,0.639,76.5,WC-007
MFG-LINE-PLT-008-02,PLT-008,PRD-2024-SKU-06528,WO-2024-34104,0.6954443539861129,Medium,0.6452,72.9,WC-006
MFG-LINE-PLT-002-03,PLT-002,PRD-2022-SKU-01282,WO-2022-33634,0.27641853652842585,Low,0.7501,20.9,WC-008
MFG-LINE-PLT-003-05,PLT-003,PRD-2020-SKU-01010,WO-2020-04522,0.697506477113604,Medium,0.9677,5.6,WC-001
MFG-LINE-PLT-003-01,PLT-003,PRD-2023-SKU-02903,WO-2023-20071,0.3612245210947761,Low,0.1897,277.7,WC-006
MFG-LINE-PLT-010-04,PLT-010,PRD-2022-SKU-05725,WO-2022-70922,0.8283649546346722,High,0.866,14.6,WC-007
MFG-LINE-PLT-003-03,PLT-003,PRD-2024-SKU-09586,WO-2024-00510,0.07762191898894198,Low,0.6621,72.3,WC-003
MFG-LINE-PLT-008-02,PLT-008,PRD-2021-SKU-03167,WO-2021-63063,0.4358947683651519,Medium,0.6831,34.6,WC-004
MFG-LINE-PLT-004-06,PLT-004,PRD-2024-SKU-08325,WO-2024-44643,0.7679596881923235,High,0.4547,52.6,WC-002
MFG-LINE-PLT-005-02,PLT-005,PRD-2024-SKU-06465,WO-2024-95506,0.6904210361303382,Medium,0.6345,52.4,WC-005
MFG-LINE-PLT-006-02,PLT-006,PRD-2023-SKU-09623,WO-2023-65602,0.9932381291863346,High,0.8406,7.6,WC-008
MFG-LINE-PLT-004-02,PLT-004,PRD-2020-SKU-08376,WO-2020-02561,0.67957483364977,Medium,0.7494,53.3,WC-002
MFG-LINE-PLT-005-04,PLT-005,PRD-2020-SKU-01985,WO-2020-57515,0.7287045456153269,High,0.6801,33.4,WC-003
MFG-LINE-PLT-003-04,PLT-003,PRD-2022-SKU-07167,WO-2022-47152,0.5764965928391163,Medium,0.5311,108.2,WC-003
MFG-LINE-PLT-005-05,PLT-005,PRD-2022-SKU-01963,WO-2022-73091,0.08299429841704958,Low,0.4307,124.6,WC-003
MFG-LINE-PLT-004-05,PLT-004,PRD-2023-SKU-07677,WO-2023-74321,0.6711557417755539,Medium,0.6164,40.4,WC-003
MFG-LINE-PLT-009-01,PLT-009,PRD-2023-SKU-04983,WO-2023-87794,0.9212405076410883,High,0.5957,146.4,WC-002
MFG-LINE-PLT-004-01,PLT-004,PRD-2020-SKU-05193,WO-2020-83063,0.32912883688868466,Low,0.6645,18.0,WC-010
MFG-LINE-PLT-002-02,PLT-002,PRD-2020-SKU-06440,WO-2020-08638,0.0026,Low,0.7465,13.0,WC-003
MFG-LINE-PLT-005-04,PLT-005,PRD-2024-SKU-08490,WO-2024-46256,0.42315116308143624,Medium,0.7711,57.4,WC-001
MFG-LINE-PLT-008-02,PLT-008,PRD-2024-SKU-08603,WO-2024-02575,0.6486433080545518,Medium,0.7086,59.3,WC-004
MFG-LINE-PLT-003-04,PLT-003,PRD-2023-SKU-08164,WO-2023-84253,0.7077981594216186,High,0.441,48.0,WC-005
MFG-LINE-PLT-001-01,PLT-001,PRD-2020-SKU-04431,WO-2020-58450,0.01672169206750008,Low,0.6861,60.5,WC-009
MFG-LINE-PLT-004-04,PLT-004,PRD-2024-SKU-04118,WO-2024-37141,0.7293661752850913,High,0.7697,36.5,WC-001
MFG-LINE-PLT-005-02,PLT-005,PRD-2023-SKU-03351,WO-2023-97038,0.5200091065168739,Medium,0.4991,23.4,WC-003
MFG-LINE-PLT-010-03,PLT-010,PRD-2022-SKU-05992,WO-2022-43173,0.8421347100456776,High,0.2748,185.5,WC-004
MFG-LINE-PLT-004-02,PLT-004,PRD-2024-SKU-02310,WO-2024-43348,0.6339485606707217,Medium,0.9006,9.5,WC-001
MFG-LINE-PLT-005-05,PLT-005,PRD-2020-SKU-05333,WO-2020-99269,0.014328945198219898,Low,0.7065,41.3,WC-003
MFG-LINE-PLT-004-04,PLT-004,PRD-2024-SKU-06146,WO-2024-69273,0.6716065380041858,Medium,0.8704,0.0,WC-002
MFG-LINE-PLT-005-01,PLT-005,PRD-2020-SKU-01377,WO-2020-73865,0.6089537376862721,Medium,0.7169,47.5,WC-002
MFG-LINE-PLT-007-01,PLT-007,PRD-2021-SKU-06197,WO-2021-11858,0.149888189726799,Low,0.6807,124.9,WC-010
MFG-LINE-PLT-010-02,PLT-010,PRD-2024-SKU-09685,WO-2024-95143,0.6806652665695332,Medium,0.7513,54.2,WC-004
MFG-LINE-PLT-010-01,PLT-010,PRD-2020-SKU-09260,WO-2020-18023,0.5720626503111148,Medium,0.7196,48.0,WC-001
MFG-LINE-PLT-005-03,PLT-005,PRD-2021-SKU-01794,WO-2021-07029,0.11171189071895272,Low,0.6853,88.9,WC-001
MFG-LINE-PLT-005-04,PLT-005,PRD-2020-SKU-07784,WO-2020-78067,0.5318601485955544,Medium,0.6654,69.6,WC-002
MFG-LINE-PLT-009-01,PLT-009,PRD-2021-SKU-04567,WO-2021-95631,0.9471882528031383,High,0.6342,77.1,WC-002
MFG-LINE-PLT-001-02,PLT-001,PRD-2023-SKU-09801,WO-2023-25364,0.8343344734969494,High,0.7187,20.0,WC-003
MFG-LINE-PLT-004-04,PLT-004,PRD-2023-SKU-05081,WO-2023-11958,0.40939375306945935,Medium,0.7592,21.3,WC-002
MFG-LINE-PLT-005-04,PLT-005,PRD-2022-SKU-07530,WO-2022-80029,0.38175779253168335,Low,0.6313,114.8,WC-001
MFG-LINE-PLT-010-02,PLT-010,PRD-2020-SKU-01435,WO-2020-89327,0.8365416350965175,High,0.5944,59.0,WC-002
MFG-LINE-PLT-005-06,PLT-005,PRD-2021-SKU-04346,WO-2021-23694,0.44277831063359174,Medium,0.8383,23.0,WC-004
MFG-LINE-PLT-007-01,PLT-007,PRD-2022-SKU-09954,WO-2022-08525,0.09973248708936187,Low,0.6874,74.4,WC-013
MFG-LINE-PLT-004-03,PLT-004,PRD-2024-SKU-09554,WO-2024-52945,0.1362995102554788,Low,0.4715,110.7,WC-002
MFG-LINE-PLT-007-01,PLT-007,PRD-2024-SKU-08085,WO-2024-86911,0.09596472463039028,Low,0.5084,129.7,WC-014
MFG-LINE-PLT-004-03,PLT-004,PRD-2024-SKU-05697,WO-2024-92305,0.10470214624995298,Low,0.6587,128.9,WC-005
MFG-LINE-PLT-002-03,PLT-002,PRD-2024-SKU-05942,WO-2024-67953,0.23401067314987395,Low,0.2215,217.0295396108857,WC-002
MFG-LINE-PLT-004-02,PLT-004,PRD-2020-SKU-08386,WO-2020-01421,0.6500710843174821,Medium,0.7095,69.5,WC-002
MFG-LINE-PLT-005-03,PLT-005,PRD-2024-SKU-07773,WO-2024-95623,0.08873238319074689,Low,0.3026,173.7,WC-001
MFG-LINE-PLT-008-02,PLT-008,PRD-2022-SKU-03859,WO-2022-65076,0.35689293115793563,Low,0.8984,14.0,WC-003
MFG-LINE-PLT-010-03,PLT-010,PRD-2021-SKU-05613,WO-2021-88642,0.9316115991729755,High,0.6405,34.0,WC-009
MFG-LINE-PLT-003-01,PLT-003,PRD-2023-SKU-01542,WO-2023-14839,0.3462964389423591,Low,0.4567,162.9,WC-001
MFG-LINE-PLT-010-04,PLT-010,PRD-2021-SKU-05684,WO-2021-29868,0.7641237963230969,High,0.5655,115.6,WC-003
MFG-LINE-PLT-008-02,PLT-008,PRD-2024-SKU-07132,WO-2024-68938,0.5574967291440933,Medium,0.7234,63.7,WC-005
MFG-LINE-PLT-004-04,PLT-004,PRD-2021-SKU-06387,WO-2021-09972,0.36440904871435337,Low,0.5089,44.6,WC-002
MFG-LINE-PLT-002-01,PLT-002,PRD-2020-SKU-06470,WO-2020-38980,0.07106899331732607,Low,0.5001,19.5,WC-002
MFG-LINE-PLT-010-01,PLT-010,PRD-2024-SKU-05558,WO-2024-79888,0.7886788339282621,High,0.6802,10.5,WC-002
MFG-LINE-PLT-004-04,PLT-004,PRD-2022-SKU-08938,WO-2022-26801,0.49945928338928586,Medium,0.8359,0.0,WC-002
MFG-LINE-PLT-009-02,PLT-009,PRD-2023-SKU-04240,WO-2023-99494,0.047005917621401404,Low,0.7,84.6,WC-001
MFG-LINE-PLT-004-05,PLT-004,PRD-2020-SKU-03973,WO-2020-85066,0.5323344194197,Medium,0.4953,129.3,WC-005
MFG-LINE-PLT-003-03,PLT-003,PRD-2023-SKU-08900,WO-2023-20741,0.04035617740534868,Low,0.7235,29.1,WC-001
MFG-LINE-PLT-002-02,PLT-002,PRD-2023-SKU-03747,WO-2023-16561,0.01039975845410628,Low,0.8039,28.3,WC-003
MFG-LINE-PLT-005-01,PLT-005,PRD-2020-SKU-08120,WO-2020-59199,0.6891862838804597,Medium,0.8139,64.1,WC-003
MFG-LINE-PLT-004-04,PLT-004,PRD-2020-SKU-05461,WO-2020-24172,0.7226682168566978,High,0.6961,52.0,WC-002
MFG-LINE-PLT-003-04,PLT-003,PRD-2020-SKU-09727,WO-2020-22000,0.3440406016060772,Low,0.3126,280.4257562961943,WC-007
MFG-LINE-PLT-004-03,PLT-004,PRD-2020-SKU-07385,WO-2020-89926,0.12340600526833635,Low,0.7266,51.9,WC-004
MFG-LINE-PLT-008-01,PLT-008,PRD-2021-SKU-04550,WO-2021-95784,0.7214250832514028,High,0.7321,11.0,WC-001
MFG-LINE-PLT-008-01,PLT-008,PRD-2020-SKU-07126,WO-2020-46318,0.6680898393282163,Medium,0.5106,89.6,WC-002
MFG-LINE-PLT-005-04,PLT-005,PRD-2020-SKU-04576,WO-2020-15247,0.38767314112392726,Low,0.7514,90.5,WC-002
MFG-LINE-PLT-007-02,PLT-007,PRD-2022-SKU-01578,WO-2022-60078,0.5983914291162233,Medium,0.5436,60.6,WC-002
MFG-LINE-PLT-005-01,PLT-005,PRD-2021-SKU-09063,WO-2021-75203,0.579284749688035,Medium,0.708,24.6,WC-004
MFG-LINE-PLT-005-04,PLT-005,PRD-2023-SKU-02167,WO-2023-22394,0.44188045314563024,Medium,0.7113,16.8,WC-001
MFG-LINE-PLT-001-02,PLT-001,PRD-2022-SKU-05828,WO-2022-67679,0.8685528573129251,High,0.6676,0.0,WC-001
MFG-LINE-PLT-005-04,PLT-005,PRD-2023-SKU-07382,WO-2023-55401,0.41667004267685304,Medium,0.7814,76.8,WC-003
MFG-LINE-PLT-004-03,PLT-004,PRD-2021-SKU-04018,WO-2021-50979,0.4240607700000568,Medium,0.6679,102.7,WC-003
MFG-LINE-PLT-010-04,PLT-010,PRD-2021-SKU-04872,WO-2021-51168,0.694523928797242,Medium,0.7477,44.7,WC-007
MFG-LINE-PLT-010-03,PLT-010,PRD-2022-SKU-02728,WO-2022-94888,0.9386351585785013,High,0.7015,47.9,WC-004
MFG-LINE-PLT-004-04,PLT-004,PRD-2020-SKU-01806,WO-2020-82354,0.6188256875267194,Medium,0.8268,21.1,WC-001
MFG-LINE-PLT-005-06,PLT-005,PRD-2024-SKU-02937,WO-2024-05009,0.24372500369219532,Low,0.349,167.1,WC-010
MFG-LINE-PLT-010-02,PLT-010,PRD-2021-SKU-07363,WO-2021-55916,0.6746413217410249,Medium,0.7241,73.5,WC-004
MFG-LINE-PLT-005-06,PLT-005,PRD-2022-SKU-02433,WO-2022-60746,0.17990135475943064,Low,0.5691,125.7,WC-001
MFG-LINE-PLT-002-03,PLT-002,PRD-2022-SKU-02080,WO-2022-42411,0.2674485332402098,Low,0.8161,36.8,WC-007
MFG-LINE-PLT-008-02,PLT-008,PRD-2022-SKU-02782,WO-2022-02836,0.3653934891260041,Low,0.7653,21.4,WC-001
MFG-LINE-PLT-007-02,PLT-007,PRD-2022-SKU-06633,WO-2022-88713,0.8172918864852595,High,0.6991,31.0,WC-001
MFG-LINE-PLT-005-02,PLT-005,PRD-2023-SKU-08708,WO-2023-40045,0.44417577935285485,Medium,0.4974,38.1,WC-002
MFG-LINE-PLT-008-02,PLT-008,PRD-2023-SKU-04015,WO-2023-58264,0.7004068287118984,High,0.7635,61.7,WC-003
MFG-LINE-PLT-002-01,PLT-002,PRD-2020-SKU-03491,WO-2020-13340,0.2048544638182916,Low,0.7946,0.0,WC-001
MFG-LINE-PLT-004-03,PLT-004,PRD-2020-SKU-01758,WO-2020-75168,0.1640788715408795,Low,0.3967,131.8,WC-005
MFG-LINE-PLT-010-02,PLT-010,PRD-2021-SKU-03115,WO-2021-52686,0.8603277674312413,High,0.5308,71.6,WC-003
MFG-LINE-PLT-004-03,PLT-004,PRD-2022-SKU-02866,WO-2022-22539,0.40257163886556246,Medium,0.7108,85.2,WC-001
MFG-LINE-PLT-006-02,PLT-006,PRD-2020-SKU-08711,WO-2020-40142,0.9759051891843994,High,0.5061,101.8,WC-002
MFG-LINE-PLT-010-02,PLT-010,PRD-2021-SKU-09280,WO-2021-43026,0.8838493169815059,High,0.5511,78.3,WC-005
MFG-LINE-PLT-008-02,PLT-008,PRD-2024-SKU-07408,WO-2024-85054,0.694467241797134,Medium,0.7965,32.1,WC-006
MFG-LINE-PLT-004-06,PLT-004,PRD-2021-SKU-01709,WO-2021-08946,0.6748492990054852,Medium,0.6836,79.6,WC-003
MFG-LINE-PLT-006-01,PLT-006,PRD-2023-SKU-02765,WO-2023-69694,0.9621162656016503,High,0.7019,68.1,WC-007
MFG-LINE-PLT-003-03,PLT-003,PRD-2024-SKU-07442,WO-2024-08685,0.06227481523290965,Low,0.5159,128.7,WC-003
MFG-LINE-PLT-005-02,PLT-005,PRD-2022-SKU-05838,WO-2022-41702,0.6182689905415956,Medium,0.7376,42.6,WC-001
MFG-LINE-PLT-004-05,PLT-004,PRD-2022-SKU-03634,WO-2022-09081,0.1454485365930585,Low,0.6516,97.6,WC-003
MFG-LINE-PLT-003-02,PLT-003,PRD-2020-SKU-08198,WO-2020-73986,0.1499671579941351,Low,0.7287,35.4,WC-001
MFG-LINE-PLT-004-03,PLT-004,PRD-2022-SKU-05306,WO-2022-00110,0.15704874686254922,Low,0.1499,288.03464138896584,WC-003
MFG-LINE-PLT-008-01,PLT-008,PRD-2020-SKU-02066,WO-2020-00402,0.4496534936837179,Medium,0.8067,0.0,WC-001
MFG-LINE-PLT-002-02,PLT-002,PRD-2020-SKU-05909,WO-2020-16695,0.010490852130325815,Low,0.7116,39.6,WC-006
MFG-LINE-PLT-010-03,PLT-010,PRD-2021-SKU-01030,WO-2021-99263,0.9475934327432884,High,0.6755,65.8,WC-004
MFG-LINE-PLT-006-01,PLT-006,PRD-2020-SKU-01396,WO-2020-90193,0.9730673268391602,High,0.8496,14.2,WC-006
MFG-LINE-PLT-002-01,PLT-002,PRD-2024-SKU-08114,WO-2024-92363,0.07023661817857903,Low,0.7052,86.6,WC-001
MFG-LINE-PLT-007-01,PLT-007,PRD-2022-SKU-09641,WO-2022-27209,0.35631669887785294,Low,0.5145,38.6,WC-008
MFG-LINE-PLT-003-05,PLT-003,PRD-2023-SKU-01352,WO-2023-41531,0.805210229523758,High,0.7706,8.0,WC-001
MFG-LINE-PLT-002-04,PLT-002,PRD-2024-SKU-09689,WO-2024-91846,0.6625805238740121,Medium,0.7047,118.7,WC-003
MFG-LINE-PLT-005-02,PLT-005,PRD-2023-SKU-08515,WO-2023-79682,0.6064293676801433,Medium,0.8343,13.5,WC-005
MFG-LINE-PLT-005-06,PLT-005,PRD-2024-SKU-07017,WO-2024-52226,0.166208434207446,Low,0.5931,121.1,WC-007
MFG-LINE-PLT-004-06,PLT-004,PRD-2020-SKU-01515,WO-2020-12459,0.7697050068746282,High,0.6666,73.8,WC-002
MFG-LINE-PLT-005-06,PLT-005,PRD-2020-SKU-05579,WO-2020-30123,0.3003331342760332,Low,0.6928,56.9,WC-005
MFG-LINE-PLT-004-03,PLT-004,PRD-2023-SKU-02801,WO-2023-80948,0.13395005745851224,Low,0.5624,128.8,WC-005
MFG-LINE-PLT-002-03,PLT-002,PRD-2020-SKU-04309,WO-2020-28021,0.27198060533115026,Low,0.6859,43.6,WC-008
MFG-LINE-PLT-005-05,PLT-005,PRD-2023-SKU-02357,WO-2023-78966,0.02434419555887454,Low,0.7784,14.6,WC-002
MFG-LINE-PLT-001-02,PLT-001,PRD-2023-SKU-04179,WO-2023-93092,0.7795005642309885,High,0.5478,91.1,WC-005
MFG-LINE-PLT-010-03,PLT-010,PRD-2020-SKU-08399,WO-2020-81021,0.9594113618879132,High,0.8345,27.8,WC-004
MFG-LINE-PLT-005-06,PLT-005,PRD-2020-SKU-02666,WO-2020-24801,0.19285151057778593,Low,0.5549,110.1,WC-003
MFG-LINE-PLT-010-02,PLT-010,PRD-2023-SKU-08632,WO-2023-21689,0.7577665390188293,High,0.8471,37.3,WC-002
MFG-LINE-PLT-005-02,PLT-005,PRD-2021-SKU-07040,WO-2021-47717,0.34453133689637866,Low,0.5681,74.8,WC-002
MFG-LINE-PLT-008-01,PLT-008,PRD-2020-SKU-07637,WO-2020-53823,0.3408023127671867,Low,0.3963,181.4,WC-002
MFG-LINE-PLT-002-03,PLT-002,PRD-2024-SKU-07751,WO-2024-43347,0.24899628716703504,Low,0.5447,16.9,WC-004
MFG-LINE-PLT-009-01,PLT-009,PRD-2022-SKU-04443,WO-2022-54484,0.8434376508523785,High,0.7744,17.2,WC-005
MFG-LINE-PLT-007-01,PLT-007,PRD-2023-SKU-01514,WO-2023-63471,0.03706457973513636,Low,0.8227,11.9,WC-005
MFG-LINE-PLT-005-03,PLT-005,PRD-2024-SKU-07437,WO-2024-41867,0.13746659473977724,Low,0.3773,186.6,WC-001
MFG-LINE-PLT-010-04,PLT-010,PRD-2022-SKU-01097,WO-2022-57978,0.8044372696454947,High,0.7847,51.1,WC-007
MFG-LINE-PLT-009-01,PLT-009,PRD-2024-SKU-06286,WO-2024-72818,0.906004695647016,High,0.6094,27.2,WC-007
MFG-LINE-PLT-008-01,PLT-008,PRD-2020-SKU-05760,WO-2020-13325,0.4888978698296642,Medium,0.7892,25.9,WC-003
MFG-LINE-PLT-003-04,PLT-003,PRD-2021-SKU-08637,WO-2021-86625,0.3537205119048223,Low,0.558,94.9,WC-002
MFG-LINE-PLT-006-01,PLT-006,PRD-2021-SKU-06944,WO-2021-52891,0.681940195612015,Medium,0.68,77.0,WC-012
MFG-LINE-PLT-004-01,PLT-004,PRD-2020-SKU-04085,WO-2020-37498,0.4242165863067925,Medium,0.6172,101.9,WC-005
MFG-LINE-PLT-008-01,PLT-008,PRD-2021-SKU-09769,WO-2021-51941,0.31792667530906127,Low,0.5353,25.6,WC-001
MFG-LINE-PLT-002-04,PLT-002,PRD-2021-SKU-08315,WO-2021-86143,0.9429528528891044,High,0.698,12.8,WC-005
MFG-LINE-PLT-004-01,PLT-004,PRD-2020-SKU-07258,WO-2020-57409,0.110325435405233,Low,0.6798,94.4,WC-002
MFG-LINE-PLT-003-04,PLT-003,PRD-2023-SKU-08337,WO-2023-57475,0.5020006342417612,Medium,0.5995,101.1,WC-008
MFG-LINE-PLT-002-03,PLT-002,PRD-2021-SKU-07936,WO-2021-75801,0.4015078302741745,Medium,0.6988,28.3,WC-003
MFG-LINE-PLT-004-01,PLT-004,PRD-2020-SKU-09460,WO-2020-33734,0.22991024952801464,Low,0.6359,73.9,WC-009
MFG-LINE-PLT-004-04,PLT-004,PRD-2023-SKU-01480,WO-2023-15476,0.3219273408260799,Low,0.5875,92.9,WC-001
MFG-LINE-PLT-004-02,PLT-004,PRD-2023-SKU-04247,WO-2023-99912,0.5522280571775624,Medium,0.6772,98.6,WC-002
MFG-LINE-PLT-004-02,PLT-004,PRD-2021-SKU-09920,WO-2021-00203,0.52643206323777,Medium,0.8414,0.0,WC-002
MFG-LINE-PLT-005-06,PLT-005,PRD-2023-SKU-03610,WO-2023-23720,0.14255361534242275,Low,0.5786,100.2,WC-001
MFG-LINE-PLT-009-02,PLT-009,PRD-2024-SKU-02270,WO-2024-22348,0.06362683406561868,Low,0.6023,100.0,WC-001
MFG-LINE-PLT-002-03,PLT-002,PRD-2021-SKU-06516,WO-2021-43338,0.2525089985324968,Low,0.2622,283.75802862224043,WC-007
MFG-LINE-PLT-007-02,PLT-007,PRD-2022-SKU-01757,WO-2022-94443,0.3499619759112041,Low,0.4857,126.2,WC-002
MFG-LINE-PLT-009-01,PLT-009,PRD-2022-SKU-09748,WO-2022-89864,0.9532363218179016,High,0.7233,39.9,WC-009
MFG-LINE-PLT-009-01,PLT-009,PRD-2023-SKU-08208,WO-2023-74470,0.914835442904638,High,0.4821,109.4,WC-006
MFG-LINE-PLT-001-02,PLT-001,PRD-2021-SKU-04032,WO-2021-34756,0.8619119228139112,High,0.5415,114.5,WC-004
MFG-LINE-PLT-009-01,PLT-009,PRD-2022-SKU-09592,WO-2022-44728,0.7810479357151034,High,0.9269,45.4,WC-010
MFG-LINE-PLT-010-02,PLT-010,PRD-2020-SKU-01037,WO-2020-71870,0.816585441016338,High,0.7465,34.4,WC-005
MFG-LINE-PLT-010-02,PLT-010,PRD-2024-SKU-01600,WO-2024-23155,0.9236937059022191,High,0.6005,34.9,WC-003
MFG-LINE-PLT-004-03,PLT-004,PRD-2024-SKU-03616,WO-2024-24233,0.3868233104329106,Low,0.6763,66.1,WC-001
MFG-LINE-PLT-005-03,PLT-005,PRD-2024-SKU-01420,WO-2024-93589,0.0643770087517072,Low,0.6088,78.1,WC-002
MFG-LINE-PLT-002-01,PLT-002,PRD-2021-SKU-02142,WO-2021-50187,0.1233741081691224,Low,0.5701,74.7,WC-001
MFG-LINE-PLT-008-01,PLT-008,PRD-2020-SKU-02054,WO-2020-23739,0.2608693262905351,Low,0.7962,21.5,WC-002
MFG-LINE-PLT-001-02,PLT-001,PRD-2020-SKU-06698,WO-2020-05623,0.5222420264118314,Medium,0.7648,63.1,WC-004
MFG-LINE-PLT-006-01,PLT-006,PRD-2020-SKU-04370,WO-2020-42756,0.9391734452994487,High,0.6863,128.1,WC-010
MFG-LINE-PLT-004-02,PLT-004,PRD-2022-SKU-04173,WO-2022-51372,0.806562445712189,High,0.7546,6.9,WC-002
MFG-LINE-PLT-003-04,PLT-003,PRD-2021-SKU-05955,WO-2021-58806,0.3266850285055396,Low,0.6961,51.8,WC-007
MFG-LINE-PLT-004-07,PLT-004,PRD-2021-SKU-01489,WO-2021-06674,0.17644136543281994,Low,0.447,192.1,WC-002
MFG-LINE-PLT-002-03,PLT-002,PRD-2021-SKU-09800,WO-2021-89530,0.6520135827560565,Medium,0.852,31.1,WC-001
MFG-LINE-PLT-010-01,PLT-010,PRD-2024-SKU-02184,WO-2024-75182,0.6750766735426783,Medium,0.6734,64.9,WC-001
MFG-LINE-PLT-010-04,PLT-010,PRD-2022-SKU-03280,WO-2022-11791,0.8190932483445971,High,0.5015,119.5,WC-004
MFG-LINE-PLT-001-02,PLT-001,PRD-2023-SKU-04417,WO-2023-60340,0.9012077456297479,High,0.8144,4.3,WC-004
MFG-LINE-PLT-006-01,PLT-006,PRD-2021-SKU-08979,WO-2021-11514,0.8916267759121315,High,0.4413,77.6,WC-002
MFG-LINE-PLT-002-03,PLT-002,PRD-2022-SKU-01856,WO-2022-28888,0.6164616857881056,Medium,0.83,16.5,WC-003
MFG-LINE-PLT-004-01,PLT-004,PRD-2022-SKU-06460,WO-2022-48130,0.14920310322183336,Low,0.401,160.1,WC-001
MFG-LINE-PLT-009-02,PLT-009,PRD-2021-SKU-05827,WO-2021-82015,0.16559779293293395,Low,0.3242,228.6,WC-001
MFG-LINE-PLT-005-01,PLT-005,PRD-2020-SKU-06733,WO-2020-28172,0.5067897302789264,Medium,0.593,47.5,WC-002
MFG-LINE-PLT-003-03,PLT-003,PRD-2023-SKU-05168,WO-2023-48515,0.05846429841193518,Low,0.7784,46.9,WC-003
MFG-LINE-PLT-004-04,PLT-004,PRD-2024-SKU-04977,WO-2024-57355,0.7773918124949142,High,0.7738,0.0,WC-002
MFG-LINE-PLT-003-05,PLT-003,PRD-2024-SKU-01038,WO-2024-38490,0.7739036577084736,High,0.62,76.0,WC-003
MFG-LINE-PLT-004-03,PLT-004,PRD-2024-SKU-09338,WO-2024-68631,0.5333186212173969,Medium,0.5059,194.5,WC-003
MFG-LINE-PLT-010-04,PLT-010,PRD-2020-SKU-06035,WO-2020-03374,0.411439186561599,Medium,0.8378,29.0,WC-003
MFG-LINE-PLT-005-01,PLT-005,PRD-2022-SKU-04295,WO-2022-21944,0.3382446489446473,Low,0.7079,33.2,WC-004
MFG-LINE-PLT-010-01,PLT-010,PRD-2021-SKU-02535,WO-2021-60635,0.4422576015905966,Medium,0.7352,15.7,WC-001
MFG-LINE-PLT-002-04,PLT-002,PRD-2021-SKU-04410,WO-2021-34175,0.911092017906614,High,0.7954,38.9,WC-003
MFG-LINE-PLT-003-05,PLT-003,PRD-2020-SKU-08905,WO-2020-79403,0.4257592620297132,Medium,0.5433,13.8,WC-005
MFG-LINE-PLT-002-04,PLT-002,PRD-2020-SKU-03791,WO-2020-91384,0.9828891533841989,High,0.8564,8.3,WC-003
MFG-LINE-PLT-003-03,PLT-003,PRD-2024-SKU-05626,WO-2024-26288,0.5675681537409475,Medium,0.6095,33.3,WC-002
MFG-LINE-PLT-005-02,PLT-005,PRD-2020-SKU-01297,WO-2020-05256,0.4304908645212106,Medium,0.8028,24.5,WC-001
MFG-LINE-PLT-003-05,PLT-003,PRD-2023-SKU-09716,WO-2023-15650,0.8039608274712906,High,0.6637,51.4,WC-002
MFG-LINE-PLT-004-06,PLT-004,PRD-2021-SKU-01002,WO-2021-10562,0.7762101544058024,High,0.5622,0.0,WC-001
MFG-LINE-PLT-005-03,PLT-005,PRD-2022-SKU-05660,WO-2022-05791,0.08961509186732909,Low,0.7065,40.7,WC-002
MFG-LINE-PLT-003-01,PLT-003,PRD-2023-SKU-06843,WO-2023-77062,0.4654124956807997,Medium,0.6738,103.9,WC-012
MFG-LINE-PLT-007-01,PLT-007,PRD-2023-SKU-02724,WO-2023-68413,0.04023472949766273,Low,0.9205,6.6,WC-008
MFG-LINE-PLT-004-05,PLT-004,PRD-2020-SKU-05642,WO-2020-77372,0.3687143391709539,Low,0.4843,38.8,WC-009
MFG-LINE-PLT-004-01,PLT-004,PRD-2023-SKU-04599,WO-2023-87111,0.6004930900866232,Medium,0.4438,106.1,WC-003
MFG-LINE-PLT-002-02,PLT-002,PRD-2021-SKU-02402,WO-2021-74782,0.009697814207650273,Low,0.819,0.0,WC-006
MFG-LINE-PLT-005-05,PLT-005,PRD-2023-SKU-02326,WO-2023-96291,0.012478868099752544,Low,0.7019,66.3,WC-002
MFG-LINE-PLT-007-02,PLT-007,PRD-2024-SKU-07265,WO-2024-68397,0.3168463085286063,Low,0.4341,179.8,WC-002
MFG-LINE-PLT-004-03,PLT-004,PRD-2024-SKU-01159,WO-2024-51012,0.24256385355349627,Low,0.538,40.5,WC-005
MFG-LINE-PLT-004-06,PLT-004,PRD-2024-SKU-06330,WO-2024-01116,0.7687913366081189,High,0.8913,0.0,WC-003
MFG-LINE-PLT-010-01,PLT-010,PRD-2024-SKU-05422,WO-2024-96981,0.26007031119324325,Low,0.7238,67.9,WC-001
MFG-LINE-PLT-002-01,PLT-002,PRD-2021-SKU-07354,WO-2021-76198,0.07690415207077798,Low,0.6095,100.4,WC-001
MFG-LINE-PLT-002-01,PLT-002,PRD-2022-SKU-01911,WO-2022-27405,0.33875170885091355,Low,0.64,63.0,WC-001
MFG-LINE-PLT-006-01,PLT-006,PRD-2021-SKU-08243,WO-2021-28510,0.9443117149834095,High,0.3384,181.7,WC-011
MFG-LINE-PLT-004-02,PLT-004,PRD-2022-SKU-05388,WO-2022-21619,0.8157213677709022,High,0.6924,14.4,WC-002
MFG-LINE-PLT-009-02,PLT-009,PRD-2023-SKU-05355,WO-2023-96174,0.0811059771011295,Low,0.457,149.9,WC-002
MFG-LINE-PLT-004-04,PLT-004,PRD-2023-SKU-01508,WO-2023-70737,0.5726913231318337,Medium,0.7884,21.0,WC-001
MFG-LINE-PLT-004-06,PLT-004,PRD-2024-SKU-03010,WO-2024-23947,0.6635571803957864,Medium,0.5104,161.3,WC-003
MFG-LINE-PLT-006-01,PLT-006,PRD-2022-SKU-08013,WO-2022-79079,0.9252561360602808,High,0.6129,127.9,WC-002
MFG-LINE-PLT-002-01,PLT-002,PRD-2023-SKU-07802,WO-2023-07868,0.04157053631953468,Low,0.6452,43.0,WC-002
MFG-LINE-PLT-004-04,PLT-004,PRD-2023-SKU-04346,WO-2023-24771,0.33223131930573235,Low,0.8281,45.5,WC-001
MFG-LINE-PLT-004-02,PLT-004,PRD-2023-SKU-05771,WO-2023-07374,0.7012258248310722,High,0.8706,17.0,WC-001
MFG-LINE-PLT-003-04,PLT-003,PRD-2024-SKU-04163,WO-2024-92361,0.11086005986444204,Low,0.7301,45.1,WC-003
MFG-LINE-PLT-004-01,PLT-004,PRD-2024-SKU-08298,WO-2024-36990,0.296195682402464,Low,0.6381,63.0,WC-005
MFG-LINE-PLT-003-02,PLT-003,PRD-2020-SKU-09724,WO-2020-98724,0.1712004018962686,Low,0.6992,102.0,WC-001
MFG-LINE-PLT-010-02,PLT-010,PRD-2021-SKU-09444,WO-2021-91251,0.7864633909203512,High,0.8183,23.6,WC-005
MFG-LINE-PLT-005-03,PLT-005,PRD-2023-SKU-02251,WO-2023-50097,0.07026444212853958,Low,0.5264,175.8,WC-002
MFG-LINE-PLT-010-03,PLT-010,PRD-2020-SKU-07912,WO-2020-17368,0.9203783195151929,High,0.2729,156.2,WC-008
MFG-LINE-PLT-005-03,PLT-005,PRD-2023-SKU-08727,WO-2023-87167,0.055650896198011994,Low,0.6356,77.3,WC-002
MFG-LINE-PLT-010-04,PLT-010,PRD-2023-SKU-04110,WO-2023-06732,0.8706951930847925,High,0.6495,62.4,WC-006
MFG-LINE-PLT-005-05,PLT-005,PRD-2020-SKU-04716,WO-2020-17278,0.1644823780078426,Low,0.585,0.0,WC-001
MFG-LINE-PLT-010-01,PLT-010,PRD-2020-SKU-06627,WO-2020-99397,0.6475858174757074,Medium,0.4046,67.4,WC-003
MFG-LINE-PLT-004-03,PLT-004,PRD-2024-SKU-09930,WO-2024-80049,0.18733375302115793,Low,0.5623,40.7,WC-001
MFG-LINE-PLT-004-01,PLT-004,PRD-2020-SKU-06561,WO-2020-46133,0.20420002837773002,Low,0.6347,148.1,WC-003
MFG-LINE-PLT-003-05,PLT-003,PRD-2021-SKU-05940,WO-2021-06577,0.8391009969293305,High,0.6925,32.4,WC-003
MFG-LINE-PLT-004-05,PLT-004,PRD-2021-SKU-01255,WO-2021-37964,0.3677267429246746,Low,0.974,7.9,WC-005
MFG-LINE-PLT-010-02,PLT-010,PRD-2022-SKU-09772,WO-2022-60069,0.8145939255830409,High,0.6982,53.9,WC-002
MFG-LINE-PLT-010-01,PLT-010,PRD-2024-SKU-03362,WO-2024-30686,0.5642211068208418,Medium,0.6804,52.8,WC-004
MFG-LINE-PLT-002-03,PLT-002,PRD-2021-SKU-08889,WO-2021-60950,0.20861979728454355,Low,0.7867,39.6,WC-003
MFG-LINE-PLT-007-01,PLT-007,PRD-2020-SKU-01000,WO-2020-62724,0.0860308347102362,Low,0.7072,90.1,WC-009
MFG-LINE-PLT-004-07,PLT-004,PRD-2020-SKU-02646,WO-2020-70921,0.2030865222087006,Low,0.3494,194.5,WC-003
MFG-LINE-PLT-005-03,PLT-005,PRD-2022-SKU-01556,WO-2022-75156,0.19306625158533072,Low,0.443,156.2,WC-001
MFG-LINE-PLT-005-01,PLT-005,PRD-2024-SKU-07107,WO-2024-44980,0.5740747886767036,Medium,0.6173,104.8,WC-004
MFG-LINE-PLT-002-04,PLT-002,PRD-2024-SKU-07041,WO-2024-35018,0.9620955220465462,High,0.4971,129.3,WC-005
MFG-LINE-PLT-010-03,PLT-010,PRD-2020-SKU-03294,WO-2020-99817,0.9371662543459143,High,0.6745,60.6,WC-008
MFG-LINE-PLT-008-02,PLT-008,PRD-2023-SKU-09107,WO-2023-96641,0.28698559665605206,Low,0.5125,45.1,WC-003
MFG-LINE-PLT-009-02,PLT-009,PRD-2021-SKU-04913,WO-2021-65634,0.17201427664746097,Low,0.7039,75.4,WC-002
MFG-LINE-PLT-004-02,PLT-004,PRD-2022-SKU-05960,WO-2022-70967,0.7765113076074104,High,0.6512,50.3,WC-002
MFG-LINE-PLT-003-01,PLT-003,PRD-2023-SKU-02150,WO-2023-22497,0.6928050359574718,Medium,0.3176,165.7,WC-004
MFG-LINE-PLT-003-02,PLT-003,PRD-2024-SKU-03902,WO-2024-13994,0.24083283726932705,Low,0.5133,31.4,WC-001
MFG-LINE-PLT-001-02,PLT-001,PRD-2020-SKU-03477,WO-2020-58888,0.6269150226705563,Medium,0.8361,38.7,WC-002
MFG-LINE-PLT-010-01,PLT-010,PRD-2024-SKU-06226,WO-2024-81583,0.6887894228119685,Medium,0.6866,33.7,WC-004
MFG-LINE-PLT-002-01,PLT-002,PRD-2022-SKU-09690,WO-2022-56941,0.04957419827153831,Low,0.6936,23.7,WC-002
MFG-LINE-PLT-002-02,PLT-002,PRD-2023-SKU-04632,WO-2023-54996,0.0005,Low,0.8509,12.2,WC-006
MFG-LINE-PLT-008-01,PLT-008,PRD-2023-SKU-05618,WO-2023-02740,0.2971383766276399,Low,0.7603,31.5,WC-001
MFG-LINE-PLT-002-02,PLT-002,PRD-2022-SKU-03072,WO-2022-77124,0.011177777777777778,Low,0.9182,0.0,WC-004
MFG-LINE-PLT-002-02,PLT-002,PRD-2022-SKU-04009,WO-2022-04633,0.005177777777777778,Low,0.8449,34.2,WC-002
MFG-LINE-PLT-004-04,PLT-004,PRD-2020-SKU-08553,WO-2020-43579,0.7210819076403042,High,0.6849,26.1,WC-001
MFG-LINE-PLT-004-04,PLT-004,PRD-2020-SKU-01156,WO-2020-36771,0.4353809648488404,Medium,0.7133,63.8,WC-001
MFG-LINE-PLT-006-02,PLT-006,PRD-2023-SKU-03238,WO-2023-62095,0.9892306277808905,High,0.7968,37.6,WC-014
MFG-LINE-PLT-003-02,PLT-003,PRD-2020-SKU-02915,WO-2020-53787,0.24988177151195262,Low,0.5331,165.1,WC-001
MFG-LINE-PLT-003-01,PLT-003,PRD-2024-SKU-09216,WO-2024-13977,0.5855987388564792,Medium,0.6805,56.8,WC-005
MFG-LINE-PLT-005-06,PLT-005,PRD-2020-SKU-08560,WO-2020-20947,0.3131166659526749,Low,0.6941,51.7,WC-008
MFG-LINE-PLT-003-03,PLT-003,PRD-2020-SKU-07951,WO-2020-44646,0.05870728027490777,Low,0.7009,85.2,WC-002
MFG-LINE-PLT-009-02,PLT-009,PRD-2020-SKU-05136,WO-2020-70097,0.08501776790660209,Low,0.4648,23.1,WC-001
MFG-LINE-PLT-008-01,PLT-008,PRD-2022-SKU-03079,WO-2022-02560,0.23743853773971396,Low,0.8324,45.5,WC-001
MFG-LINE-PLT-009-01,PLT-009,PRD-2022-SKU-03726,WO-2022-59389,0.9305061633382533,High,0.5758,16.6,WC-007
MFG-LINE-PLT-010-03,PLT-010,PRD-2021-SKU-08510,WO-2021-39046,0.9517372023589793,High,0.5191,179.43669156322366,WC-007
MFG-LINE-PLT-004-05,PLT-004,PRD-2024-SKU-08523,WO-2024-02998,0.4191110552285442,Medium,0.5572,4.2,WC-004
MFG-LINE-PLT-005-01,PLT-005,PRD-2023-SKU-06865,WO-2023-68236,0.5769237684756381,Medium,0.7321,24.6,WC-004
MFG-LINE-PLT-003-03,PLT-003,PRD-2023-SKU-04350,WO-2023-99167,0.07483917872108779,Low,0.4829,23.9,WC-001
MFG-LINE-PLT-004-03,PLT-004,PRD-2022-SKU-06145,WO-2022-84587,0.1527713685165969,Low,0.8376,23.0,WC-004
MFG-LINE-PLT-004-01,PLT-004,PRD-2022-SKU-09570,WO-2022-97869,0.555145597854704,Medium,0.9457,135.7,WC-010
MFG-LINE-PLT-002-04,PLT-002,PRD-2024-SKU-01253,WO-2024-39980,0.9536686482192199,High,0.7794,40.7,WC-001
MFG-LINE-PLT-005-06,PLT-005,PRD-2020-SKU-04562,WO-2020-45891,0.12606217543563847,Low,0.5287,137.2,WC-004
MFG-LINE-PLT-009-02,PLT-009,PRD-2023-SKU-05070,WO-2023-41307,0.10764430431556667,Low,0.6086,101.4,WC-003
MFG-LINE-PLT-008-02,PLT-008,PRD-2022-SKU-09829,WO-2022-70841,0.6765532906791623,Medium,0.6607,55.9,WC-002
MFG-LINE-PLT-010-02,PLT-010,PRD-2022-SKU-07277,WO-2022-78390,0.43205370320282593,Medium,0.8597,28.2,WC-002
MFG-LINE-PLT-005-02,PLT-005,PRD-2021-SKU-02056,WO-2021-15770,0.5538531962674966,Medium,0.5712,102.2,WC-005
MFG-LINE-PLT-008-02,PLT-008,PRD-2024-SKU-06109,WO-2024-00782,0.422930403333781,Medium,0.6941,21.8,WC-006
MFG-LINE-PLT-005-04,PLT-005,PRD-2022-SKU-03598,WO-2022-12288,0.7330489982543141,High,0.5152,88.3,WC-003
MFG-LINE-PLT-009-02,PLT-009,PRD-2022-SKU-05820,WO-2022-99064,0.0856542797625996,Low,0.6647,42.9,WC-002
MFG-LINE-PLT-005-06,PLT-005,PRD-2024-SKU-03083,WO-2024-04694,0.13923625048425944,Low,0.5439,86.6,WC-007
MFG-LINE-PLT-006-02,PLT-006,PRD-2020-SKU-07102,WO-2020-09928,0.8954385728949953,High,0.906,24.6,WC-004
MFG-LINE-PLT-004-02,PLT-004,PRD-2020-SKU-07612,WO-2020-03196,0.7185523016019898,High,0.5262,32.6,WC-001
MFG-LINE-PLT-010-04,PLT-010,PRD-2021-SKU-08795,WO-2021-32457,0.7871240884769128,High,0.5955,4.2,WC-003
MFG-LINE-PLT-005-04,PLT-005,PRD-2023-SKU-09840,WO-2023-64290,0.5927449385470064,Medium,0.6679,19.5,WC-002
MFG-LINE-PLT-010-02,PLT-010,PRD-2023-SKU-06858,WO-2023-65248,0.4022175472172177,Medium,0.8596,0.0,WC-004
MFG-LINE-PLT-001-02,PLT-001,PRD-2021-SKU-03898,WO-2021-34534,0.8332462813133392,High,0.5241,4.6,WC-001
MFG-LINE-PLT-003-04,PLT-003,PRD-2023-SKU-02043,WO-2023-26601,0.16922182859339055,Low,0.8103,16.5,WC-007
MFG-LINE-PLT-007-01,PLT-007,PRD-2021-SKU-01611,WO-2021-41360,0.031559988486578004,Low,0.7902,12.9,WC-003
MFG-LINE-PLT-003-02,PLT-003,PRD-2022-SKU-09620,WO-2022-07875,0.13339812732236372,Low,0.4232,190.6,WC-001
MFG-LINE-PLT-007-02,PLT-007,PRD-2022-SKU-06391,WO-2022-25481,0.6898044708525536,Medium,0.7569,69.5,WC-001
MFG-LINE-PLT-009-01,PLT-009,PRD-2024-SKU-01426,WO-2024-22107,0.9537169287700046,High,0.6109,97.1,WC-001
MFG-LINE-PLT-004-07,PLT-004,PRD-2022-SKU-02779,WO-2022-75317,0.22531677552180054,Low,0.2897,146.4,WC-001
MFG-LINE-PLT-010-01,PLT-010,PRD-2022-SKU-04049,WO-2022-91029,0.7172803838878974,High,0.6291,59.6,WC-001
MFG-LINE-PLT-010-01,PLT-010,PRD-2023-SKU-08166,WO-2023-27064,0.2496281691168109,Low,0.7933,44.9,WC-003
MFG-LINE-PLT-010-01,PLT-010,PRD-2021-SKU-08004,WO-2021-85671,0.5573444817557053,Medium,0.1816,296.6779656586517,WC-002
MFG-LINE-PLT-004-02,PLT-004,PRD-2023-SKU-03103,WO-2023-50790,0.7298627155152334,High,0.6942,69.7,WC-001
MFG-LINE-PLT-004-01,PLT-004,PRD-2021-SKU-09349,WO-2021-66901,0.10092034080869966,Low,0.1817,330.1,WC-004
MFG-LINE-PLT-008-01,PLT-008,PRD-2024-SKU-05142,WO-2024-00035,0.4947476773249103,Medium,0.4285,67.1,WC-001
MFG-LINE-PLT-009-01,PLT-009,PRD-2021-SKU-02794,WO-2021-15989,0.8672480229509892,High,0.5347,142.3,WC-006
MFG-LINE-PLT-006-02,PLT-006,PRD-2021-SKU-09677,WO-2021-75887,0.9698381491138292,High,0.8619,5.8,WC-002
MFG-LINE-PLT-005-06,PLT-005,PRD-2024-SKU-01593,WO-2024-63120,0.5566543653967051,Medium,0.5222,59.6,WC-010
MFG-LINE-PLT-010-04,PLT-010,PRD-2020-SKU-05376,WO-2020-42360,0.7348587063709882,High,0.5876,42.7,WC-003
MFG-LINE-PLT-008-01,PLT-008,PRD-2021-SKU-04453,WO-2021-19125,0.6766372670141133,Medium,0.6184,67.8,WC-003
MFG-LINE-PLT-009-02,PLT-009,PRD-2021-SKU-06574,WO-2021-02587,0.043351952007385876,Low,0.6376,77.4,WC-003
MFG-LINE-PLT-003-01,PLT-003,PRD-2022-SKU-08308,WO-2022-00379,0.12307618812911905,Low,0.8751,42.9,WC-012
MFG-LINE-PLT-002-01,PLT-002,PRD-2024-SKU-07080,WO-2024-94676,0.18215160469731184,Low,0.754,37.7,WC-001
MFG-LINE-PLT-001-02,PLT-001,PRD-2023-SKU-03290,WO-2023-59113,0.8347566569683638,High,0.704,66.1,WC-001
MFG-LINE-PLT-001-02,PLT-001,PRD-2022-SKU-04212,WO-2022-38523,0.42791168914043554,Medium,0.7576,92.0,WC-005
MFG-LINE-PLT-005-04,PLT-005,PRD-2021-SKU-03179,WO-2021-61207,0.7134944403583944,High,0.8116,64.1,WC-001
MFG-LINE-PLT-003-03,PLT-003,PRD-2024-SKU-03763,WO-2024-99317,0.35266942524659284,Low,0.4976,153.3,WC-003
MFG-LINE-PLT-002-03,PLT-002,PRD-2022-SKU-08365,WO-2022-11863,0.5971290609252764,Medium,0.816,40.2,WC-005
MFG-LINE-PLT-010-03,PLT-010,PRD-2023-SKU-06461,WO-2023-91046,0.8616512328315116,High,0.4751,64.6,WC-007
MFG-LINE-PLT-005-02,PLT-005,PRD-2023-SKU-04606,WO-2023-22452,0.7582399386582721,High,0.7931,29.7,WC-002
MFG-LINE-PLT-009-02,PLT-009,PRD-2023-SKU-03591,WO-2023-69220,0.06648411867794438,Low,0.7156,12.9,WC-002
MFG-LINE-PLT-004-02,PLT-004,PRD-2024-SKU-06079,WO-2024-49670,0.6450123862666073,Medium,0.7023,118.5,WC-002
MFG-LINE-PLT-004-03,PLT-004,PRD-2024-SKU-03759,WO-2024-39742,0.5113422899463614,Medium,0.7011,89.5,WC-003
MFG-LINE-PLT-001-02,PLT-001,PRD-2022-SKU-07400,WO-2022-94270,0.4140152169835222,Medium,0.9069,17.1,WC-005
MFG-LINE-PLT-009-02,PLT-009,PRD-2024-SKU-02824,WO-2024-50349,0.02540371624543459,Low,0.7552,34.3,WC-002
MFG-LINE-PLT-003-02,PLT-003,PRD-2023-SKU-04150,WO-2023-93378,0.4757031673778504,Medium,0.3774,165.2,WC-001
MFG-LINE-PLT-002-04,PLT-002,PRD-2022-SKU-04719,WO-2022-99088,0.8630498692223223,High,0.4289,113.8,WC-004
MFG-LINE-PLT-001-02,PLT-001,PRD-2021-SKU-09983,WO-2021-15429,0.8552946699402156,High,0.5974,23.8,WC-004
MFG-LINE-PLT-005-03,PLT-005,PRD-2024-SKU-01390,WO-2024-53332,0.06912436232351525,Low,0.7373,57.8,WC-002
MFG-LINE-PLT-005-02,PLT-005,PRD-2020-SKU-09940,WO-2020-13497,0.6755889749295863,Medium,0.7136,35.0,WC-002
MFG-LINE-PLT-005-04,PLT-005,PRD-2022-SKU-07688,WO-2022-25985,0.7255078695893261,High,0.4954,167.3,WC-003
MFG-LINE-PLT-004-01,PLT-004,PRD-2020-SKU-09277,WO-2020-48722,0.48955778439515735,Medium,0.7234,73.7,WC-008
MFG-LINE-PLT-005-01,PLT-005,PRD-2021-SKU-07830,WO-2021-30213,0.40107601561596845,Medium,0.8782,20.6,WC-004
MFG-LINE-PLT-007-02,PLT-007,PRD-2024-SKU-06532,WO-2024-63015,0.6423022535402461,Medium,0.6535,118.7,WC-001
MFG-LINE-PLT-010-02,PLT-010,PRD-2023-SKU-09868,WO-2023-97542,0.8337205561332279,High,0.4212,107.2,WC-001
MFG-LINE-PLT-006-01,PLT-006,PRD-2020-SKU-07518,WO-2020-43089,0.8650068592517357,High,0.5456,149.7,WC-003
MFG-LINE-PLT-004-03,PLT-004,PRD-2021-SKU-07831,WO-2021-36937,0.1601777972134111,Low,0.6465,121.2,WC-004
MFG-LINE-PLT-008-02,PLT-008,PRD-2021-SKU-09413,WO-2021-57772,0.44820077809515957,Medium,0.8457,11.6,WC-006
MFG-LINE-PLT-004-07,PLT-004,PRD-2021-SKU-09888,WO-2021-82478,0.14743466385495488,Low,0.5795,143.1,WC-005
MFG-LINE-PLT-010-03,PLT-010,PRD-2021-SKU-08255,WO-2021-33022,0.9392522730019088,High,0.8449,21.8,WC-003
MFG-LINE-PLT-004-03,PLT-004,PRD-2023-SKU-03426,WO-2023-53170,0.11705148233370673,Low,0.399,210.7,WC-003
MFG-LINE-PLT-005-05,PLT-005,PRD-2023-SKU-07363,WO-2023-62761,0.026768115581092117,Low,0.5489,39.2,WC-003
MFG-LINE-PLT-010-02,PLT-010,PRD-2020-SKU-03087,WO-2020-71721,0.6231468161681034,Medium,0.809,16.7,WC-005
MFG-LINE-PLT-003-02,PLT-003,PRD-2020-SKU-09063,WO-2020-04718,0.43761457272405974,Medium,0.8101,19.4,WC-001
MFG-LINE-PLT-001-01,PLT-001,PRD-2024-SKU-08551,WO-2024-03492,0.27380782794329867,Low,0.7161,7.4,WC-001
MFG-LINE-PLT-002-01,PLT-002,PRD-2021-SKU-01959,WO-2021-52648,0.1314311883843195,Low,0.594,132.6,WC-001
MFG-LINE-PLT-010-03,PLT-010,PRD-2022-SKU-04065,WO-2022-05319,0.9417936202769558,High,0.6356,38.9,WC-007
MFG-LINE-PLT-005-04,PLT-005,PRD-2024-SKU-04969,WO-2024-76944,0.7263477530304434,High,0.4155,136.9,WC-001
MFG-LINE-PLT-010-04,PLT-010,PRD-2024-SKU-03215,WO-2024-69396,0.8922725524975539,High,0.7082,49.1,WC-007
MFG-LINE-PLT-004-05,PLT-004,PRD-2022-SKU-07413,WO-2022-77744,0.5783916406996908,Medium,0.66,10.3,WC-006
MFG-LINE-PLT-003-05,PLT-003,PRD-2024-SKU-03292,WO-2024-28182,0.7755751783667375,High,0.7985,28.3,WC-003
MFG-LINE-PLT-005-04,PLT-005,PRD-2023-SKU-08685,WO-2023-59387,0.7049066736639471,High,0.5337,13.9,WC-004
MFG-LINE-PLT-002-02,PLT-002,PRD-2024-SKU-01091,WO-2024-73387,0.010083333333333335,Low,0.8236,8.4,WC-010
MFG-LINE-PLT-005-06,PLT-005,PRD-2024-SKU-07726,WO-2024-64461,0.19123379776025265,Low,0.6538,49.5,WC-003
MFG-LINE-PLT-003-02,PLT-003,PRD-2023-SKU-03357,WO-2023-49595,0.140749864509311,Low,0.6104,76.8,WC-001
MFG-LINE-PLT-005-02,PLT-005,PRD-2022-SKU-08099,WO-2022-09826,0.7341665170577287,High,0.7704,9.0,WC-002
MFG-LINE-PLT-009-01,PLT-009,PRD-2021-SKU-08571,WO-2021-74356,0.953239599109385,High,0.8108,36.7,WC-006
MFG-LINE-PLT-005-03,PLT-005,PRD-2024-SKU-07580,WO-2024-50843,0.2126383879792393,Low,0.5194,78.6,WC-001
MFG-LINE-PLT-001-01,PLT-001,PRD-2020-SKU-08608,WO-2020-63377,0.0414290975442586,Low,0.6569,64.0,WC-007
MFG-LINE-PLT-006-01,PLT-006,PRD-2024-SKU-03541,WO-2024-11360,0.9660134484591747,High,0.5652,85.2,WC-011
MFG-LINE-PLT-006-02,PLT-006,PRD-2020-SKU-03654,WO-2020-25091,0.9541854395604397,High,0.8894,21.9,WC-006
MFG-LINE-PLT-010-01,PLT-010,PRD-2020-SKU-06313,WO-2020-62248,0.5125772473787423,Medium,0.6646,6.2,WC-002
MFG-LINE-PLT-001-02,PLT-001,PRD-2022-SKU-02502,WO-2022-71892,0.9034564104321904,High,0.7054,18.0,WC-005
MFG-LINE-PLT-004-06,PLT-004,PRD-2021-SKU-01479,WO-2021-88370,0.7691518899267099,High,0.7495,48.7,WC-001
MFG-LINE-PLT-005-05,PLT-005,PRD-2021-SKU-07919,WO-2021-02553,0.04336145484885088,Low,0.7249,0.0,WC-001
MFG-LINE-PLT-002-03,PLT-002,PRD-2024-SKU-02000,WO-2024-96625,0.2733019649344714,Low,0.7943,20.2,WC-009
MFG-LINE-PLT-004-06,PLT-004,PRD-2024-SKU-02955,WO-2024-95518,0.7217516280684879,High,0.7335,0.0,WC-001
MFG-LINE-PLT-007-01,PLT-007,PRD-2022-SKU-06287,WO-2022-13262,0.08676829288877877,Low,0.8566,46.1,WC-002
MFG-LINE-PLT-003-01,PLT-003,PRD-2024-SKU-09054,WO-2024-76174,0.1564623817041937,Low,0.7229,43.6,WC-006
MFG-LINE-PLT-002-03,PLT-002,PRD-2020-SKU-05726,WO-2020-16446,0.22839683376859665,Low,0.6485,37.5,WC-004
MFG-LINE-PLT-010-02,PLT-010,PRD-2020-SKU-07058,WO-2020-15396,0.7942966218494757,High,0.7125,54.4,WC-005
MFG-LINE-PLT-004-07,PLT-004,PRD-2020-SKU-02740,WO-2020-45737,0.1152688616805145,Low,0.696,65.6,WC-001
MFG-LINE-PLT-006-01,PLT-006,PRD-2021-SKU-01301,WO-2021-82523,0.9443693615151773,High,0.5121,109.0,WC-012
MFG-LINE-PLT-002-02,PLT-002,PRD-2021-SKU-02083,WO-2021-81598,0.006152380952380952,Low,0.7734,10.4,WC-001
MFG-LINE-PLT-003-05,PLT-003,PRD-2022-SKU-03522,WO-2022-71851,0.744771993034308,High,0.8107,64.2,WC-005
MFG-LINE-PLT-010-03,PLT-010,PRD-2021-SKU-07479,WO-2021-41366,0.9783435170631481,High,0.7103,79.2,WC-002
MFG-LINE-PLT-009-02,PLT-009,PRD-2021-SKU-06122,WO-2021-22099,0.08501749266187808,Low,0.7755,76.3,WC-001
MFG-LINE-PLT-005-04,PLT-005,PRD-2021-SKU-02652,WO-2021-67531,0.7208823086754954,High,0.5824,50.1,WC-004
MFG-LINE-PLT-002-01,PLT-002,PRD-2020-SKU-07733,WO-2020-85011,0.028838238414771778,Low,0.6546,94.1,WC-001
MFG-LINE-PLT-003-04,PLT-003,PRD-2024-SKU-03653,WO-2024-86220,0.1561820544668015,Low,0.8009,55.3,WC-008
MFG-LINE-PLT-002-02,PLT-002,PRD-2020-SKU-07935,WO-2020-36476,0.30841430755788535,Low,0.7634,25.2,WC-007
MFG-LINE-PLT-005-04,PLT-005,PRD-2024-SKU-03600,WO-2024-30035,0.716594182002996,High,0.7122,72.3,WC-002
MFG-LINE-PLT-005-04,PLT-005,PRD-2023-SKU-08203,WO-2023-88104,0.7447505856194003,High,0.6397,85.0,WC-002
MFG-LINE-PLT-002-02,PLT-002,PRD-2020-SKU-05677,WO-2020-24156,0.02625600793197864,Low,0.5628,15.5,WC-006
MFG-LINE-PLT-004-03,PLT-004,PRD-2022-SKU-03796,WO-2022-19004,0.15873309000235541,Low,0.595,89.3,WC-004
MFG-LINE-PLT-010-01,PLT-010,PRD-2023-SKU-01095,WO-2023-46384,0.38158866143263936,Low,0.5102,50.4,WC-001
MFG-LINE-PLT-003-02,PLT-003,PRD-2023-SKU-08181,WO-2023-32544,0.23783206491268172,Low,0.6582,43.0,WC-001
MFG-LINE-PLT-005-04,PLT-005,PRD-2020-SKU-03732,WO-2020-15297,0.7165693209193382,High,0.9383,23.8,WC-003
MFG-LINE-PLT-006-02,PLT-006,PRD-2021-SKU-05380,WO-2021-20977,0.9891313872553346,High,0.7049,49.3,WC-013
MFG-LINE-PLT-003-02,PLT-003,PRD-2022-SKU-09126,WO-2022-29122,0.1595889370692033,Low,0.3018,244.1715042340336,WC-001
MFG-LINE-PLT-005-06,PLT-005,PRD-2020-SKU-01483,WO-2020-54276,0.30169994343202416,Low,0.529,30.4,WC-008
MFG-LINE-PLT-010-02,PLT-010,PRD-2023-SKU-04093,WO-2023-80445,0.8433132287296112,High,0.5546,15.3,WC-005
MFG-LINE-PLT-002-02,PLT-002,PRD-2024-SKU-07974,WO-2024-34487,0.015140238450074518,Low,0.7256,0.0,WC-005
MFG-LINE-PLT-010-01,PLT-010,PRD-2020-SKU-08880,WO-2020-34189,0.3149982749806865,Low,0.5659,138.0,WC-002
MFG-LINE-PLT-005-04,PLT-005,PRD-2020-SKU-05799,WO-2020-56420,0.4058924768076305,Medium,0.5154,175.6,WC-003
MFG-LINE-PLT-007-02,PLT-007,PRD-2021-SKU-03996,WO-2021-04603,0.438531837426316,Medium,0.5344,138.3,WC-001
MFG-LINE-PLT-005-02,PLT-005,PRD-2023-SKU-06064,WO-2023-46066,0.7310303319445107,High,0.6972,7.8,WC-003
MFG-LINE-PLT-007-01,PLT-007,PRD-2021-SKU-06070,WO-2021-00736,0.04665195194922447,Low,0.6102,13.3,WC-011
MFG-LINE-PLT-005-03,PLT-005,PRD-2022-SKU-09650,WO-2022-29429,0.024937640256840567,Low,0.6912,71.5,WC-002
MFG-LINE-PLT-010-04,PLT-010,PRD-2022-SKU-09380,WO-2022-77807,0.7709944796595377,High,0.8002,0.0,WC-008
MFG-LINE-PLT-005-01,PLT-005,PRD-2024-SKU-02074,WO-2024-41980,0.37843454383812525,Low,0.6924,32.7,WC-001
MFG-LINE-PLT-002-04,PLT-002,PRD-2023-SKU-09371,WO-2023-85287,0.9316911990288249,High,0.8659,8.9,WC-001
MFG-LINE-PLT-004-02,PLT-004,PRD-2024-SKU-06043,WO-2024-33775,0.7953126611274346,High,0.63,19.1,WC-001
MFG-LINE-PLT-003-03,PLT-003,PRD-2024-SKU-01212,WO-2024-09666,0.23208486620994995,Low,0.5451,18.3,WC-001
MFG-LINE-PLT-001-01,PLT-001,PRD-2021-SKU-04515,WO-2021-54190,0.007316320904930454,Low,0.7062,31.0,WC-005
MFG-LINE-PLT-010-02,PLT-010,PRD-2021-SKU-08898,WO-2021-82744,0.5248123738632448,Medium,0.8289,40.0,WC-002
MFG-LINE-PLT-003-04,PLT-003,PRD-2021-SKU-03249,WO-2021-48831,0.19348437409237956,Low,0.6569,71.3,WC-008
MFG-LINE-PLT-005-02,PLT-005,PRD-2022-SKU-05568,WO-2022-54343,0.7523258744022394,High,0.853,17.4,WC-004
MFG-LINE-PLT-002-03,PLT-002,PRD-2021-SKU-04937,WO-2021-61013,0.3992722715581751,Low,0.7342,23.0,WC-008
MFG-LINE-PLT-002-02,PLT-002,PRD-2023-SKU-07725,WO-2023-58459,0.009626190476190477,Low,0.868,0.0,WC-010
MFG-LINE-PLT-004-01,PLT-004,PRD-2021-SKU-05228,WO-2021-14725,0.11985815710044789,Low,0.5606,150.4,WC-001
MFG-LINE-PLT-002-02,PLT-002,PRD-2021-SKU-01206,WO-2021-30057,0.008628571428571428,Low,0.9472,0.0,WC-006
MFG-LINE-PLT-004-01,PLT-004,PRD-2022-SKU-05984,WO-2022-95600,0.1300244033847407,Low,0.6695,83.7,WC-002
MFG-LINE-PLT-004-07,PLT-004,PRD-2021-SKU-09376,WO-2021-83249,0.11916966955379144,Low,0.4915,162.9,WC-003
MFG-LINE-PLT-004-01,PLT-004,PRD-2024-SKU-03696,WO-2024-20800,0.11409312990652837,Low,0.7416,58.9,WC-008
MFG-LINE-PLT-002-04,PLT-002,PRD-2021-SKU-04959,WO-2021-76149,0.9635741780532432,High,0.6757,40.3,WC-005
MFG-LINE-PLT-003-02,PLT-003,PRD-2022-SKU-09377,WO-2022-41581,0.13206074132470183,Low,0.7536,50.0,WC-001
MFG-LINE-PLT-010-02,PLT-010,PRD-2024-SKU-01737,WO-2024-99870,0.4302677806627416,Medium,0.6561,21.8,WC-005
MFG-LINE-PLT-005-02,PLT-005,PRD-2021-SKU-05608,WO-2021-17289,0.6801883770115048,Medium,0.7547,17.0,WC-006
MFG-LINE-PLT-008-01,PLT-008,PRD-2021-SKU-05777,WO-2021-10587,0.36224898583790077,Low,0.6696,0.0,WC-003
MFG-LINE-PLT-010-04,PLT-010,PRD-2021-SKU-02198,WO-2021-09058,0.8429117548882901,High,0.7197,53.1,WC-004
MFG-LINE-PLT-006-01,PLT-006,PRD-2024-SKU-06335,WO-2024-23549,0.9583919845152867,High,0.6529,81.6,WC-004
MFG-LINE-PLT-004-03,PLT-004,PRD-2022-SKU-09079,WO-2022-70527,0.08746074737642894,Low,0.4464,184.8,WC-002
MFG-LINE-PLT-008-02,PLT-008,PRD-2023-SKU-04352,WO-2023-74769,0.7465437872850522,High,0.8087,0.0,WC-002
MFG-LINE-PLT-010-04,PLT-010,PRD-2022-SKU-08985,WO-2022-98054,0.8587381424757121,High,0.5217,51.2,WC-002
MFG-LINE-PLT-004-02,PLT-004,PRD-2020-SKU-01049,WO-2020-86688,0.3935153564087253,Low,0.7135,70.0,WC-002
MFG-LINE-PLT-002-04,PLT-002,PRD-2022-SKU-02730,WO-2022-95792,0.9522718682098524,High,0.5441,81.2,WC-005
MFG-LINE-PLT-002-01,PLT-002,PRD-2023-SKU-09552,WO-2023-93802,0.030241508346089123,Low,0.6354,84.9,WC-002
MFG-LINE-PLT-004-07,PLT-004,PRD-2024-SKU-05605,WO-2024-05639,0.053342559017830464,Low,0.7036,82.8,WC-005
MFG-LINE-PLT-005-02,PLT-005,PRD-2021-SKU-05864,WO-2021-93760,0.6660216303981378,Medium,0.6337,72.3,WC-003
MFG-LINE-PLT-009-01,PLT-009,PRD-2021-SKU-02882,WO-2021-91236,0.8558116528677924,High,0.5042,79.5,WC-007
MFG-LINE-PLT-004-06,PLT-004,PRD-2024-SKU-01757,WO-2024-16367,0.7654562136676459,High,0.7834,40.9,WC-002
MFG-LINE-PLT-004-03,PLT-004,PRD-2022-SKU-09924,WO-2022-16775,0.10754510917567525,Low,0.5919,149.5,WC-004
MFG-LINE-PLT-006-02,PLT-006,PRD-2020-SKU-06964,WO-2020-32225,0.9835434593297273,High,0.7688,10.5,WC-014
MFG-LINE-PLT-002-03,PLT-002,PRD-2024-SKU-03118,WO-2024-28438,0.3992752332055903,Low,0.7223,48.1,WC-009
MFG-LINE-PLT-005-02,PLT-005,PRD-2020-SKU-08127,WO-2020-52106,0.6683703596729672,Medium,0.8146,0.0,WC-001
MFG-LINE-PLT-005-03,PLT-005,PRD-2020-SKU-08537,WO-2020-20191,0.07540972463057215,Low,0.6169,19.1,WC-001
MFG-LINE-PLT-004-01,PLT-004,PRD-2023-SKU-06535,WO-2023-95841,0.3508384506717476,Low,0.6918,28.2,WC-003
MFG-LINE-PLT-003-01,PLT-003,PRD-2020-SKU-07817,WO-2020-23197,0.6322940957260085,Medium,0.6045,45.4,WC-011
MFG-LINE-PLT-005-04,PLT-005,PRD-2023-SKU-08053,WO-2023-45747,0.6502403497817723,Medium,0.4588,64.3,WC-003
MFG-LINE-PLT-006-01,PLT-006,PRD-2024-SKU-04712,WO-2024-31457,0.9557502674765093,High,0.5298,139.3,WC-006
MFG-LINE-PLT-005-04,PLT-005,PRD-2023-SKU-01569,WO-2023-67819,0.7169296980685641,High,0.6593,62.0,WC-003
MFG-LINE-PLT-010-01,PLT-010,PRD-2023-SKU-04416,WO-2023-33554,0.46624095825416334,Medium,0.7843,50.1,WC-002
MFG-LINE-PLT-002-04,PLT-002,PRD-2022-SKU-06470,WO-2022-91671,0.8686968189889624,High,0.5768,22.9,WC-003
MFG-LINE-PLT-001-02,PLT-001,PRD-2020-SKU-02542,WO-2020-10997,0.7941115070638545,High,0.6194,84.5,WC-002
MFG-LINE-PLT-010-03,PLT-010,PRD-2021-SKU-05033,WO-2021-27475,0.9063220526070408,High,0.7146,8.9,WC-004
MFG-LINE-PLT-004-03,PLT-004,PRD-2020-SKU-09635,WO-2020-03552,0.2195255895492515,Low,0.422,35.5,WC-005
MFG-LINE-PLT-002-04,PLT-002,PRD-2022-SKU-03564,WO-2022-78787,0.946158749377082,High,0.4224,101.5,WC-003
MFG-LINE-PLT-010-01,PLT-010,PRD-2021-SKU-07281,WO-2021-67043,0.5258791772127955,Medium,0.7978,33.3,WC-001
MFG-LINE-PLT-004-01,PLT-004,PRD-2020-SKU-02894,WO-2020-45991,0.09615943152034263,Low,0.6695,90.3,WC-006
MFG-LINE-PLT-002-04,PLT-002,PRD-2021-SKU-09306,WO-2021-95792,0.9362153604226184,High,0.7412,17.2,WC-002
MFG-LINE-PLT-005-06,PLT-005,PRD-2021-SKU-08214,WO-2021-19504,0.5512806334479595,Medium,0.735,61.1,WC-006
MFG-LINE-PLT-005-04,PLT-005,PRD-2023-SKU-05437,WO-2023-46748,0.7060310932933991,High,0.5597,153.1,WC-003
MFG-LINE-PLT-009-02,PLT-009,PRD-2023-SKU-09250,WO-2023-89153,0.04140303694516226,Low,0.7842,34.0,WC-003
MFG-LINE-PLT-006-01,PLT-006,PRD-2024-SKU-03303,WO-2024-72760,0.9428780135342785,High,0.7294,60.6,WC-011
MFG-LINE-PLT-007-01,PLT-007,PRD-2024-SKU-03109,WO-2024-57960,0.16439983383486328,Low,0.5685,3.8,WC-013
MFG-LINE-PLT-004-02,PLT-004,PRD-2022-SKU-05447,WO-2022-10380,0.3636932365341674,Low,0.8289,27.3,WC-002
MFG-LINE-PLT-010-03,PLT-010,PRD-2024-SKU-07896,WO-2024-32074,0.932184480795965,High,0.5053,95.0,WC-004
MFG-LINE-PLT-005-02,PLT-005,PRD-2021-SKU-05040,WO-2021-69661,0.5757572816453643,Medium,0.7178,20.9,WC-001
MFG-LINE-PLT-008-01,PLT-008,PRD-2022-SKU-09125,WO-2022-48807,0.37619842900922223,Low,0.4055,35.6,WC-001
MFG-LINE-PLT-007-01,PLT-007,PRD-2021-SKU-06043,WO-2021-07854,0.07638734070325619,Low,0.682,52.3,WC-002
MFG-LINE-PLT-003-05,PLT-003,PRD-2022-SKU-08844,WO-2022-46611,0.8057007631825939,High,0.7956,34.8,WC-004
MFG-LINE-PLT-005-04,PLT-005,PRD-2020-SKU-08369,WO-2020-83485,0.5960630790113065,Medium,0.7302,50.0,WC-001
MFG-LINE-PLT-010-01,PLT-010,PRD-2021-SKU-07818,WO-2021-62257,0.3001344296062019,Low,0.6453,47.1,WC-004
MFG-LINE-PLT-009-02,PLT-009,PRD-2022-SKU-07642,WO-2022-66960,0.371063303349216,Low,0.3747,172.6,WC-003
MFG-LINE-PLT-004-03,PLT-004,PRD-2024-SKU-09950,WO-2024-83541,0.13528149350728513,Low,0.7331,39.1,WC-005
MFG-LINE-PLT-003-02,PLT-003,PRD-2020-SKU-03413,WO-2020-34575,0.22125588682803932,Low,0.4681,127.9,WC-001
MFG-LINE-PLT-010-02,PLT-010,PRD-2023-SKU-06033,WO-2023-74373,0.894321123193185,High,0.3814,112.6,WC-003
MFG-LINE-PLT-004-01,PLT-004,PRD-2023-SKU-05162,WO-2023-43103,0.14046586525188196,Low,0.5246,142.6,WC-004
MFG-LINE-PLT-008-02,PLT-008,PRD-2023-SKU-07392,WO-2023-13699,0.652336588416718,Medium,0.582,106.2,WC-006
MFG-LINE-PLT-004-01,PLT-004,PRD-2020-SKU-01162,WO-2020-79014,0.1335396142556483,Low,0.6534,81.9,WC-003
MFG-LINE-PLT-002-03,PLT-002,PRD-2020-SKU-04032,WO-2020-38135,0.24817421771370338,Low,0.6083,113.6,WC-007
MFG-LINE-PLT-005-05,PLT-005,PRD-2024-SKU-02043,WO-2024-76459,0.013559937747144335,Low,0.5694,97.0,WC-001
MFG-LINE-PLT-006-02,PLT-006,PRD-2020-SKU-07998,WO-2020-05414,0.9935935350490611,High,0.6437,84.7,WC-009
MFG-LINE-PLT-001-01,PLT-001,PRD-2022-SKU-02621,WO-2022-79986,0.13695962237805034,Low,0.5303,8.8,WC-009
MFG-LINE-PLT-003-03,PLT-003,PRD-2021-SKU-06965,WO-2021-90166,0.2074904453152687,Low,0.3816,205.4,WC-002
MFG-LINE-PLT-009-01,PLT-009,PRD-2022-SKU-02013,WO-2022-26274,0.9617308469056673,High,0.6207,34.2,WC-007
MFG-LINE-PLT-005-02,PLT-005,PRD-2020-SKU-02949,WO-2020-59019,0.6043686546106821,Medium,0.7228,7.7,WC-003
MFG-LINE-PLT-005-01,PLT-005,PRD-2022-SKU-02112,WO-2022-89645,0.3938129698897497,Low,0.4376,53.9,WC-001
MFG-LINE-PLT-004-07,PLT-004,PRD-2021-SKU-09926,WO-2021-45299,0.10735786072462768,Low,0.7163,81.6,WC-002
MFG-LINE-PLT-010-04,PLT-010,PRD-2024-SKU-06233,WO-2024-77170,0.8740030698452186,High,0.5353,77.3,WC-005
MFG-LINE-PLT-005-01,PLT-005,PRD-2021-SKU-09425,WO-2021-24976,0.519416184924328,Medium,0.6203,107.1,WC-004
MFG-LINE-PLT-002-01,PLT-002,PRD-2021-SKU-09466,WO-2021-13007,0.04482012637829328,Low,0.4833,59.3,WC-001
MFG-LINE-PLT-004-03,PLT-004,PRD-2023-SKU-07819,WO-2023-71559,0.10371721639924883,Low,0.5386,135.3,WC-004
MFG-LINE-PLT-003-02,PLT-003,PRD-2024-SKU-06988,WO-2024-89037,0.4226491584687892,Medium,0.4483,76.0,WC-001
MFG-LINE-PLT-005-05,PLT-005,PRD-2020-SKU-07508,WO-2020-04559,0.025127389065616994,Low,0.7433,56.7,WC-002
MFG-LINE-PLT-009-02,PLT-009,PRD-2022-SKU-06942,WO-2022-21709,0.06987699413821216,Low,0.8004,39.3,WC-003
MFG-LINE-PLT-003-02,PLT-003,PRD-2020-SKU-05221,WO-2020-08976,0.22920452213427456,Low,0.6192,120.4,WC-001
MFG-LINE-PLT-001-01,PLT-001,PRD-2021-SKU-02785,WO-2021-11044,0.030869028520499112,Low,0.7555,0.0,WC-009
MFG-LINE-PLT-002-02,PLT-002,PRD-2022-SKU-08916,WO-2022-91218,0.11463006589705486,Low,0.5001,0.0,WC-002
MFG-LINE-PLT-003-04,PLT-003,PRD-2024-SKU-04573,WO-2024-29134,0.5338130147189922,Medium,0.6462,68.3,WC-005
MFG-LINE-PLT-005-02,PLT-005,PRD-2021-SKU-04324,WO-2021-02449,0.583129770371638,Medium,0.4997,16.6,WC-005
MFG-LINE-PLT-005-01,PLT-005,PRD-2022-SKU-03969,WO-2022-04379,0.36851566579047895,Low,0.855,34.7,WC-002
MFG-LINE-PLT-005-04,PLT-005,PRD-2024-SKU-04595,WO-2024-71488,0.653401994980034,Medium,0.7261,85.3,WC-004
MFG-LINE-PLT-005-03,PLT-005,PRD-2024-SKU-08666,WO-2024-21784,0.040755601110963616,Low,0.5808,99.7,WC-002
MFG-LINE-PLT-003-05,PLT-003,PRD-2020-SKU-09938,WO-2020-04249,0.7249339802343723,High,0.7884,56.3,WC-003
MFG-LINE-PLT-006-02,PLT-006,PRD-2024-SKU-09506,WO-2024-18287,0.9860197923590026,High,0.6958,93.9,WC-017
MFG-LINE-PLT-005-03,PLT-005,PRD-2022-SKU-03668,WO-2022-54348,0.3403493699932399,Low,0.6001,146.1,WC-002
MFG-LINE-PLT-005-05,PLT-005,PRD-2021-SKU-01310,WO-2021-05414,0.010239762040115273,Low,0.6773,53.6,WC-003
MFG-LINE-PLT-003-04,PLT-003,PRD-2020-SKU-06766,WO-2020-56528,0.17719718639261164,Low,0.7564,54.1,WC-005
MFG-LINE-PLT-004-07,PLT-004,PRD-2024-SKU-06232,WO-2024-63482,0.08666176486334384,Low,0.8043,13.9,WC-005
MFG-LINE-PLT-005-02,PLT-005,PRD-2020-SKU-01449,WO-2020-49481,0.3792438071189591,Low,0.8478,8.1,WC-004
MFG-LINE-PLT-002-01,PLT-002,PRD-2023-SKU-07669,WO-2023-76498,0.05030457906300798,Low,0.7636,55.4,WC-002
MFG-LINE-PLT-005-03,PLT-005,PRD-2020-SKU-04784,WO-2020-89590,0.06952638656591423,Low,0.4934,56.6,WC-001
MFG-LINE-PLT-008-02,PLT-008,PRD-2024-SKU-01524,WO-2024-63564,0.4077601242421798,Medium,0.6177,0.0,WC-001
MFG-LINE-PLT-008-02,PLT-008,PRD-2021-SKU-08847,WO-2021-26281,0.7195288237528251,High,0.789,0.0,WC-004
MFG-LINE-PLT-008-01,PLT-008,PRD-2020-SKU-06030,WO-2020-69073,0.7407006134493676,High,0.727,0.0,WC-002
MFG-LINE-PLT-002-02,PLT-002,PRD-2020-SKU-04608,WO-2020-89093,0.05807935253152645,Low,0.6709,0.0,WC-007
MFG-LINE-PLT-006-01,PLT-006,PRD-2023-SKU-08237,WO-2023-34036,0.9673552869048142,High,0.7689,59.7,WC-007
MFG-LINE-PLT-005-02,PLT-005,PRD-2022-SKU-02504,WO-2022-12254,0.36227235446287276,Low,0.675,42.7,WC-003
MFG-LINE-PLT-004-07,PLT-004,PRD-2024-SKU-03004,WO-2024-40809,0.15385762746037787,Low,0.1409,313.8,WC-001
MFG-LINE-PLT-003-04,PLT-003,PRD-2024-SKU-01515,WO-2024-40684,0.16555066450788675,Low,0.7889,70.9,WC-003
MFG-LINE-PLT-010-01,PLT-010,PRD-2024-SKU-02877,WO-2024-57953,0.6569593988642424,Medium,0.7047,61.8,WC-002
MFG-LINE-PLT-001-01,PLT-001,PRD-2020-SKU-04891,WO-2020-10442,0.03579853453158519,Low,0.4278,130.1,WC-002
MFG-LINE-PLT-008-02,PLT-008,PRD-2024-SKU-03668,WO-2024-49491,0.43285147346915637,Medium,0.7571,23.1,WC-002
MFG-LINE-PLT-003-01,PLT-003,PRD-2024-SKU-04109,WO-2024-91897,0.1927590853023228,Low,0.6296,118.8,WC-001
MFG-LINE-PLT-004-07,PLT-004,PRD-2023-SKU-04236,WO-2023-53435,0.1523555935600525,Low,0.5061,78.4,WC-002
MFG-LINE-PLT-008-02,PLT-008,PRD-2022-SKU-02548,WO-2022-61133,0.5654241599579701,Medium,0.8961,24.9,WC-004
MFG-LINE-PLT-005-04,PLT-005,PRD-2024-SKU-05291,WO-2024-91900,0.34316486035568244,Low,0.5275,64.8,WC-004
MFG-LINE-PLT-010-01,PLT-010,PRD-2022-SKU-03062,WO-2022-43314,0.6901633097329315,Medium,0.7258,4.1,WC-003
MFG-LINE-PLT-004-06,PLT-004,PRD-2020-SKU-07371,WO-2020-12285,0.6404544115681327,Medium,0.5594,17.7,WC-002
MFG-LINE-PLT-003-04,PLT-003,PRD-2021-SKU-09608,WO-2021-51586,0.22268627229889187,Low,0.6475,62.7,WC-006
MFG-LINE-PLT-004-01,PLT-004,PRD-2020-SKU-03456,WO-2020-02008,0.24004536586241357,Low,0.7959,27.5,WC-003
MFG-LINE-PLT-008-02,PLT-008,PRD-2024-SKU-08533,WO-2024-72129,0.5831051549811646,Medium,0.5547,68.1,WC-006
MFG-LINE-PLT-007-01,PLT-007,PRD-2022-SKU-07146,WO-2022-73945,0.052613325477335125,Low,0.7528,24.6,WC-004
MFG-LINE-PLT-005-03,PLT-005,PRD-2024-SKU-01239,WO-2024-03593,0.07655266530971053,Low,0.8217,48.6,WC-001
MFG-LINE-PLT-002-02,PLT-002,PRD-2021-SKU-02423,WO-2021-55689,0.02084891774891775,Low,0.6368,17.3,WC-010
MFG-LINE-PLT-003-02,PLT-003,PRD-2023-SKU-01507,WO-2023-66714,0.22730639224351917,Low,0.4957,154.9,WC-001
