line_id,shift_date,shift_number,takt_time_seconds,designed_cycle_time_seconds,actual_cycle_time_avg_seconds,throughput_rate_actual_uph,throughput_rate_design_uph,output_variance_pct,takt_uph,throughput_vs_takt_gap
MFG-LINE-PLT-004-06,2021-07-29,1,126.5,112.6,121.036,29.68,31.97,-6.75,28.458498023715414,1.2215019762845856
MFG-LINE-PLT-005-05,2020-05-08,1,59.9,61.0,79.172,45.39,59.02,-41.51,60.10016694490818,-14.710166944908181
MFG-LINE-PLT-005-01,2022-10-16,3,33.7,34.4,43.013,83.62,104.65,-50.26,106.82492581602374,-23.20492581602373
MFG-LINE-PLT-007-02,2023-08-16,2,238.3,231.6,271.941,13.1,15.54,-24.78,15.107007973143096,-2.0070079731430965
MFG-LINE-PLT-001-02,2024-10-24,3,62.4,50.8,62.275,57.78,70.87,-37.12,57.69230769230769,0.08769230769230774
MFG-LINE-PLT-006-02,2020-04-20,3,6.4,6.6,9.365,384.22,545.45,-51.96,562.5,-178.27999999999997
MFG-LINE-PLT-005-05,2024-06-25,3,59.9,61.0,73.925,48.56,59.02,-28.27,60.10016694490818,-11.54016694490818
MFG-LINE-PLT-005-04,2024-03-27,1,51.5,46.6,52.502,68.5,77.25,-20.61,69.90291262135922,-1.4029126213592207
MFG-LINE-PLT-002-04,2020-03-26,3,16.2,14.1,19.62,183.45,255.32,-56.58,222.22222222222223,-38.77222222222224
MFG-LINE-PLT-003-03,2020-03-07,3,11.0,9.6,12.108,297.16,375.0,-50.77,327.27272727272725,-30.112727272727227
MFG-LINE-PLT-010-04,2023-10-03,1,298.9,264.3,295.659,12.16,13.62,-28.7,12.04416192706591,0.11583807293409087
MFG-LINE-PLT-010-04,2024-12-25,2,298.9,264.3,358.09,10.0,13.62,-46.53,12.04416192706591,-2.0441619270659093
MFG-LINE-PLT-004-01,2023-07-28,2,224.5,209.4,247.489,14.38,17.19,-44.44,16.035634743875278,-1.655634743875277
MFG-LINE-PLT-003-04,2020-10-23,2,30.3,27.1,30.15,119.29,132.84,-13.74,118.8118811881188,0.47811881188120253
MFG-LINE-PLT-010-03,2024-01-10,2,34.2,34.8,38.147,94.28,103.45,-26.9,105.26315789473684,-10.983157894736834
MFG-LINE-PLT-004-07,2023-03-11,2,224.4,199.4,218.542,16.44,18.05,-17.29,16.0427807486631,0.3972192513368995
MFG-LINE-PLT-005-03,2023-12-18,1,62.1,56.6,62.094,57.95,63.6,-17.79,57.971014492753625,-0.021014492753621994
MFG-LINE-PLT-004-02,2022-05-11,1,244.9,225.0,286.631,12.38,16.0,-53.17,14.699877501020824,-2.319877501020823
MFG-LINE-PLT-002-03,2021-11-13,2,45.8,43.7,60.132,59.78,82.38,-28.81,78.60262008733625,-18.822620087336247
MFG-LINE-PLT-004-04,2023-10-26,3,354.2,289.7,340.96,10.52,12.43,-30.68,10.163749294184077,0.35625070581592233
MFG-LINE-PLT-004-03,2024-03-15,1,138.3,132.9,138.388,26.0,27.09,-21.86,26.030368763557483,-0.03036876355748319
MFG-LINE-PLT-007-01,2020-04-13,2,177.7,170.1,230.947,15.45,21.16,-44.79,20.258863252673045,-4.808863252673046
MFG-LINE-PLT-002-04,2020-11-05,3,16.2,14.1,19.635,183.34,255.32,-33.57,222.22222222222223,-38.882222222222225
MFG-LINE-PLT-003-03,2024-02-29,1,11.0,9.6,10.75,334.83,375.0,-30.6,327.27272727272725,7.557272727272732
MFG-LINE-PLT-009-01,2021-08-11,2,63.4,62.8,70.565,50.92,57.32,-31.92,56.782334384858046,-5.862334384858045
MFG-LINE-PLT-004-05,2021-03-28,2,156.1,151.3,179.167,19.97,23.79,-22.16,23.062139654067906,-3.092139654067907
MFG-LINE-PLT-003-05,2020-02-16,2,39.9,39.1,42.518,84.5,92.07,-32.96,90.22556390977444,-5.725563909774436
MFG-LINE-PLT-002-04,2020-06-16,1,16.2,14.1,15.286,235.36,255.32,-20.89,222.22222222222223,13.137777777777785
MFG-LINE-PLT-006-02,2023-06-05,1,6.4,6.6,10.498,342.87,545.45,-49.0,562.5,-219.63
MFG-LINE-PLT-010-02,2021-10-07,2,328.4,290.9,389.679,9.11,12.38,-37.21,10.962241169305726,-1.8522411693057261
MFG-LINE-PLT-007-02,2021-06-13,3,238.3,231.6,296.112,12.12,15.54,-31.9,15.107007973143096,-2.987007973143097
MFG-LINE-PLT-003-05,2020-07-03,2,39.9,39.1,51.713,69.55,92.07,-25.0,90.22556390977444,-20.67556390977444
MFG-LINE-PLT-003-04,2020-03-15,3,30.3,27.1,37.959,94.82,132.84,-37.1,118.8118811881188,-23.99188118811881
MFG-LINE-PLT-005-05,2020-04-17,2,59.9,61.0,73.366,48.88,59.02,-46.76,60.10016694490818,-11.22016694490818
MFG-LINE-PLT-004-04,2024-10-30,3,354.2,289.7,356.198,10.1,12.43,-19.35,10.163749294184077,-0.0637492941840776
MFG-LINE-PLT-004-05,2024-02-25,2,156.1,151.3,197.724,18.12,23.79,-44.0,23.062139654067906,-4.942139654067905
MFG-LINE-PLT-007-02,2020-07-04,2,238.3,231.6,255.125,14.03,15.54,-21.43,15.107007973143096,-1.0770079731430968
MFG-LINE-PLT-004-06,2022-11-01,1,126.5,112.6,118.59,30.34,31.97,-28.57,28.458498023715414,1.8815019762845857
MFG-LINE-PLT-005-03,2021-07-05,1,62.1,56.6,63.655,56.4,63.6,-37.32,57.971014492753625,-1.5710144927536263
MFG-LINE-PLT-007-01,2024-07-07,1,177.7,170.1,193.265,18.6,21.16,-19.88,20.258863252673045,-1.6588632526730436
MFG-LINE-PLT-003-03,2024-05-27,1,11.0,9.6,12.122,296.91,375.0,-41.46,327.27272727272725,-30.362727272727227
MFG-LINE-PLT-009-02,2023-12-08,1,40.5,33.0,42.926,83.83,109.09,-23.06,88.88888888888889,-5.058888888888887
MFG-LINE-PLT-005-04,2023-09-23,1,51.5,46.6,59.326,60.56,77.25,-41.75,69.90291262135922,-9.342912621359218
MFG-LINE-PLT-004-07,2020-12-27,1,224.4,199.4,222.578,16.08,18.05,-49.62,16.0427807486631,0.03721925133689652
MFG-LINE-PLT-006-02,2022-11-08,1,6.4,6.6,7.072,509.01,545.45,-10.86,562.5,-53.49000000000001
MFG-LINE-PLT-010-02,2022-08-16,1,328.4,290.9,340.728,10.42,12.38,-20.93,10.962241169305726,-0.5422411693057256
MFG-LINE-PLT-004-01,2020-12-21,1,224.5,209.4,276.047,13.03,17.19,-40.15,16.035634743875278,-3.0056347438752784
MFG-LINE-PLT-003-03,2022-05-31,1,11.0,9.6,9.966,361.11,375.0,-11.27,327.27272727272725,33.83727272727276
MFG-LINE-PLT-010-02,2022-08-02,2,328.4,290.9,343.396,10.4,12.38,-35.87,10.962241169305726,-0.5622411693057252
MFG-LINE-PLT-009-02,2020-02-07,2,40.5,33.0,55.135,65.21,109.09,-48.94,88.88888888888889,-23.678888888888892
MFG-LINE-PLT-006-02,2023-09-18,3,6.4,6.6,7.913,454.92,545.45,-50.39,562.5,-107.57999999999998
MFG-LINE-PLT-010-01,2024-12-16,2,267.8,279.7,380.724,9.44,12.87,-34.0,13.44286781179985,-4.002867811799851
MFG-LINE-PLT-008-02,2021-04-25,2,36.9,38.7,41.64,86.42,93.02,-13.17,97.5609756097561,-11.140975609756097
MFG-LINE-PLT-004-02,2023-01-11,1,244.9,225.0,235.311,15.26,16.0,-16.96,14.699877501020824,0.560122498979176
MFG-LINE-PLT-003-01,2024-01-09,1,21.2,20.5,26.321,136.68,175.61,-44.02,169.81132075471697,-33.13132075471697
MFG-LINE-PLT-010-02,2024-09-06,1,328.4,290.9,375.795,9.53,12.38,-40.86,10.962241169305726,-1.4322411693057262
MFG-LINE-PLT-005-03,2020-10-29,2,62.1,56.6,62.729,57.39,63.6,-29.91,57.971014492753625,-0.5810144927536243
MFG-LINE-PLT-001-02,2020-05-06,1,62.4,50.8,64.799,55.53,70.87,-25.69,57.69230769230769,-2.1623076923076923
MFG-LINE-PLT-004-03,2022-03-04,2,138.3,132.9,175.579,20.32,27.09,-50.46,26.030368763557483,-5.710368763557483
MFG-LINE-PLT-003-04,2021-09-16,1,30.3,27.1,28.896,124.51,132.84,-22.36,118.8118811881188,5.698118811881201
MFG-LINE-PLT-007-01,2022-06-12,1,177.7,170.1,195.447,18.3,21.16,-31.52,20.258863252673045,-1.9588632526730443
MFG-LINE-PLT-010-01,2023-11-10,3,267.8,279.7,507.143,7.07,12.87,-51.49,13.44286781179985,-6.37286781179985
MFG-LINE-PLT-005-06,2024-11-28,2,73.7,75.0,130.337,27.43,48.0,-80.28,48.846675712347356,-21.416675712347356
MFG-LINE-PLT-009-01,2021-04-17,1,63.4,62.8,67.897,53.0,57.32,-27.44,56.782334384858046,-3.7823343848580464
MFG-LINE-PLT-005-04,2022-05-17,3,51.5,46.6,65.997,54.5,77.25,-45.27,69.90291262135922,-15.40291262135922
MFG-LINE-PLT-008-02,2022-03-29,2,36.9,38.7,52.354,68.61,93.02,-42.13,97.5609756097561,-28.9509756097561
MFG-LINE-PLT-009-02,2020-07-01,1,40.5,33.0,35.329,101.76,109.09,-16.06,88.88888888888889,12.87111111111112
MFG-LINE-PLT-010-04,2022-09-16,2,298.9,264.3,303.617,11.82,13.62,-34.58,12.04416192706591,-0.22416192706590898
MFG-LINE-PLT-004-01,2021-01-01,3,224.5,209.4,296.087,12.1,17.19,-42.62,16.035634743875278,-3.935634743875278
MFG-LINE-PLT-004-05,2020-05-14,2,156.1,151.3,174.048,20.55,23.79,-35.47,23.062139654067906,-2.512139654067905
MFG-LINE-PLT-005-03,2022-09-28,2,62.1,56.6,69.891,51.48,63.6,-30.85,57.971014492753625,-6.491014492753628
MFG-LINE-PLT-003-01,2024-03-16,3,21.2,20.5,23.451,153.37,175.61,-32.73,169.81132075471697,-16.44132075471697
MFG-LINE-PLT-004-07,2024-12-07,3,224.4,199.4,231.731,15.46,18.05,-30.0,16.0427807486631,-0.5827807486631009
MFG-LINE-PLT-006-02,2023-07-04,2,6.4,6.6,8.701,413.6,545.45,-26.6,562.5,-148.89999999999998
MFG-LINE-PLT-003-02,2023-11-01,3,42.0,36.5,44.671,80.44,98.63,-39.92,85.71428571428571,-5.2742857142857105
MFG-LINE-PLT-005-06,2024-11-13,2,73.7,75.0,103.973,34.59,48.0,-35.82,48.846675712347356,-14.256675712347352
MFG-LINE-PLT-010-02,2024-05-03,2,328.4,290.9,349.58,10.16,12.38,-22.58,10.962241169305726,-0.8022411693057254
MFG-LINE-PLT-004-03,2021-09-05,1,138.3,132.9,154.375,23.21,27.09,-29.17,26.030368763557483,-2.8203687635574823
MFG-LINE-PLT-007-01,2021-08-20,3,177.7,170.1,215.993,16.57,21.16,-35.26,20.258863252673045,-3.6888632526730447
MFG-LINE-PLT-002-01,2023-10-04,2,43.4,38.1,42.581,84.48,94.49,-35.88,82.94930875576037,1.5306912442396339
MFG-LINE-PLT-005-02,2022-07-13,1,53.5,47.5,53.878,66.79,75.79,-21.02,67.28971962616822,-0.49971962616821486
MFG-LINE-PLT-002-02,2023-10-04,1,14.0,12.8,16.284,221.01,281.25,-21.37,257.14285714285717,-36.132857142857176
MFG-LINE-PLT-005-02,2023-08-29,1,53.5,47.5,52.873,68.03,75.79,-18.71,67.28971962616822,0.74028037383178
MFG-LINE-PLT-009-02,2024-01-24,2,40.5,33.0,38.351,93.79,109.09,-25.2,88.88888888888889,4.9011111111111205
MFG-LINE-PLT-002-01,2022-02-04,1,43.4,38.1,39.367,91.31,94.49,-23.76,82.94930875576037,8.360691244239632
MFG-LINE-PLT-005-02,2021-03-16,3,53.5,47.5,53.937,66.72,75.79,-24.7,67.28971962616822,-0.5697196261682222
MFG-LINE-PLT-010-03,2021-02-25,1,34.2,34.8,44.001,81.69,103.45,-31.13,105.26315789473684,-23.573157894736838
MFG-LINE-PLT-004-03,2022-05-14,1,138.3,132.9,147.016,24.22,27.09,-62.07,26.030368763557483,-1.8103687635574843
MFG-LINE-PLT-009-01,2020-08-02,2,63.4,62.8,83.504,43.1,57.32,-30.54,56.782334384858046,-13.682334384858045
MFG-LINE-PLT-004-01,2021-02-12,2,224.5,209.4,251.855,14.28,17.19,-42.4,16.035634743875278,-1.7556347438752784
MFG-LINE-PLT-010-04,2022-05-01,1,298.9,264.3,277.599,12.86,13.62,-14.58,12.04416192706591,0.8158380729340902
MFG-LINE-PLT-004-03,2021-01-03,1,138.3,132.9,209.845,17.01,27.09,-49.76,26.030368763557483,-9.020368763557482
MFG-LINE-PLT-004-04,2023-12-01,3,354.2,289.7,522.948,6.82,12.43,-46.24,10.163749294184077,-3.343749294184077
MFG-LINE-PLT-002-03,2020-10-10,2,45.8,43.7,52.613,68.36,82.38,-47.55,78.60262008733625,-10.242620087336249
MFG-LINE-PLT-010-04,2020-07-25,3,298.9,264.3,333.788,10.69,13.62,-41.75,12.04416192706591,-1.3541619270659098
MFG-LINE-PLT-004-05,2021-12-01,2,156.1,151.3,202.345,17.74,23.79,-49.73,23.062139654067906,-5.322139654067907
MFG-LINE-PLT-004-05,2022-12-19,2,156.1,151.3,173.123,20.72,23.79,-32.0,23.062139654067906,-2.342139654067907
MFG-LINE-PLT-004-03,2023-05-15,1,138.3,132.9,212.49,16.9,27.09,-54.41,26.030368763557483,-9.130368763557485
MFG-LINE-PLT-004-02,2022-08-23,1,244.9,225.0,254.49,14.12,16.0,-19.67,14.699877501020824,-0.5798775010208246
MFG-LINE-PLT-001-01,2022-01-22,2,25.4,20.4,22.291,161.5,176.47,-10.93,141.73228346456693,19.767716535433067
MFG-LINE-PLT-006-02,2024-10-05,1,6.4,6.6,7.314,492.19,545.45,-17.09,562.5,-70.31
MFG-LINE-PLT-004-06,2020-12-06,1,126.5,112.6,118.858,30.23,31.97,-12.1,28.458498023715414,1.7715019762845863
MFG-LINE-PLT-003-05,2020-07-08,2,39.9,39.1,44.415,80.96,92.07,-32.22,90.22556390977444,-9.265563909774443
MFG-LINE-PLT-008-01,2023-08-26,1,138.1,113.9,182.063,19.74,31.61,-52.63,26.06806661839247,-6.328066618392473
MFG-LINE-PLT-004-07,2024-11-04,1,224.4,199.4,225.625,15.88,18.05,-28.17,16.0427807486631,-0.162780748663101
MFG-LINE-PLT-005-04,2023-04-29,3,51.5,46.6,64.855,55.44,77.25,-36.11,69.90291262135922,-14.462912621359223
MFG-LINE-PLT-003-02,2023-08-27,2,42.0,36.5,42.519,84.63,98.63,-25.28,85.71428571428571,-1.0842857142857127
MFG-LINE-PLT-002-03,2020-02-16,2,45.8,43.7,51.208,70.18,82.38,-29.98,78.60262008733625,-8.422620087336242
MFG-LINE-PLT-004-04,2020-03-27,1,354.2,289.7,305.983,11.61,12.43,-19.15,10.163749294184077,1.4462507058159222
MFG-LINE-PLT-008-01,2023-01-29,2,138.1,113.9,126.05,28.53,31.61,-13.71,26.06806661839247,2.4619333816075297
MFG-LINE-PLT-002-01,2021-12-29,2,43.4,38.1,65.502,54.87,94.49,-46.81,82.94930875576037,-28.079308755760373
MFG-LINE-PLT-005-02,2023-09-04,1,53.5,47.5,51.867,69.28,75.79,-8.52,67.28971962616822,1.99028037383178
MFG-LINE-PLT-010-04,2024-09-04,1,298.9,264.3,298.329,11.97,13.62,-16.16,12.04416192706591,-0.07416192706590863
MFG-LINE-PLT-001-02,2022-11-13,1,62.4,50.8,53.81,66.79,70.87,-29.55,57.69230769230769,9.097692307692313
MFG-LINE-PLT-006-01,2023-02-09,1,25.7,24.6,31.726,113.47,146.34,-42.03,140.07782101167317,-26.607821011673167
MFG-LINE-PLT-008-02,2024-09-24,1,36.9,38.7,43.462,82.68,93.02,-22.77,97.5609756097561,-14.880975609756092
MFG-LINE-PLT-008-02,2022-02-07,1,36.9,38.7,42.745,84.02,93.02,-39.64,97.5609756097561,-13.540975609756103
MFG-LINE-PLT-002-03,2024-08-12,1,45.8,43.7,44.731,80.41,82.38,-9.68,78.60262008733625,1.8073799126637482
MFG-LINE-PLT-004-04,2020-10-13,1,354.2,289.7,304.514,11.7,12.43,-31.96,10.163749294184077,1.536250705815922
MFG-LINE-PLT-008-01,2021-06-16,3,138.1,113.9,141.874,25.35,31.61,-39.75,26.06806661839247,-0.71806661839247
MFG-LINE-PLT-002-04,2022-03-01,3,16.2,14.1,17.645,203.92,255.32,-20.94,222.22222222222223,-18.30222222222224
MFG-LINE-PLT-003-04,2024-06-22,1,30.3,27.1,31.345,114.73,132.84,-23.63,118.8118811881188,-4.0818811881188
MFG-LINE-PLT-005-04,2023-06-15,2,51.5,46.6,62.96,57.11,77.25,-42.3,69.90291262135922,-12.792912621359221
MFG-LINE-PLT-004-06,2023-12-09,1,126.5,112.6,119.422,29.98,31.97,-28.74,28.458498023715414,1.5215019762845863
MFG-LINE-PLT-010-03,2021-03-02,2,34.2,34.8,41.397,86.9,103.45,-28.51,105.26315789473684,-18.36315789473683
MFG-LINE-PLT-003-01,2023-12-13,1,21.2,20.5,21.98,163.73,175.61,-36.51,169.81132075471697,-6.081320754716984
MFG-LINE-PLT-003-02,2021-10-19,1,42.0,36.5,36.78,97.84,98.63,-16.94,85.71428571428571,12.125714285714295
MFG-LINE-PLT-004-01,2021-09-11,3,224.5,209.4,263.792,13.54,17.19,-36.15,16.035634743875278,-2.4956347438752786
MFG-LINE-PLT-010-04,2022-07-05,3,298.9,264.3,327.899,10.96,13.62,-31.78,12.04416192706591,-1.0841619270659084
MFG-LINE-PLT-003-05,2023-11-23,3,39.9,39.1,53.361,67.39,92.07,-35.1,90.22556390977444,-22.835563909774436
MFG-LINE-PLT-008-01,2023-08-08,3,138.1,113.9,137.887,26.02,31.61,-24.89,26.06806661839247,-0.04806661839247184
MFG-LINE-PLT-009-02,2021-08-31,1,40.5,33.0,36.928,97.36,109.09,-23.41,88.88888888888889,8.471111111111114
MFG-LINE-PLT-002-03,2023-02-02,3,45.8,43.7,50.121,71.79,82.38,-28.86,78.60262008733625,-6.812620087336242
MFG-LINE-PLT-007-01,2023-08-28,2,177.7,170.1,187.806,19.02,21.16,-27.71,20.258863252673045,-1.2388632526730454
MFG-LINE-PLT-010-03,2022-08-11,2,34.2,34.8,42.644,84.38,103.45,-28.64,105.26315789473684,-20.88315789473684
MFG-LINE-PLT-003-01,2020-09-23,3,21.2,20.5,26.013,138.37,175.61,-36.04,169.81132075471697,-31.44132075471697
MFG-LINE-PLT-004-06,2021-02-24,2,126.5,112.6,131.697,27.22,31.97,-28.76,28.458498023715414,-1.2384980237154153
MFG-LINE-PLT-010-04,2021-02-09,1,298.9,264.3,273.977,13.07,13.62,-14.42,12.04416192706591,1.025838072934091
MFG-LINE-PLT-005-06,2020-12-21,1,73.7,75.0,84.979,42.27,48.0,-29.33,48.846675712347356,-6.5766757123473525
MFG-LINE-PLT-005-01,2023-08-26,3,33.7,34.4,48.568,74.11,104.65,-31.67,106.82492581602374,-32.71492581602374
MFG-LINE-PLT-004-04,2021-03-08,3,354.2,289.7,341.809,10.48,12.43,-25.27,10.163749294184077,0.3162507058159232
MFG-LINE-PLT-004-04,2022-01-07,1,354.2,289.7,336.768,10.62,12.43,-23.16,10.163749294184077,0.456250705815922
MFG-LINE-PLT-009-02,2024-09-29,1,40.5,33.0,37.228,96.66,109.09,-25.12,88.88888888888889,7.771111111111111
MFG-LINE-PLT-009-02,2020-06-29,3,40.5,33.0,45.391,79.12,109.09,-54.18,88.88888888888889,-9.768888888888881
MFG-LINE-PLT-006-02,2022-06-07,3,6.4,6.6,9.117,394.8,545.45,-37.45,562.5,-167.7
MFG-LINE-PLT-004-02,2024-08-06,3,244.9,225.0,283.791,12.59,16.0,-30.58,14.699877501020824,-2.109877501020824
MFG-LINE-PLT-005-03,2023-05-14,1,62.1,56.6,92.796,38.65,63.6,-56.29,57.971014492753625,-19.321014492753626
MFG-LINE-PLT-003-03,2021-05-07,2,11.0,9.6,11.451,314.35,375.0,-33.37,327.27272727272725,-12.92272727272723
MFG-LINE-PLT-005-02,2024-03-29,1,53.5,47.5,49.981,72.0,75.79,-4.81,67.28971962616822,4.710280373831779
MFG-LINE-PLT-005-06,2022-01-26,1,73.7,75.0,84.76,42.42,48.0,-32.55,48.846675712347356,-6.426675712347354
MFG-LINE-PLT-005-02,2020-11-27,1,53.5,47.5,58.608,61.38,75.79,-30.94,67.28971962616822,-5.9097196261682186
MFG-LINE-PLT-004-02,2023-06-19,2,244.9,225.0,388.875,9.21,16.0,-53.27,14.699877501020824,-5.489877501020823
MFG-LINE-PLT-005-06,2021-01-24,2,73.7,75.0,103.055,34.73,48.0,-61.96,48.846675712347356,-14.116675712347359
MFG-LINE-PLT-003-05,2023-02-17,1,39.9,39.1,43.153,83.37,92.07,-23.52,90.22556390977444,-6.855563909774432
MFG-LINE-PLT-006-01,2024-01-16,1,25.7,24.6,26.336,133.34,146.34,-96.94,140.07782101167317,-6.737821011673162
MFG-LINE-PLT-009-01,2021-04-26,2,63.4,62.8,68.393,52.59,57.32,-22.27,56.782334384858046,-4.192334384858043
MFG-LINE-PLT-004-05,2023-03-12,2,156.1,151.3,258.562,13.83,23.79,-56.74,23.062139654067906,-9.232139654067906
MFG-LINE-PLT-006-02,2024-03-19,1,6.4,6.6,6.925,519.78,545.45,-34.24,562.5,-42.72000000000003
MFG-LINE-PLT-005-06,2024-06-24,3,73.7,75.0,87.119,41.32,48.0,-37.4,48.846675712347356,-7.526675712347355
MFG-LINE-PLT-008-01,2024-07-20,1,138.1,113.9,120.193,29.9,31.61,-11.2,26.06806661839247,3.831933381607527
MFG-LINE-PLT-010-04,2021-12-27,1,298.9,264.3,273.485,13.1,13.62,-2.91,12.04416192706591,1.0558380729340904
MFG-LINE-PLT-007-02,2024-02-02,2,238.3,231.6,254.807,14.12,15.54,-31.58,15.107007973143096,-0.987007973143097
MFG-LINE-PLT-002-04,2020-03-24,1,16.2,14.1,14.406,249.79,255.32,-16.96,222.22222222222223,27.567777777777764
MFG-LINE-PLT-008-01,2024-10-02,1,138.1,113.9,120.041,29.95,31.61,-32.88,26.06806661839247,3.881933381607528
MFG-LINE-PLT-004-03,2020-02-23,1,138.3,132.9,138.782,25.78,27.09,-27.57,26.030368763557483,-0.25036876355748205
MFG-LINE-PLT-005-04,2021-09-19,1,51.5,46.6,58.5,61.51,77.25,-29.25,69.90291262135922,-8.392912621359223
MFG-LINE-PLT-005-02,2021-01-30,1,53.5,47.5,60.075,59.79,75.79,-30.36,67.28971962616822,-7.499719626168222
MFG-LINE-PLT-003-05,2021-11-27,3,39.9,39.1,47.698,75.42,92.07,-22.04,90.22556390977444,-14.805563909774435
MFG-LINE-PLT-009-01,2022-10-30,2,63.4,62.8,70.605,50.84,57.32,-44.44,56.782334384858046,-5.942334384858043
MFG-LINE-PLT-003-01,2020-07-21,3,21.2,20.5,29.328,122.63,175.61,-57.96,169.81132075471697,-47.18132075471698
MFG-LINE-PLT-003-01,2023-10-26,2,21.2,20.5,23.067,155.96,175.61,-39.62,169.81132075471697,-13.851320754716966
MFG-LINE-PLT-008-02,2020-12-03,1,36.9,38.7,61.391,58.55,93.02,-40.5,97.5609756097561,-39.0109756097561
MFG-LINE-PLT-009-01,2024-04-03,2,63.4,62.8,77.172,46.52,57.32,-46.39,56.782334384858046,-10.262334384858043
MFG-LINE-PLT-001-02,2024-01-03,1,62.4,50.8,64.683,55.63,70.87,-31.06,57.69230769230769,-2.062307692307691
MFG-LINE-PLT-008-01,2023-10-15,1,138.1,113.9,146.997,24.46,31.61,-30.0,26.06806661839247,-1.6080666183924706
MFG-LINE-PLT-010-01,2020-07-02,1,267.8,279.7,313.112,11.42,12.87,-36.73,13.44286781179985,-2.02286781179985
MFG-LINE-PLT-003-03,2020-06-22,1,11.0,9.6,10.743,335.06,375.0,-39.82,327.27272727272725,7.78727272727275
MFG-LINE-PLT-008-02,2023-06-02,1,36.9,38.7,43.553,82.58,93.02,-18.12,97.5609756097561,-14.9809756097561
MFG-LINE-PLT-003-02,2020-10-11,2,42.0,36.5,44.564,80.74,98.63,-29.23,85.71428571428571,-4.974285714285713
MFG-LINE-PLT-009-01,2021-11-08,2,63.4,62.8,85.801,41.92,57.32,-38.13,56.782334384858046,-14.862334384858045
MFG-LINE-PLT-010-03,2021-05-22,2,34.2,34.8,38.91,92.5,103.45,-16.69,105.26315789473684,-12.763157894736835
MFG-LINE-PLT-003-03,2024-10-22,1,11.0,9.6,9.703,370.94,375.0,-18.64,327.27272727272725,43.667272727272746
MFG-LINE-PLT-004-04,2024-01-17,2,354.2,289.7,387.0,9.21,12.43,-38.37,10.163749294184077,-0.9537492941840764
MFG-LINE-PLT-004-05,2022-07-13,3,156.1,151.3,170.882,20.82,23.79,-59.09,23.062139654067906,-2.2421396540679055
MFG-LINE-PLT-010-03,2023-10-03,1,34.2,34.8,44.606,80.57,103.45,-52.11,105.26315789473684,-24.693157894736842
MFG-LINE-PLT-004-05,2020-11-30,1,156.1,151.3,158.291,22.63,23.79,-8.02,23.062139654067906,-0.4321396540679068
MFG-LINE-PLT-007-02,2022-11-10,3,238.3,231.6,268.513,13.28,15.54,-20.91,15.107007973143096,-1.8270079731430968
MFG-LINE-PLT-002-04,2022-10-29,2,16.2,14.1,16.886,213.08,255.32,-39.73,222.22222222222223,-9.142222222222216
MFG-LINE-PLT-004-06,2021-12-20,2,126.5,112.6,151.911,23.64,31.97,-35.84,28.458498023715414,-4.818498023715414
MFG-LINE-PLT-002-02,2024-04-02,1,14.0,12.8,16.387,219.62,281.25,-37.99,257.14285714285717,-37.52285714285716
MFG-LINE-PLT-005-03,2021-10-30,2,62.1,56.6,62.592,57.36,63.6,-38.82,57.971014492753625,-0.6110144927536254
MFG-LINE-PLT-008-01,2020-06-16,1,138.1,113.9,154.943,23.04,31.61,-72.2,26.06806661839247,-3.0280666183924723
MFG-LINE-PLT-005-03,2020-04-05,1,62.1,56.6,74.622,48.12,63.6,-44.36,57.971014492753625,-9.851014492753627
MFG-LINE-PLT-005-06,2021-08-13,1,73.7,75.0,85.238,41.81,48.0,-78.69,48.846675712347356,-7.036675712347353
MFG-LINE-PLT-010-04,2024-11-16,1,298.9,264.3,300.256,11.86,13.62,-27.08,12.04416192706591,-0.18416192706590984
MFG-LINE-PLT-004-04,2021-04-03,1,354.2,289.7,359.929,9.93,12.43,-46.24,10.163749294184077,-0.23374929418407753
MFG-LINE-PLT-002-02,2022-09-12,1,14.0,12.8,14.448,249.09,281.25,-36.7,257.14285714285717,-8.052857142857164
MFG-LINE-PLT-002-04,2022-09-04,1,16.2,14.1,14.922,241.18,255.32,-23.12,222.22222222222223,18.95777777777778
MFG-LINE-PLT-005-04,2021-12-27,2,51.5,46.6,63.096,56.93,77.25,-35.68,69.90291262135922,-12.972912621359221
MFG-LINE-PLT-009-02,2022-01-21,2,40.5,33.0,39.247,91.72,109.09,-38.01,88.88888888888889,2.831111111111113
MFG-LINE-PLT-004-03,2022-06-23,1,138.3,132.9,149.476,23.95,27.09,-57.84,26.030368763557483,-2.080368763557484
MFG-LINE-PLT-005-05,2023-10-20,2,59.9,61.0,80.207,44.75,59.02,-33.48,60.10016694490818,-15.350166944908182
MFG-LINE-PLT-004-06,2020-03-17,2,126.5,112.6,149.338,24.06,31.97,-43.59,28.458498023715414,-4.398498023715415
MFG-LINE-PLT-005-02,2020-06-17,2,53.5,47.5,65.51,54.82,75.79,-36.36,67.28971962616822,-12.46971962616822
MFG-LINE-PLT-010-04,2020-12-11,3,298.9,264.3,372.897,9.65,13.62,-43.14,12.04416192706591,-2.394161927065909
MFG-LINE-PLT-010-01,2023-12-04,3,267.8,279.7,395.975,8.94,12.87,-46.88,13.44286781179985,-4.502867811799851
MFG-LINE-PLT-003-03,2023-01-01,2,11.0,9.6,11.252,319.78,375.0,-43.41,327.27272727272725,-7.492727272727279
MFG-LINE-PLT-002-04,2020-02-15,1,16.2,14.1,18.089,198.94,255.32,-32.07,222.22222222222223,-23.28222222222223
MFG-LINE-PLT-002-02,2020-09-19,1,14.0,12.8,20.76,173.41,281.25,-43.37,257.14285714285717,-83.73285714285717
MFG-LINE-PLT-003-02,2022-12-31,3,42.0,36.5,47.207,76.17,98.63,-37.47,85.71428571428571,-9.544285714285706
MFG-LINE-PLT-004-04,2022-10-19,2,354.2,289.7,392.168,9.08,12.43,-43.3,10.163749294184077,-1.0837492941840772
MFG-LINE-PLT-002-04,2024-08-08,2,16.2,14.1,15.388,233.88,255.32,-22.51,222.22222222222223,11.657777777777767
MFG-LINE-PLT-009-01,2021-07-30,1,63.4,62.8,73.558,48.84,57.32,-23.63,56.782334384858046,-7.942334384858043
MFG-LINE-PLT-005-01,2024-07-03,2,33.7,34.4,45.991,78.06,104.65,-55.35,106.82492581602374,-28.764925816023734
MFG-LINE-PLT-005-05,2021-06-25,1,59.9,61.0,68.032,52.79,59.02,-31.98,60.10016694490818,-7.3101669449081825
MFG-LINE-PLT-001-01,2024-06-05,3,25.4,20.4,27.95,128.78,176.47,-58.24,141.73228346456693,-12.952283464566932
MFG-LINE-PLT-007-01,2020-06-27,2,177.7,170.1,234.765,15.27,21.16,-57.89,20.258863252673045,-4.988863252673045
MFG-LINE-PLT-004-01,2022-07-25,1,224.5,209.4,244.672,14.52,17.19,-46.21,16.035634743875278,-1.5156347438752782
MFG-LINE-PLT-010-01,2021-04-02,1,267.8,279.7,286.57,12.46,12.87,-15.96,13.44286781179985,-0.9828678117998493
MFG-LINE-PLT-005-04,2021-06-05,1,51.5,46.6,49.541,72.54,77.25,-16.42,69.90291262135922,2.6370873786407856
MFG-LINE-PLT-005-05,2024-12-17,2,59.9,61.0,71.036,50.67,59.02,-35.57,60.10016694490818,-9.43016694490818
MFG-LINE-PLT-010-01,2024-06-16,3,267.8,279.7,315.243,11.38,12.87,-28.57,13.44286781179985,-2.0628678117998493
MFG-LINE-PLT-004-02,2022-06-13,3,244.9,225.0,270.495,13.25,16.0,-24.11,14.699877501020824,-1.4498775010208238
MFG-LINE-PLT-004-06,2023-07-17,3,126.5,112.6,160.772,22.26,31.97,-56.71,28.458498023715414,-6.198498023715413
MFG-LINE-PLT-001-02,2022-03-14,1,62.4,50.8,59.889,59.98,70.87,-46.8,57.69230769230769,2.2876923076923035
MFG-LINE-PLT-009-01,2021-04-26,2,63.4,62.8,85.028,42.21,57.32,-47.37,56.782334384858046,-14.572334384858046
MFG-LINE-PLT-007-02,2022-04-09,1,238.3,231.6,247.716,14.39,15.54,-36.13,15.107007973143096,-0.7170079731430956
MFG-LINE-PLT-004-06,2024-05-17,1,126.5,112.6,142.452,25.09,31.97,-46.55,28.458498023715414,-3.3684980237154143
MFG-LINE-PLT-005-01,2023-12-23,1,33.7,34.4,38.825,92.71,104.65,-20.63,106.82492581602374,-14.114925816023742
MFG-LINE-PLT-003-05,2022-11-23,3,39.9,39.1,52.696,68.28,92.07,-36.21,90.22556390977444,-21.945563909774435
MFG-LINE-PLT-003-05,2023-04-11,1,39.9,39.1,50.266,71.48,92.07,-30.58,90.22556390977444,-18.745563909774432
MFG-LINE-PLT-002-04,2022-08-08,2,16.2,14.1,15.352,234.45,255.32,-19.26,222.22222222222223,12.22777777777776
MFG-LINE-PLT-005-03,2023-09-08,3,62.1,56.6,67.591,53.11,63.6,-35.61,57.971014492753625,-4.861014492753625
MFG-LINE-PLT-001-02,2020-03-21,3,62.4,50.8,69.919,51.39,70.87,-35.74,57.69230769230769,-6.302307692307693
MFG-LINE-PLT-003-01,2022-05-09,2,21.2,20.5,35.583,101.04,175.61,-71.94,169.81132075471697,-68.77132075471697
MFG-LINE-PLT-010-03,2020-04-18,3,34.2,34.8,48.813,73.67,103.45,-34.84,105.26315789473684,-31.593157894736834
MFG-LINE-PLT-005-04,2022-08-11,2,51.5,46.6,64.36,55.93,77.25,-45.1,69.90291262135922,-13.972912621359221
MFG-LINE-PLT-009-02,2020-07-17,3,40.5,33.0,40.569,88.72,109.09,-29.54,88.88888888888889,-0.16888888888888687
MFG-LINE-PLT-005-01,2024-10-08,1,33.7,34.4,38.992,92.32,104.65,-16.02,106.82492581602374,-14.504925816023743
MFG-LINE-PLT-003-05,2023-06-29,2,39.9,39.1,42.545,84.48,92.07,-33.2,90.22556390977444,-5.745563909774432
MFG-LINE-PLT-002-01,2020-04-04,3,43.4,38.1,69.643,51.63,94.49,-59.47,82.94930875576037,-31.319308755760368
MFG-LINE-PLT-003-02,2024-05-17,3,42.0,36.5,45.285,79.43,98.63,-40.33,85.71428571428571,-6.284285714285701
MFG-LINE-PLT-007-01,2021-11-05,1,177.7,170.1,179.972,19.86,21.16,-7.43,20.258863252673045,-0.39886325267304557
MFG-LINE-PLT-010-03,2020-03-18,2,34.2,34.8,41.894,85.91,103.45,-23.39,105.26315789473684,-19.35315789473684
MFG-LINE-PLT-004-05,2024-06-29,3,156.1,151.3,190.325,18.85,23.79,-23.78,23.062139654067906,-4.212139654067904
MFG-LINE-PLT-004-04,2024-07-31,1,354.2,289.7,371.601,9.57,12.43,-40.22,10.163749294184077,-0.593749294184077
MFG-LINE-PLT-010-01,2022-03-02,1,267.8,279.7,321.233,11.1,12.87,-47.42,13.44286781179985,-2.3428678117998505
MFG-LINE-PLT-004-06,2021-08-31,3,126.5,112.6,160.334,22.33,31.97,-43.95,28.458498023715414,-6.128498023715416
MFG-LINE-PLT-002-01,2022-07-10,1,43.4,38.1,41.104,87.43,94.49,-27.26,82.94930875576037,4.480691244239637
MFG-LINE-PLT-006-01,2020-05-08,1,25.7,24.6,26.283,136.95,146.34,-16.55,140.07782101167317,-3.127821011673177
MFG-LINE-PLT-003-04,2024-11-01,1,30.3,27.1,30.353,118.44,132.84,-33.77,118.8118811881188,-0.371881188118806
MFG-LINE-PLT-005-01,2022-09-23,1,33.7,34.4,43.163,83.26,104.65,-34.41,106.82492581602374,-23.56492581602373
MFG-LINE-PLT-005-01,2021-10-22,1,33.7,34.4,44.136,81.37,104.65,-56.37,106.82492581602374,-25.45492581602373
MFG-LINE-PLT-003-02,2021-10-12,2,42.0,36.5,49.385,72.89,98.63,-36.06,85.71428571428571,-12.824285714285708
MFG-LINE-PLT-004-05,2022-01-29,2,156.1,151.3,202.961,17.67,23.79,-38.33,23.062139654067906,-5.392139654067904
MFG-LINE-PLT-005-03,2021-02-07,3,62.1,56.6,105.951,33.91,63.6,-54.75,57.971014492753625,-24.06101449275363
MFG-LINE-PLT-004-07,2022-01-12,3,224.4,199.4,273.25,13.03,18.05,-42.96,16.0427807486631,-3.0127807486631024
MFG-LINE-PLT-002-02,2022-12-12,1,14.0,12.8,14.168,254.06,281.25,-13.32,257.14285714285717,-3.082857142857165
MFG-LINE-PLT-002-02,2021-05-20,2,14.0,12.8,15.049,239.09,281.25,-28.72,257.14285714285717,-18.052857142857164
MFG-LINE-PLT-005-02,2020-10-24,1,53.5,47.5,48.288,74.41,75.79,-6.03,67.28971962616822,7.1202803738317755
MFG-LINE-PLT-001-02,2020-06-15,1,62.4,50.8,53.43,67.36,70.87,-14.4,57.69230769230769,9.667692307692306
MFG-LINE-PLT-002-03,2022-12-29,2,45.8,43.7,56.983,63.08,82.38,-26.21,78.60262008733625,-15.52262008733625
MFG-LINE-PLT-003-02,2020-09-25,2,42.0,36.5,43.5,82.63,98.63,-27.16,85.71428571428571,-3.0842857142857127
MFG-LINE-PLT-004-01,2023-08-25,2,224.5,209.4,228.8,15.6,17.19,-35.71,16.035634743875278,-0.4356347438752781
MFG-LINE-PLT-004-06,2023-02-28,1,126.5,112.6,126.251,28.51,31.97,-15.92,28.458498023715414,0.051501976284587414
MFG-LINE-PLT-003-05,2020-03-02,3,39.9,39.1,49.037,73.37,92.07,-24.77,90.22556390977444,-16.855563909774432
MFG-LINE-PLT-005-01,2020-01-08,3,33.7,34.4,41.841,86.03,104.65,-32.16,106.82492581602374,-20.794925816023735
MFG-LINE-PLT-003-03,2020-04-19,1,11.0,9.6,10.03,358.85,375.0,-42.52,327.27272727272725,31.57727272727277
MFG-LINE-PLT-004-03,2022-11-07,1,138.3,132.9,172.557,20.8,27.09,-27.1,26.030368763557483,-5.2303687635574825
MFG-LINE-PLT-004-03,2022-09-21,3,138.3,132.9,183.987,19.31,27.09,-61.38,26.030368763557483,-6.7203687635574845
MFG-LINE-PLT-004-07,2020-02-25,2,224.4,199.4,218.019,16.4,18.05,-40.77,16.0427807486631,0.3572192513368968
MFG-LINE-PLT-005-03,2022-11-23,3,62.1,56.6,72.599,49.48,63.6,-29.07,57.971014492753625,-8.491014492753628
MFG-LINE-PLT-003-04,2022-07-04,1,30.3,27.1,27.844,129.28,132.84,-17.13,118.8118811881188,10.468118811881197
MFG-LINE-PLT-010-04,2020-01-08,1,298.9,264.3,289.348,12.41,13.62,-16.04,12.04416192706591,0.3658380729340909
MFG-LINE-PLT-002-04,2022-03-22,1,16.2,14.1,17.999,199.98,255.32,-23.24,222.22222222222223,-22.24222222222224
MFG-LINE-PLT-004-07,2020-05-23,2,224.4,199.4,342.849,10.44,18.05,-64.49,16.0427807486631,-5.602780748663102
MFG-LINE-PLT-005-03,2023-07-01,3,62.1,56.6,81.155,44.3,63.6,-32.91,57.971014492753625,-13.671014492753628
MFG-LINE-PLT-005-06,2022-10-21,3,73.7,75.0,95.953,37.41,48.0,-36.46,48.846675712347356,-11.436675712347359
MFG-LINE-PLT-002-04,2024-01-11,1,16.2,14.1,16.183,222.31,255.32,-31.93,222.22222222222223,0.08777777777777374
MFG-LINE-PLT-002-02,2023-02-03,1,14.0,12.8,13.477,267.09,281.25,-44.0,257.14285714285717,9.947142857142808
MFG-LINE-PLT-003-02,2021-07-16,3,42.0,36.5,43.131,83.42,98.63,-35.9,85.71428571428571,-2.2942857142857065
MFG-LINE-PLT-010-01,2023-10-26,2,267.8,279.7,330.735,10.88,12.87,-24.51,13.44286781179985,-2.5628678117998493
MFG-LINE-PLT-003-01,2023-06-02,1,21.2,20.5,23.643,152.22,175.61,-33.31,169.81132075471697,-17.591320754716975
MFG-LINE-PLT-010-01,2021-05-09,1,267.8,279.7,295.847,12.12,12.87,-12.77,13.44286781179985,-1.322867811799851
MFG-LINE-PLT-004-03,2021-10-16,2,138.3,132.9,177.062,20.29,27.09,-32.46,26.030368763557483,-5.740368763557484
MFG-LINE-PLT-008-02,2021-11-25,2,36.9,38.7,50.687,70.88,93.02,-26.89,97.5609756097561,-26.680975609756103
MFG-LINE-PLT-004-06,2022-05-17,1,126.5,112.6,118.551,30.33,31.97,-13.72,28.458498023715414,1.8715019762845841
MFG-LINE-PLT-010-01,2023-05-25,3,267.8,279.7,350.733,10.18,12.87,-28.26,13.44286781179985,-3.2628678117998504
MFG-LINE-PLT-010-01,2020-05-23,1,267.8,279.7,312.472,11.51,12.87,-24.49,13.44286781179985,-1.9328678117998503
MFG-LINE-PLT-004-02,2023-12-21,3,244.9,225.0,261.226,13.73,16.0,-27.64,14.699877501020824,-0.9698775010208234
MFG-LINE-PLT-008-01,2020-07-18,3,138.1,113.9,155.467,23.15,31.61,-33.89,26.06806661839247,-2.918066618392473
MFG-LINE-PLT-005-01,2023-07-21,2,33.7,34.4,41.661,86.32,104.65,-25.36,106.82492581602374,-20.504925816023743
MFG-LINE-PLT-008-02,2021-06-10,2,36.9,38.7,51.137,70.38,93.02,-31.56,97.5609756097561,-27.180975609756103
MFG-LINE-PLT-005-03,2022-10-11,1,62.1,56.6,60.193,59.7,63.6,-18.97,57.971014492753625,1.728985507246378
MFG-LINE-PLT-005-01,2023-12-20,2,33.7,34.4,40.952,87.86,104.65,-18.17,106.82492581602374,-18.964925816023737
MFG-LINE-PLT-010-04,2021-09-24,1,298.9,264.3,432.212,8.25,13.62,-39.8,12.04416192706591,-3.7941619270659093
MFG-LINE-PLT-008-01,2020-10-22,2,138.1,113.9,151.657,23.72,31.61,-32.9,26.06806661839247,-2.3480666183924725
MFG-LINE-PLT-001-01,2024-06-24,2,25.4,20.4,24.806,145.11,176.47,-17.71,141.73228346456693,3.3777165354330805
MFG-LINE-PLT-008-02,2024-07-15,1,36.9,38.7,41.882,85.83,93.02,-32.24,97.5609756097561,-11.7309756097561
MFG-LINE-PLT-004-01,2021-04-23,1,224.5,209.4,269.685,13.31,17.19,-37.7,16.035634743875278,-2.7256347438752773
MFG-LINE-PLT-004-07,2024-12-24,2,224.4,199.4,242.461,14.83,18.05,-26.32,16.0427807486631,-1.2127807486631017
MFG-LINE-PLT-010-02,2022-08-15,2,328.4,290.9,342.434,10.41,12.38,-39.77,10.962241169305726,-0.5522411693057254
MFG-LINE-PLT-002-04,2024-05-22,2,16.2,14.1,15.723,228.88,255.32,-43.16,222.22222222222223,6.657777777777767
MFG-LINE-PLT-008-01,2024-09-29,1,138.1,113.9,143.276,25.11,31.61,-38.93,26.06806661839247,-0.958066618392472
MFG-LINE-PLT-005-03,2020-05-31,3,62.1,56.6,81.808,43.99,63.6,-56.69,57.971014492753625,-13.981014492753623
MFG-LINE-PLT-003-02,2020-06-07,1,42.0,36.5,60.728,59.19,98.63,-44.93,85.71428571428571,-26.52428571428571
MFG-LINE-PLT-010-04,2020-02-06,3,298.9,264.3,372.611,9.6,13.62,-49.07,12.04416192706591,-2.4441619270659096
MFG-LINE-PLT-006-02,2021-06-13,2,6.4,6.6,7.17,501.99,545.45,-34.35,562.5,-60.50999999999999
MFG-LINE-PLT-001-01,2021-04-26,1,25.4,20.4,23.199,155.11,176.47,-55.23,141.73228346456693,13.37771653543308
MFG-LINE-PLT-002-04,2022-02-21,1,16.2,14.1,17.978,200.19,255.32,-35.45,222.22222222222223,-22.03222222222223
MFG-LINE-PLT-004-03,2023-09-06,3,138.3,132.9,167.73,21.41,27.09,-41.75,26.030368763557483,-4.620368763557483
MFG-LINE-PLT-006-02,2020-09-05,2,6.4,6.6,7.327,491.18,545.45,-29.77,562.5,-71.32
MFG-LINE-PLT-004-02,2023-11-10,2,244.9,225.0,265.29,13.45,16.0,-42.24,14.699877501020824,-1.2498775010208245
MFG-LINE-PLT-003-05,2024-11-03,1,39.9,39.1,40.048,89.78,92.07,-18.31,90.22556390977444,-0.4455639097744353
MFG-LINE-PLT-002-01,2021-05-08,3,43.4,38.1,69.239,51.93,94.49,-69.75,82.94930875576037,-31.01930875576037
MFG-LINE-PLT-004-04,2022-02-13,2,354.2,289.7,332.49,10.79,12.43,-22.99,10.163749294184077,0.6262507058159219
MFG-LINE-PLT-007-02,2024-02-05,2,238.3,231.6,282.367,12.69,15.54,-23.97,15.107007973143096,-2.4170079731430967
MFG-LINE-PLT-007-02,2020-08-18,1,238.3,231.6,296.075,12.02,15.54,-38.33,15.107007973143096,-3.0870079731430966
MFG-LINE-PLT-008-01,2023-08-08,3,138.1,113.9,129.492,27.78,31.61,-40.16,26.06806661839247,1.7119333816075297
MFG-LINE-PLT-005-04,2020-04-15,1,51.5,46.6,76.535,47.02,77.25,-61.8,69.90291262135922,-22.882912621359218
MFG-LINE-PLT-008-02,2024-09-03,2,36.9,38.7,45.016,79.97,93.02,-24.53,97.5609756097561,-17.5909756097561
MFG-LINE-PLT-003-05,2023-05-03,1,39.9,39.1,62.345,57.66,92.07,-50.29,90.22556390977444,-32.56556390977444
MFG-LINE-PLT-010-02,2024-12-29,2,328.4,290.9,330.109,10.9,12.38,-19.35,10.962241169305726,-0.06224116930572521
MFG-LINE-PLT-004-01,2024-11-24,3,224.5,209.4,267.105,13.47,17.19,-52.24,16.035634743875278,-2.565634743875277
MFG-LINE-PLT-004-07,2021-09-13,1,224.4,199.4,223.175,16.06,18.05,-60.42,16.0427807486631,0.017219251336896946
MFG-LINE-PLT-010-02,2020-04-27,3,328.4,290.9,377.845,9.35,12.38,-43.62,10.962241169305726,-1.612241169305726
MFG-LINE-PLT-001-01,2024-06-01,1,25.4,20.4,23.642,152.17,176.47,-25.16,141.73228346456693,10.437716535433054
MFG-LINE-PLT-004-03,2021-10-25,1,138.3,132.9,137.287,26.03,27.09,-36.27,26.030368763557483,-0.0003687635574820547
MFG-LINE-PLT-002-04,2024-07-02,2,16.2,14.1,15.735,228.66,255.32,-25.99,222.22222222222223,6.437777777777768
MFG-LINE-PLT-003-02,2023-09-11,3,42.0,36.5,50.423,71.38,98.63,-30.57,85.71428571428571,-14.334285714285713
MFG-LINE-PLT-004-05,2024-05-20,2,156.1,151.3,200.752,17.84,23.79,-41.32,23.062139654067906,-5.222139654067906
MFG-LINE-PLT-007-02,2023-06-13,3,238.3,231.6,320.88,11.08,15.54,-36.94,15.107007973143096,-4.027007973143096
MFG-LINE-PLT-004-01,2024-05-27,1,224.5,209.4,244.954,14.58,17.19,-46.46,16.035634743875278,-1.4556347438752777
MFG-LINE-PLT-006-01,2024-05-17,1,25.7,24.6,25.465,141.36,146.34,-22.82,140.07782101167317,1.282178988326848
MFG-LINE-PLT-010-04,2024-12-12,3,298.9,264.3,322.47,11.04,13.62,-29.81,12.04416192706591,-1.0041619270659101
MFG-LINE-PLT-004-06,2020-06-21,1,126.5,112.6,120.969,29.67,31.97,-16.94,28.458498023715414,1.2115019762845876
MFG-LINE-PLT-005-04,2023-10-08,2,51.5,46.6,64.744,55.44,77.25,-42.86,69.90291262135922,-14.462912621359223
MFG-LINE-PLT-003-04,2024-09-05,2,30.3,27.1,28.677,125.46,132.84,-13.44,118.8118811881188,6.64811881188119
MFG-LINE-PLT-009-02,2023-06-30,1,40.5,33.0,33.907,106.09,109.09,-16.2,88.88888888888889,17.201111111111118
MFG-LINE-PLT-007-01,2020-12-17,2,177.7,170.1,233.159,15.32,21.16,-46.15,20.258863252673045,-4.938863252673045
MFG-LINE-PLT-004-02,2022-03-25,2,244.9,225.0,383.675,9.26,16.0,-48.41,14.699877501020824,-5.439877501020824
MFG-LINE-PLT-005-02,2020-06-07,1,53.5,47.5,52.2,68.96,75.79,-14.5,67.28971962616822,1.6702803738317726
MFG-LINE-PLT-007-01,2024-11-15,1,177.7,170.1,177.808,20.19,21.16,-15.06,20.258863252673045,-0.06886325267304372
MFG-LINE-PLT-003-01,2023-08-04,2,21.2,20.5,22.956,156.8,175.61,-18.78,169.81132075471697,-13.011320754716962
MFG-LINE-PLT-009-02,2020-04-16,2,40.5,33.0,35.855,100.31,109.09,-18.17,88.88888888888889,11.421111111111117
MFG-LINE-PLT-009-02,2022-05-02,1,40.5,33.0,38.138,94.24,109.09,-47.9,88.88888888888889,5.351111111111109
MFG-LINE-PLT-003-02,2023-01-02,1,42.0,36.5,46.525,77.34,98.63,-39.97,85.71428571428571,-8.374285714285705
MFG-LINE-PLT-001-01,2020-02-13,1,25.4,20.4,22.995,156.42,176.47,-42.69,141.73228346456693,14.687716535433054
MFG-LINE-PLT-005-06,2021-05-17,1,73.7,75.0,79.6,45.18,48.0,-35.61,48.846675712347356,-3.666675712347356
MFG-LINE-PLT-009-02,2020-03-14,2,40.5,33.0,38.169,94.19,109.09,-27.84,88.88888888888889,5.301111111111112
MFG-LINE-PLT-003-04,2022-05-06,3,30.3,27.1,37.876,94.99,132.84,-34.8,118.8118811881188,-23.82188118811881
MFG-LINE-PLT-003-03,2024-06-10,1,11.0,9.6,11.081,324.83,375.0,-27.48,327.27272727272725,-2.442727272727268
MFG-LINE-PLT-007-01,2024-03-05,3,177.7,170.1,210.805,16.96,21.16,-25.0,20.258863252673045,-3.298863252673044
MFG-LINE-PLT-004-02,2021-01-27,1,244.9,225.0,242.239,14.83,16.0,-13.71,14.699877501020824,0.13012249897917627
MFG-LINE-PLT-001-01,2023-12-04,1,25.4,20.4,22.714,158.41,176.47,-28.18,141.73228346456693,16.677716535433063
MFG-LINE-PLT-004-05,2022-11-21,2,156.1,151.3,176.365,20.38,23.79,-34.76,23.062139654067906,-2.6821396540679068
MFG-LINE-PLT-004-06,2020-03-30,1,126.5,112.6,143.482,24.99,31.97,-30.12,28.458498023715414,-3.4684980237154157
MFG-LINE-PLT-009-02,2023-08-29,2,40.5,33.0,40.422,88.94,109.09,-22.6,88.88888888888889,0.051111111111111995
MFG-LINE-PLT-004-02,2020-12-25,3,244.9,225.0,281.003,12.74,16.0,-32.14,14.699877501020824,-1.9598775010208236
MFG-LINE-PLT-004-03,2021-04-04,1,138.3,132.9,171.652,20.87,27.09,-38.79,26.030368763557483,-5.160368763557482
MFG-LINE-PLT-010-02,2022-08-02,1,328.4,290.9,330.205,10.83,12.38,-32.18,10.962241169305726,-0.1322411693057255
MFG-LINE-PLT-006-02,2023-12-22,1,6.4,6.6,7.175,501.69,545.45,-33.33,562.5,-60.81
MFG-LINE-PLT-004-02,2024-05-09,1,244.9,225.0,278.834,12.87,16.0,-29.37,14.699877501020824,-1.8298775010208246
MFG-LINE-PLT-005-05,2023-07-14,1,59.9,61.0,64.648,55.65,59.02,-15.89,60.10016694490818,-4.450166944908183
MFG-LINE-PLT-008-02,2021-03-09,3,36.9,38.7,68.08,52.8,93.02,-55.52,97.5609756097561,-44.7609756097561
MFG-LINE-PLT-008-02,2020-07-04,1,36.9,38.7,63.943,56.27,93.02,-43.38,97.5609756097561,-41.290975609756096
MFG-LINE-PLT-010-02,2023-01-15,1,328.4,290.9,302.944,11.84,12.38,-15.56,10.962241169305726,0.8777588306942743
MFG-LINE-PLT-005-06,2022-12-23,1,73.7,75.0,79.471,45.15,48.0,-47.24,48.846675712347356,-3.696675712347357
MFG-LINE-PLT-010-04,2024-06-25,1,298.9,264.3,336.864,10.51,13.62,-49.06,12.04416192706591,-1.5341619270659095
MFG-LINE-PLT-009-02,2021-11-04,2,40.5,33.0,36.935,97.41,109.09,-27.45,88.88888888888889,8.52111111111111
MFG-LINE-PLT-001-01,2023-11-04,2,25.4,20.4,24.644,146.07,176.47,-30.38,141.73228346456693,4.33771653543306
MFG-LINE-PLT-010-03,2020-10-02,1,34.2,34.8,56.021,64.17,103.45,-42.49,105.26315789473684,-41.093157894736834
MFG-LINE-PLT-002-04,2024-01-15,2,16.2,14.1,19.098,188.47,255.32,-37.22,222.22222222222223,-33.75222222222223
MFG-LINE-PLT-003-04,2022-02-13,1,30.3,27.1,29.68,121.19,132.84,-21.25,118.8118811881188,2.378118811881194
MFG-LINE-PLT-001-02,2023-04-19,2,62.4,50.8,55.229,65.09,70.87,-21.2,57.69230769230769,7.39769230769231
MFG-LINE-PLT-004-05,2021-06-05,3,156.1,151.3,214.512,16.69,23.79,-36.67,23.062139654067906,-6.3721396540679045
MFG-LINE-PLT-006-01,2024-04-14,1,25.7,24.6,27.937,128.78,146.34,-30.39,140.07782101167317,-11.297821011673165
MFG-LINE-PLT-005-06,2024-09-15,1,73.7,75.0,85.746,41.97,48.0,-33.33,48.846675712347356,-6.876675712347357
MFG-LINE-PLT-010-01,2020-04-09,1,267.8,279.7,364.749,9.84,12.87,-30.61,13.44286781179985,-3.6028678117998503
MFG-LINE-PLT-002-01,2024-02-18,3,43.4,38.1,47.731,75.4,94.49,-35.52,82.94930875576037,-7.549308755760364
MFG-LINE-PLT-003-03,2020-11-11,1,11.0,9.6,10.07,357.36,375.0,-13.15,327.27272727272725,30.08727272727276
MFG-LINE-PLT-002-02,2021-02-04,2,14.0,12.8,13.74,261.94,281.25,-13.07,257.14285714285717,4.7971428571428305
MFG-LINE-PLT-006-01,2023-07-21,1,25.7,24.6,26.042,138.08,146.34,-20.27,140.07782101167317,-1.9978210116731532
MFG-LINE-PLT-004-03,2023-10-05,1,138.3,132.9,148.675,24.17,27.09,-24.35,26.030368763557483,-1.8603687635574815
MFG-LINE-PLT-004-07,2023-05-23,1,224.4,199.4,319.509,11.18,18.05,-43.31,16.0427807486631,-4.862780748663102
MFG-LINE-PLT-004-03,2020-01-29,1,138.3,132.9,151.105,23.75,27.09,-34.02,26.030368763557483,-2.280368763557483
MFG-LINE-PLT-009-01,2023-01-29,2,63.4,62.8,70.445,50.83,57.32,-77.45,56.782334384858046,-5.952334384858048
MFG-LINE-PLT-007-01,2020-08-20,3,177.7,170.1,197.14,18.15,21.16,-21.95,20.258863252673045,-2.1088632526730464
MFG-LINE-PLT-004-06,2021-02-10,3,126.5,112.6,128.754,27.85,31.97,-33.2,28.458498023715414,-0.6084980237154127
MFG-LINE-PLT-009-01,2022-06-14,1,63.4,62.8,81.08,44.39,57.32,-42.11,56.782334384858046,-12.392334384858046
MFG-LINE-PLT-007-02,2020-06-04,1,238.3,231.6,267.704,13.3,15.54,-47.54,15.107007973143096,-1.8070079731430955
MFG-LINE-PLT-005-06,2022-07-09,1,73.7,75.0,77.261,46.5,48.0,-19.35,48.846675712347356,-2.3466757123473556
MFG-LINE-PLT-004-02,2023-12-15,2,244.9,225.0,376.597,9.5,16.0,-45.9,14.699877501020824,-5.199877501020824
MFG-LINE-PLT-002-01,2024-06-06,3,43.4,38.1,47.692,75.43,94.49,-20.74,82.94930875576037,-7.519308755760363
MFG-LINE-PLT-008-01,2022-11-25,1,138.1,113.9,144.235,24.95,31.61,-21.83,26.06806661839247,-1.1180666183924721
MFG-LINE-PLT-005-03,2024-02-04,1,62.1,56.6,72.735,49.41,63.6,-45.57,57.971014492753625,-8.561014492753628
MFG-LINE-PLT-005-05,2023-05-29,1,59.9,61.0,69.366,51.82,59.02,-25.38,60.10016694490818,-8.280166944908181
MFG-LINE-PLT-010-02,2024-05-18,3,328.4,290.9,371.244,9.54,12.38,-44.09,10.962241169305726,-1.4222411693057264
MFG-LINE-PLT-006-01,2023-08-18,2,25.7,24.6,27.826,129.31,146.34,-27.66,140.07782101167317,-10.767821011673163
MFG-LINE-PLT-002-03,2020-09-16,2,45.8,43.7,51.362,70.02,82.38,-27.3,78.60262008733625,-8.582620087336252
MFG-LINE-PLT-003-04,2022-03-27,3,30.3,27.1,30.395,118.44,132.84,-38.64,118.8118811881188,-0.371881188118806
MFG-LINE-PLT-004-06,2024-11-23,1,126.5,112.6,177.003,20.17,31.97,-49.12,28.458498023715414,-8.288498023715412
MFG-LINE-PLT-002-04,2022-04-17,1,16.2,14.1,17.949,200.53,255.32,-44.96,222.22222222222223,-21.692222222222227
MFG-LINE-PLT-001-02,2020-11-19,1,62.4,50.8,58.368,61.51,70.87,-34.88,57.69230769230769,3.8176923076923046
MFG-LINE-PLT-001-02,2023-03-14,1,62.4,50.8,57.977,62.05,70.87,-24.86,57.69230769230769,4.357692307692304
MFG-LINE-PLT-003-03,2021-04-21,2,11.0,9.6,12.921,278.59,375.0,-39.25,327.27272727272725,-48.68272727272728
MFG-LINE-PLT-007-02,2024-03-17,2,238.3,231.6,263.225,13.52,15.54,-39.66,15.107007973143096,-1.5870079731430966
MFG-LINE-PLT-008-02,2021-10-15,1,36.9,38.7,43.764,82.18,93.02,-24.52,97.5609756097561,-15.380975609756092
MFG-LINE-PLT-002-03,2020-06-27,3,45.8,43.7,61.369,58.59,82.38,-35.37,78.60262008733625,-20.012620087336245
MFG-LINE-PLT-006-02,2020-11-06,2,6.4,6.6,8.852,406.56,545.45,-39.0,562.5,-155.94
MFG-LINE-PLT-004-07,2023-11-19,2,224.4,199.4,270.028,13.3,18.05,-48.82,16.0427807486631,-2.742780748663101
MFG-LINE-PLT-003-02,2021-09-05,3,42.0,36.5,52.152,68.91,98.63,-45.34,85.71428571428571,-16.80428571428571
MFG-LINE-PLT-010-02,2020-08-17,2,328.4,290.9,391.12,9.0,12.38,-52.22,10.962241169305726,-1.9622411693057256
MFG-LINE-PLT-004-05,2022-06-05,3,156.1,151.3,204.711,17.52,23.79,-40.11,23.062139654067906,-5.542139654067906
MFG-LINE-PLT-002-04,2024-05-19,3,16.2,14.1,17.228,208.72,255.32,-72.87,222.22222222222223,-13.50222222222223
MFG-LINE-PLT-003-01,2020-02-13,1,21.2,20.5,20.764,173.25,175.61,-27.13,169.81132075471697,3.4386792452830264
MFG-LINE-PLT-004-04,2020-12-18,1,354.2,289.7,330.735,10.88,12.43,-18.39,10.163749294184077,0.7162507058159235
MFG-LINE-PLT-005-01,2022-01-31,2,33.7,34.4,45.935,78.31,104.65,-44.01,106.82492581602374,-28.514925816023734
MFG-LINE-PLT-008-02,2024-09-21,3,36.9,38.7,43.593,82.44,93.02,-18.5,97.5609756097561,-15.120975609756101
MFG-LINE-PLT-010-04,2024-10-05,2,298.9,264.3,297.119,12.09,13.62,-22.45,12.04416192706591,0.04583807293409059
MFG-LINE-PLT-004-02,2024-02-10,3,244.9,225.0,311.148,11.44,16.0,-27.5,14.699877501020824,-3.2598775010208243
MFG-LINE-PLT-009-02,2021-01-08,1,40.5,33.0,36.831,97.66,109.09,-19.73,88.88888888888889,8.77111111111111
MFG-LINE-PLT-003-01,2021-12-21,1,21.2,20.5,33.709,106.78,175.61,-47.65,169.81132075471697,-63.03132075471697
MFG-LINE-PLT-009-02,2022-01-16,1,40.5,33.0,41.248,87.06,109.09,-52.29,88.88888888888889,-1.8288888888888835
MFG-LINE-PLT-007-01,2020-09-22,3,177.7,170.1,203.375,17.65,21.16,-46.06,20.258863252673045,-2.6088632526730464
MFG-LINE-PLT-005-06,2021-07-29,1,73.7,75.0,87.253,41.22,48.0,-44.18,48.846675712347356,-7.626675712347357
MFG-LINE-PLT-005-02,2024-01-13,2,53.5,47.5,56.432,63.7,75.79,-18.28,67.28971962616822,-3.5897196261682183
MFG-LINE-PLT-002-01,2022-12-27,3,43.4,38.1,46.192,77.72,94.49,-49.02,82.94930875576037,-5.229308755760371
MFG-LINE-PLT-010-04,2022-07-09,2,298.9,264.3,293.018,12.23,13.62,-23.23,12.04416192706591,0.18583807293409116
MFG-LINE-PLT-002-04,2024-09-14,2,16.2,14.1,18.917,190.22,255.32,-33.33,222.22222222222223,-32.00222222222223
MFG-LINE-PLT-004-03,2024-06-27,2,138.3,132.9,152.694,23.57,27.09,-26.26,26.030368763557483,-2.460368763557483
MFG-LINE-PLT-010-01,2023-01-18,3,267.8,279.7,395.851,8.97,12.87,-68.04,13.44286781179985,-4.4728678117998495
MFG-LINE-PLT-008-01,2022-10-09,3,138.1,113.9,129.673,27.6,31.61,-29.13,26.06806661839247,1.53193338160753
MFG-LINE-PLT-003-03,2022-09-21,2,11.0,9.6,10.671,337.26,375.0,-36.75,327.27272727272725,9.987272727272739
MFG-LINE-PLT-004-07,2023-02-01,3,224.4,199.4,282.289,12.58,18.05,-57.35,16.0427807486631,-3.4627807486631017
MFG-LINE-PLT-001-01,2024-08-15,3,25.4,20.4,25.909,138.88,176.47,-34.14,141.73228346456693,-2.8522834645669377
MFG-LINE-PLT-005-04,2022-01-18,1,51.5,46.6,60.584,59.35,77.25,-41.47,69.90291262135922,-10.55291262135922
MFG-LINE-PLT-005-01,2020-11-29,3,33.7,34.4,41.075,87.56,104.65,-60.78,106.82492581602374,-19.264925816023734
MFG-LINE-PLT-005-06,2020-03-10,2,73.7,75.0,98.942,36.26,48.0,-55.52,48.846675712347356,-12.586675712347358
MFG-LINE-PLT-002-01,2022-01-31,1,43.4,38.1,43.161,83.31,94.49,-17.52,82.94930875576037,0.36069124423963217
MFG-LINE-PLT-005-01,2023-02-27,2,33.7,34.4,59.902,60.0,104.65,-49.69,106.82492581602374,-46.824925816023736
MFG-LINE-PLT-003-01,2022-11-18,3,21.2,20.5,25.85,139.13,175.61,-38.86,169.81132075471697,-30.681320754716978
MFG-LINE-PLT-004-07,2024-04-04,3,224.4,199.4,285.065,12.61,18.05,-70.63,16.0427807486631,-3.4327807486631023
MFG-LINE-PLT-006-02,2021-11-02,3,6.4,6.6,7.468,482.04,545.45,-24.79,562.5,-80.45999999999998
MFG-LINE-PLT-005-01,2020-03-15,2,33.7,34.4,38.485,93.41,104.65,-34.15,106.82492581602374,-13.41492581602374
MFG-LINE-PLT-003-05,2024-09-06,2,39.9,39.1,65.682,54.67,92.07,-64.91,90.22556390977444,-35.555563909774435
MFG-LINE-PLT-010-01,2023-02-17,1,267.8,279.7,321.597,10.89,12.87,-71.74,13.44286781179985,-2.5528678117998496
MFG-LINE-PLT-005-04,2022-11-04,2,51.5,46.6,50.018,71.9,77.25,-28.52,69.90291262135922,1.997087378640785
MFG-LINE-PLT-003-03,2022-09-21,3,11.0,9.6,13.233,271.94,375.0,-40.95,327.27272727272725,-55.332727272727254
MFG-LINE-PLT-005-01,2023-06-21,3,33.7,34.4,42.272,85.06,104.65,-45.43,106.82492581602374,-21.764925816023734
MFG-LINE-PLT-003-03,2024-05-25,2,11.0,9.6,11.525,312.33,375.0,-35.97,327.27272727272725,-14.942727272727268
MFG-LINE-PLT-002-04,2020-06-26,1,16.2,14.1,23.155,155.44,255.32,-59.93,222.22222222222223,-66.78222222222223
MFG-LINE-PLT-003-02,2023-03-24,2,42.0,36.5,45.086,79.69,98.63,-41.43,85.71428571428571,-6.0242857142857105
MFG-LINE-PLT-005-04,2020-07-14,2,51.5,46.6,79.778,45.01,77.25,-47.23,69.90291262135922,-24.892912621359223
MFG-LINE-PLT-006-01,2021-02-06,1,25.7,24.6,28.178,127.55,146.34,-44.1,140.07782101167317,-12.527821011673169
MFG-LINE-PLT-004-06,2020-08-06,1,126.5,112.6,125.934,28.57,31.97,-35.77,28.458498023715414,0.11150197628458614
MFG-LINE-PLT-002-04,2023-04-21,1,16.2,14.1,16.146,222.95,255.32,-18.29,222.22222222222223,0.7277777777777601
MFG-LINE-PLT-003-05,2023-03-20,1,39.9,39.1,43.915,81.86,92.07,-28.03,90.22556390977444,-8.365563909774437
MFG-LINE-PLT-003-03,2023-08-31,3,11.0,9.6,13.387,268.76,375.0,-44.43,327.27272727272725,-58.51272727272726
MFG-LINE-PLT-009-02,2024-11-16,1,40.5,33.0,34.603,103.91,109.09,-22.93,88.88888888888889,15.02111111111111
MFG-LINE-PLT-005-01,2023-08-21,1,33.7,34.4,56.817,63.27,104.65,-45.29,106.82492581602374,-43.55492581602373
MFG-LINE-PLT-008-02,2022-06-26,1,36.9,38.7,48.917,73.56,93.02,-22.54,97.5609756097561,-24.000975609756097
MFG-LINE-PLT-001-01,2024-07-27,1,25.4,20.4,26.808,134.19,176.47,-52.76,141.73228346456693,-7.542283464566935
MFG-LINE-PLT-005-05,2024-10-04,2,59.9,61.0,71.958,49.94,59.02,-42.39,60.10016694490818,-10.160166944908184
MFG-LINE-PLT-005-05,2022-02-02,1,59.9,61.0,79.534,45.2,59.02,-24.01,60.10016694490818,-14.900166944908179
MFG-LINE-PLT-006-02,2024-07-08,1,6.4,6.6,7.02,512.77,545.45,-12.34,562.5,-49.73000000000002
MFG-LINE-PLT-010-02,2024-10-25,3,328.4,290.9,368.914,9.58,12.38,-53.76,10.962241169305726,-1.3822411693057255
MFG-LINE-PLT-001-01,2021-01-08,1,25.4,20.4,21.755,165.41,176.47,-19.74,141.73228346456693,23.677716535433063
MFG-LINE-PLT-003-03,2023-07-23,1,11.0,9.6,15.439,233.16,375.0,-63.59,327.27272727272725,-94.11272727272726
MFG-LINE-PLT-005-04,2023-10-17,3,51.5,46.6,63.852,56.3,77.25,-39.51,69.90291262135922,-13.602912621359224
MFG-LINE-PLT-002-03,2024-04-29,3,45.8,43.7,53.372,67.33,82.38,-28.5,78.60262008733625,-11.27262008733625
MFG-LINE-PLT-010-01,2020-06-11,2,267.8,279.7,331.415,10.7,12.87,-44.55,13.44286781179985,-2.742867811799851
MFG-LINE-PLT-010-01,2022-01-03,2,267.8,279.7,340.896,10.5,12.87,-18.0,13.44286781179985,-2.94286781179985
MFG-LINE-PLT-004-02,2022-04-16,1,244.9,225.0,284.716,12.53,16.0,-31.75,14.699877501020824,-2.1698775010208244
MFG-LINE-PLT-005-05,2020-08-12,1,59.9,61.0,70.62,50.87,59.02,-34.04,60.10016694490818,-9.230166944908184
MFG-LINE-PLT-004-06,2024-06-23,2,126.5,112.6,136.115,26.36,31.97,-41.95,28.458498023715414,-2.0984980237154147
MFG-LINE-PLT-010-02,2022-03-03,1,328.4,290.9,327.504,10.92,12.38,-23.33,10.962241169305726,-0.042241169305725634
MFG-LINE-PLT-001-01,2021-03-24,2,25.4,20.4,23.892,150.57,176.47,-25.71,141.73228346456693,8.83771653543306
MFG-LINE-PLT-002-03,2020-11-30,2,45.8,43.7,50.9,70.72,82.38,-32.49,78.60262008733625,-7.8826200873362495
MFG-LINE-PLT-007-02,2021-10-28,2,238.3,231.6,259.73,13.8,15.54,-45.61,15.107007973143096,-1.3070079731430955
MFG-LINE-PLT-006-01,2024-08-02,1,25.7,24.6,31.918,112.71,146.34,-38.83,140.07782101167317,-27.367821011673172
MFG-LINE-PLT-004-06,2024-06-12,3,126.5,112.6,138.337,25.9,31.97,-28.45,28.458498023715414,-2.5584980237154156
MFG-LINE-PLT-004-04,2022-03-20,1,354.2,289.7,366.541,9.81,12.43,-24.74,10.163749294184077,-0.35374929418407675
MFG-LINE-PLT-008-02,2022-01-29,2,36.9,38.7,44.974,80.02,93.02,-16.0,97.5609756097561,-17.540975609756103
MFG-LINE-PLT-005-06,2024-11-23,1,73.7,75.0,87.253,41.25,48.0,-22.69,48.846675712347356,-7.596675712347356
MFG-LINE-PLT-006-02,2024-01-21,2,6.4,6.6,7.973,451.37,545.45,-33.89,562.5,-111.13
MFG-LINE-PLT-005-05,2023-06-09,2,59.9,61.0,72.163,49.71,59.02,-38.26,60.10016694490818,-10.39016694490818
MFG-LINE-PLT-005-06,2020-10-19,3,73.7,75.0,96.521,37.25,48.0,-43.42,48.846675712347356,-11.596675712347356
MFG-LINE-PLT-006-01,2023-03-12,2,25.7,24.6,29.099,123.65,146.34,-42.84,140.07782101167317,-16.42782101167316
MFG-LINE-PLT-006-02,2023-03-24,2,6.4,6.6,8.844,406.93,545.45,-43.97,562.5,-155.57
MFG-LINE-PLT-007-01,2023-10-26,1,177.7,170.1,197.429,18.15,21.16,-17.95,20.258863252673045,-2.1088632526730464
MFG-LINE-PLT-003-01,2024-10-28,1,21.2,20.5,33.84,106.32,175.61,-49.2,169.81132075471697,-63.49132075471698
MFG-LINE-PLT-010-03,2024-07-12,2,34.2,34.8,37.743,95.33,103.45,-33.16,105.26315789473684,-9.933157894736837
MFG-LINE-PLT-001-01,2020-08-09,2,25.4,20.4,24.528,146.65,176.47,-31.6,141.73228346456693,4.9177165354330725
MFG-LINE-PLT-006-02,2022-11-29,1,6.4,6.6,8.731,412.18,545.45,-43.47,562.5,-150.32
MFG-LINE-PLT-003-05,2021-12-18,2,39.9,39.1,47.381,75.85,92.07,-19.06,90.22556390977444,-14.375563909774442
MFG-LINE-PLT-007-01,2023-05-09,2,177.7,170.1,207.515,17.34,21.16,-33.12,20.258863252673045,-2.918863252673045
MFG-LINE-PLT-010-03,2022-04-11,1,34.2,34.8,36.696,98.08,103.45,-32.99,105.26315789473684,-7.183157894736837
MFG-LINE-PLT-007-01,2024-10-06,1,177.7,170.1,281.954,12.68,21.16,-41.94,20.258863252673045,-7.578863252673045
MFG-LINE-PLT-009-02,2023-10-03,1,40.5,33.0,41.106,87.52,109.09,-36.3,88.88888888888889,-1.3688888888888897
MFG-LINE-PLT-008-01,2024-07-07,2,138.1,113.9,128.979,27.88,31.61,-17.2,26.06806661839247,1.8119333816075276
MFG-LINE-PLT-003-03,2021-10-06,3,11.0,9.6,11.055,325.53,375.0,-38.36,327.27272727272725,-1.7427272727272793
MFG-LINE-PLT-002-02,2021-04-16,2,14.0,12.8,14.816,242.96,281.25,-22.89,257.14285714285717,-14.18285714285716
MFG-LINE-PLT-003-01,2023-01-26,1,21.2,20.5,21.519,167.14,175.61,-19.84,169.81132075471697,-2.6713207547169873
MFG-LINE-PLT-007-01,2022-09-11,2,177.7,170.1,199.342,18.03,21.16,-19.14,20.258863252673045,-2.228863252673044
MFG-LINE-PLT-004-02,2024-03-19,3,244.9,225.0,248.237,14.49,16.0,-15.65,14.699877501020824,-0.2098775010208236
MFG-LINE-PLT-001-02,2022-05-02,1,62.4,50.8,66.28,54.25,70.87,-45.95,57.69230769230769,-3.4423076923076934
MFG-LINE-PLT-004-01,2024-02-08,1,224.5,209.4,235.04,15.22,17.19,-50.38,16.035634743875278,-0.8156347438752771
MFG-LINE-PLT-008-02,2020-08-27,2,36.9,38.7,41.02,87.76,93.02,-26.12,97.5609756097561,-9.800975609756094
MFG-LINE-PLT-009-01,2021-12-14,2,63.4,62.8,67.047,53.54,57.32,-39.49,56.782334384858046,-3.2423343848580473
MFG-LINE-PLT-004-05,2022-06-19,2,156.1,151.3,202.3,17.76,23.79,-50.0,23.062139654067906,-5.302139654067904
MFG-LINE-PLT-005-06,2021-01-05,3,73.7,75.0,105.379,34.02,48.0,-47.2,48.846675712347356,-14.826675712347352
MFG-LINE-PLT-010-03,2020-07-30,3,34.2,34.8,63.108,57.04,103.45,-69.45,105.26315789473684,-48.223157894736836
MFG-LINE-PLT-009-02,2024-01-13,1,40.5,33.0,37.197,96.73,109.09,-19.78,88.88888888888889,7.841111111111118
MFG-LINE-PLT-004-03,2020-01-23,2,138.3,132.9,178.517,20.13,27.09,-44.5,26.030368763557483,-5.900368763557484
MFG-LINE-PLT-002-04,2022-04-20,1,16.2,14.1,15.963,225.38,255.32,-28.39,222.22222222222223,3.157777777777767
MFG-LINE-PLT-005-01,2024-06-21,2,33.7,34.4,38.05,94.48,104.65,-12.17,106.82492581602374,-12.344925816023732
MFG-LINE-PLT-004-04,2023-10-16,2,354.2,289.7,345.155,10.33,12.43,-47.31,10.163749294184077,0.16625070581592283
MFG-LINE-PLT-002-04,2023-08-26,1,16.2,14.1,18.086,199.02,255.32,-29.86,222.22222222222223,-23.20222222222222
MFG-LINE-PLT-002-04,2023-06-11,2,16.2,14.1,18.922,190.18,255.32,-42.06,222.22222222222223,-32.04222222222222
MFG-LINE-PLT-004-05,2022-03-12,3,156.1,151.3,207.472,17.28,23.79,-31.18,23.062139654067906,-5.782139654067905
MFG-LINE-PLT-004-02,2022-04-28,3,244.9,225.0,316.858,11.25,16.0,-34.65,14.699877501020824,-3.449877501020824
MFG-LINE-PLT-001-01,2021-02-27,3,25.4,20.4,28.526,126.18,176.47,-40.54,141.73228346456693,-15.552283464566926
MFG-LINE-PLT-002-04,2020-03-30,2,16.2,14.1,18.639,193.01,255.32,-35.9,222.22222222222223,-29.212222222222238
MFG-LINE-PLT-005-05,2024-04-16,1,59.9,61.0,80.159,44.82,59.02,-27.51,60.10016694490818,-15.280166944908181
MFG-LINE-PLT-010-02,2021-09-28,1,328.4,290.9,312.751,11.48,12.38,-15.05,10.962241169305726,0.5177588306942749
MFG-LINE-PLT-007-02,2024-11-25,1,238.3,231.6,246.922,14.45,15.54,-43.97,15.107007973143096,-0.6570079731430969
MFG-LINE-PLT-003-03,2021-12-24,1,11.0,9.6,10.443,344.71,375.0,-22.23,327.27272727272725,17.437272727272727
MFG-LINE-PLT-005-05,2024-11-29,1,59.9,61.0,65.86,54.55,59.02,-30.99,60.10016694490818,-5.5501669449081845
MFG-LINE-PLT-001-01,2024-12-22,1,25.4,20.4,21.987,163.45,176.47,-73.42,141.73228346456693,21.717716535433055
MFG-LINE-PLT-002-02,2022-12-10,2,14.0,12.8,21.644,166.2,281.25,-43.96,257.14285714285717,-90.94285714285718
MFG-LINE-PLT-002-03,2020-05-07,3,45.8,43.7,76.238,47.11,82.38,-55.66,78.60262008733625,-31.49262008733625
MFG-LINE-PLT-005-05,2022-12-14,2,59.9,61.0,68.118,52.7,59.02,-31.59,60.10016694490818,-7.400166944908179
MFG-LINE-PLT-005-02,2023-01-08,1,53.5,47.5,53.632,67.03,75.79,-20.84,67.28971962616822,-0.25971962616822
MFG-LINE-PLT-004-02,2022-09-13,1,244.9,225.0,253.789,14.17,16.0,-12.71,14.699877501020824,-0.5298775010208239
MFG-LINE-PLT-002-01,2023-11-23,1,43.4,38.1,62.13,57.9,94.49,-45.44,82.94930875576037,-25.04930875576037
MFG-LINE-PLT-005-03,2023-12-22,3,62.1,56.6,78.734,45.62,63.6,-47.09,57.971014492753625,-12.351014492753627
MFG-LINE-PLT-006-02,2023-06-28,3,6.4,6.6,7.611,472.88,545.45,-53.36,562.5,-89.62
MFG-LINE-PLT-004-03,2020-03-12,1,138.3,132.9,152.244,23.61,27.09,-37.24,26.030368763557483,-2.4203687635574838
MFG-LINE-PLT-004-05,2020-05-12,1,156.1,151.3,190.913,18.82,23.79,-25.53,23.062139654067906,-4.2421396540679055
MFG-LINE-PLT-003-05,2020-10-26,3,39.9,39.1,47.552,75.62,92.07,-40.19,90.22556390977444,-14.605563909774432
MFG-LINE-PLT-001-01,2020-07-01,1,25.4,20.4,26.896,133.82,176.47,-36.79,141.73228346456693,-7.91228346456694
MFG-LINE-PLT-009-02,2023-05-16,2,40.5,33.0,44.329,81.15,109.09,-35.89,88.88888888888889,-7.73888888888888
MFG-LINE-PLT-009-02,2024-01-20,2,40.5,33.0,44.286,81.22,109.09,-60.19,88.88888888888889,-7.668888888888887
MFG-LINE-PLT-001-01,2020-10-23,3,25.4,20.4,25.484,141.24,176.47,-25.91,141.73228346456693,-0.49228346456692407
MFG-LINE-PLT-002-04,2021-02-13,1,16.2,14.1,14.822,242.87,255.32,-30.36,222.22222222222223,20.647777777777776
MFG-LINE-PLT-002-04,2020-11-27,2,16.2,14.1,16.331,220.36,255.32,-53.63,222.22222222222223,-1.862222222222215
MFG-LINE-PLT-005-02,2023-08-19,1,53.5,47.5,61.247,58.72,75.79,-23.78,67.28971962616822,-8.569719626168222
MFG-LINE-PLT-004-04,2020-10-30,2,354.2,289.7,325.575,10.99,12.43,-28.89,10.163749294184077,0.826250705815923
MFG-LINE-PLT-001-01,2021-09-03,2,25.4,20.4,27.768,129.59,176.47,-35.08,141.73228346456693,-12.14228346456693
MFG-LINE-PLT-005-01,2023-05-31,3,33.7,34.4,39.645,90.7,104.65,-21.94,106.82492581602374,-16.124925816023733
MFG-LINE-PLT-002-04,2023-06-25,2,16.2,14.1,16.622,216.53,255.32,-26.22,222.22222222222223,-5.692222222222227
MFG-LINE-PLT-003-02,2020-07-06,1,42.0,36.5,41.884,85.9,98.63,-43.1,85.71428571428571,0.1857142857142975
MFG-LINE-PLT-002-01,2022-03-04,1,43.4,38.1,43.835,82.06,94.49,-47.8,82.94930875576037,-0.8893087557603678
MFG-LINE-PLT-004-02,2020-07-19,1,244.9,225.0,238.39,15.02,16.0,-12.0,14.699877501020824,0.3201224989791758
MFG-LINE-PLT-005-05,2022-03-15,1,59.9,61.0,69.057,52.06,59.02,-12.9,60.10016694490818,-8.04016694490818
MFG-LINE-PLT-007-02,2023-04-20,1,238.3,231.6,245.177,14.59,15.54,-34.55,15.107007973143096,-0.5170079731430963
MFG-LINE-PLT-006-01,2023-11-19,1,25.7,24.6,28.495,126.23,146.34,-31.61,140.07782101167317,-13.847821011673162
MFG-LINE-PLT-003-05,2021-03-11,1,39.9,39.1,50.867,70.73,92.07,-30.27,90.22556390977444,-19.495563909774432
MFG-LINE-PLT-007-01,2020-01-30,1,177.7,170.1,180.447,19.87,21.16,-8.93,20.258863252673045,-0.388863252673044
MFG-LINE-PLT-005-06,2020-08-16,1,73.7,75.0,80.175,44.72,48.0,-35.43,48.846675712347356,-4.126675712347357
MFG-LINE-PLT-005-06,2021-07-12,1,73.7,75.0,84.038,42.79,48.0,-43.14,48.846675712347356,-6.0566757123473565
MFG-LINE-PLT-006-01,2021-07-03,1,25.7,24.6,28.591,125.76,146.34,-36.19,140.07782101167317,-14.31782101167316
MFG-LINE-PLT-010-02,2022-12-28,2,328.4,290.9,412.636,8.56,12.38,-46.67,10.962241169305726,-2.402241169305725
MFG-LINE-PLT-002-02,2021-06-09,3,14.0,12.8,16.155,222.81,281.25,-52.4,257.14285714285717,-34.332857142857165
MFG-LINE-PLT-002-01,2023-12-10,2,43.4,38.1,46.128,77.89,94.49,-41.57,82.94930875576037,-5.0593087557603695
MFG-LINE-PLT-005-02,2023-10-30,2,53.5,47.5,55.688,64.61,75.79,-21.68,67.28971962616822,-2.6797196261682217
MFG-LINE-PLT-003-01,2022-08-31,1,21.2,20.5,25.62,140.37,175.61,-38.85,169.81132075471697,-29.44132075471697
MFG-LINE-PLT-010-04,2022-09-22,3,298.9,264.3,328.289,10.86,13.62,-29.81,12.04416192706591,-1.1841619270659098
MFG-LINE-PLT-010-03,2021-08-28,3,34.2,34.8,49.546,72.45,103.45,-60.03,105.26315789473684,-32.81315789473683
MFG-LINE-PLT-007-01,2023-04-06,2,177.7,170.1,202.093,17.78,21.16,-27.85,20.258863252673045,-2.478863252673044
MFG-LINE-PLT-008-01,2020-05-16,3,138.1,113.9,136.93,26.28,31.61,-35.8,26.06806661839247,0.21193338160752972
MFG-LINE-PLT-005-06,2021-09-06,2,73.7,75.0,85.469,42.12,48.0,-53.91,48.846675712347356,-6.726675712347358
MFG-LINE-PLT-005-01,2020-05-05,2,33.7,34.4,46.47,77.34,104.65,-55.16,106.82492581602374,-29.484925816023733
MFG-LINE-PLT-004-01,2021-02-01,1,224.5,209.4,265.216,13.46,17.19,-41.61,16.035634743875278,-2.575634743875277
MFG-LINE-PLT-010-03,2023-03-05,3,34.2,34.8,44.208,81.39,103.45,-33.16,105.26315789473684,-23.873157894736835
MFG-LINE-PLT-008-02,2021-02-20,3,36.9,38.7,54.873,65.51,93.02,-40.0,97.5609756097561,-32.050975609756094
MFG-LINE-PLT-003-03,2021-02-14,3,11.0,9.6,11.988,300.14,375.0,-33.55,327.27272727272725,-27.132727272727266
MFG-LINE-PLT-004-04,2022-06-30,2,354.2,289.7,384.332,9.36,12.43,-26.37,10.163749294184077,-0.8037492941840778
MFG-LINE-PLT-003-05,2021-08-06,1,39.9,39.1,41.065,87.53,92.07,-13.12,90.22556390977444,-2.6955639097744353
MFG-LINE-PLT-003-02,2020-06-18,2,42.0,36.5,43.459,82.7,98.63,-44.01,85.71428571428571,-3.0142857142857054
MFG-LINE-PLT-001-01,2020-04-08,1,25.4,20.4,23.323,154.31,176.47,-19.06,141.73228346456693,12.577716535433069
MFG-LINE-PLT-009-02,2024-03-21,3,40.5,33.0,41.43,86.88,109.09,-37.07,88.88888888888889,-2.0088888888888903
MFG-LINE-PLT-003-01,2023-09-26,2,21.2,20.5,23.945,150.22,175.61,-35.73,169.81132075471697,-19.591320754716975
MFG-LINE-PLT-006-02,2023-01-27,3,6.4,6.6,8.197,439.11,545.45,-28.35,562.5,-123.38999999999999
MFG-LINE-PLT-008-02,2023-09-23,1,36.9,38.7,43.14,83.41,93.02,-14.18,97.5609756097561,-14.150975609756102
MFG-LINE-PLT-006-02,2021-01-18,1,6.4,6.6,8.617,417.6,545.45,-47.28,562.5,-144.89999999999998
MFG-LINE-PLT-001-01,2020-12-05,2,25.4,20.4,23.137,155.53,176.47,-22.71,141.73228346456693,13.797716535433068
MFG-LINE-PLT-010-01,2024-06-30,1,267.8,279.7,314.905,11.33,12.87,-15.96,13.44286781179985,-2.11286781179985
MFG-LINE-PLT-003-03,2023-08-28,1,11.0,9.6,10.822,332.63,375.0,-35.55,327.27272727272725,5.357272727272743
MFG-LINE-PLT-004-06,2020-05-10,1,126.5,112.6,132.672,27.07,31.97,-15.11,28.458498023715414,-1.3884980237154139
MFG-LINE-PLT-004-06,2021-05-13,2,126.5,112.6,136.687,26.27,31.97,-35.56,28.458498023715414,-2.1884980237154146
MFG-LINE-PLT-005-01,2021-11-05,2,33.7,34.4,40.776,88.24,104.65,-30.5,106.82492581602374,-18.58492581602374
MFG-LINE-PLT-003-02,2024-03-04,1,42.0,36.5,45.748,78.55,98.63,-36.72,85.71428571428571,-7.164285714285711
MFG-LINE-PLT-005-06,2024-07-10,1,73.7,75.0,78.545,45.79,48.0,-40.43,48.846675712347356,-3.0566757123473565
MFG-LINE-PLT-007-02,2023-10-06,1,238.3,231.6,252.606,14.11,15.54,-12.28,15.107007973143096,-0.9970079731430967
MFG-LINE-PLT-005-05,2021-09-25,1,59.9,61.0,68.969,52.1,59.02,-36.2,60.10016694490818,-8.00016694490818
MFG-LINE-PLT-007-02,2021-05-03,2,238.3,231.6,261.251,13.63,15.54,-20.54,15.107007973143096,-1.4770079731430954
MFG-LINE-PLT-004-01,2022-04-17,3,224.5,209.4,295.426,11.91,17.19,-71.9,16.035634743875278,-4.125634743875278
MFG-LINE-PLT-003-03,2021-03-18,2,11.0,9.6,11.166,322.4,375.0,-28.02,327.27272727272725,-4.872727272727275
MFG-LINE-PLT-010-04,2022-01-19,2,298.9,264.3,312.067,11.42,13.62,-20.39,12.04416192706591,-0.6241619270659093
MFG-LINE-PLT-010-01,2024-08-13,2,267.8,279.7,317.353,11.3,12.87,-46.67,13.44286781179985,-2.1428678117998494
MFG-LINE-PLT-008-01,2020-08-24,1,138.1,113.9,128.54,27.89,31.61,-49.58,26.06806661839247,1.8219333816075292
MFG-LINE-PLT-007-01,2023-08-11,3,177.7,170.1,201.487,17.81,21.16,-31.01,20.258863252673045,-2.4488632526730463
MFG-LINE-PLT-010-02,2022-10-31,1,328.4,290.9,310.824,11.44,12.38,-21.11,10.962241169305726,0.47775883069427394
MFG-LINE-PLT-005-06,2021-01-31,2,73.7,75.0,102.425,35.04,48.0,-45.43,48.846675712347356,-13.806675712347356
MFG-LINE-PLT-008-01,2022-03-31,1,138.1,113.9,130.265,27.62,31.61,-25.88,26.06806661839247,1.5519333816075296
MFG-LINE-PLT-001-01,2022-04-23,3,25.4,20.4,25.66,140.29,176.47,-39.32,141.73228346456693,-1.4422834645669411
MFG-LINE-PLT-004-02,2020-09-13,2,244.9,225.0,300.588,11.9,16.0,-30.91,14.699877501020824,-2.7998775010208234
MFG-LINE-PLT-004-02,2020-08-10,3,244.9,225.0,277.892,12.86,16.0,-26.02,14.699877501020824,-1.8398775010208244
MFG-LINE-PLT-002-04,2024-12-09,2,16.2,14.1,15.723,228.93,255.32,-51.25,222.22222222222223,6.707777777777778
MFG-LINE-PLT-008-01,2024-05-01,1,138.1,113.9,126.753,28.34,31.61,-10.0,26.06806661839247,2.2719333816075284
MFG-LINE-PLT-004-04,2022-09-18,1,354.2,289.7,363.589,9.8,12.43,-32.29,10.163749294184077,-0.36374929418407653
MFG-LINE-PLT-004-07,2020-01-31,3,224.4,199.4,253.4,14.09,18.05,-51.41,16.0427807486631,-1.952780748663102
MFG-LINE-PLT-004-01,2022-07-17,2,224.5,209.4,287.83,12.34,17.19,-44.72,16.035634743875278,-3.695634743875278
MFG-LINE-PLT-008-01,2022-01-14,2,138.1,113.9,154.301,23.25,31.61,-32.37,26.06806661839247,-2.8180666183924714
MFG-LINE-PLT-005-04,2024-06-12,2,51.5,46.6,50.651,71.0,77.25,-15.96,69.90291262135922,1.0970873786407793
MFG-LINE-PLT-002-03,2024-08-07,1,45.8,43.7,49.177,73.13,82.38,-19.94,78.60262008733625,-5.472620087336253
MFG-LINE-PLT-004-04,2023-02-10,1,354.2,289.7,470.926,7.53,12.43,-45.83,10.163749294184077,-2.633749294184077
MFG-LINE-PLT-008-02,2021-12-24,1,36.9,38.7,43.131,83.4,93.02,-29.65,97.5609756097561,-14.160975609756093
MFG-LINE-PLT-009-02,2021-12-07,1,40.5,33.0,34.834,103.3,109.09,-22.22,88.88888888888889,14.411111111111111
MFG-LINE-PLT-005-06,2020-07-25,2,73.7,75.0,90.505,39.68,48.0,-72.55,48.846675712347356,-9.166675712347356
MFG-LINE-PLT-001-02,2020-10-20,2,62.4,50.8,60.875,59.0,70.87,-25.9,57.69230769230769,1.3076923076923066
MFG-LINE-PLT-010-03,2021-12-09,2,34.2,34.8,38.041,94.61,103.45,-33.75,105.26315789473684,-10.653157894736836
MFG-LINE-PLT-002-04,2020-07-26,1,16.2,14.1,15.28,235.53,255.32,-17.34,222.22222222222223,13.307777777777773
MFG-LINE-PLT-008-01,2021-11-14,2,138.1,113.9,135.957,26.41,31.61,-22.51,26.06806661839247,0.34193338160752873
MFG-LINE-PLT-003-04,2021-10-31,2,30.3,27.1,32.302,111.34,132.84,-25.93,118.8118811881188,-7.4718811881188
MFG-LINE-PLT-003-01,2020-09-28,2,21.2,20.5,24.55,146.54,175.61,-41.87,169.81132075471697,-23.27132075471698
MFG-LINE-PLT-005-05,2022-09-20,1,59.9,61.0,64.154,55.95,59.02,-40.43,60.10016694490818,-4.150166944908179
MFG-LINE-PLT-001-01,2022-02-16,3,25.4,20.4,28.79,124.91,176.47,-41.33,141.73228346456693,-16.822283464566937
MFG-LINE-PLT-002-01,2023-06-20,1,43.4,38.1,42.918,83.86,94.49,-37.46,82.94930875576037,0.9106912442396293
MFG-LINE-PLT-001-02,2022-02-24,1,62.4,50.8,53.365,67.37,70.87,-20.93,57.69230769230769,9.677692307692311
MFG-LINE-PLT-005-03,2023-06-21,2,62.1,56.6,67.067,53.62,63.6,-31.26,57.971014492753625,-4.351014492753627
MFG-LINE-PLT-002-04,2024-10-16,1,16.2,14.1,14.835,242.58,255.32,-38.18,222.22222222222223,20.357777777777784
MFG-LINE-PLT-010-03,2023-05-15,2,34.2,34.8,39.02,92.11,103.45,-24.73,105.26315789473684,-13.153157894736836
MFG-LINE-PLT-007-02,2022-03-08,1,238.3,231.6,293.875,12.09,15.54,-50.0,15.107007973143096,-3.0170079731430963
MFG-LINE-PLT-003-05,2020-03-03,2,39.9,39.1,46.325,77.65,92.07,-23.47,90.22556390977444,-12.57556390977443
MFG-LINE-PLT-010-01,2022-12-26,2,267.8,279.7,475.444,7.54,12.87,-53.61,13.44286781179985,-5.90286781179985
MFG-LINE-PLT-010-03,2023-11-15,3,34.2,34.8,40.657,88.42,103.45,-38.43,105.26315789473684,-16.843157894736834
MFG-LINE-PLT-002-03,2020-10-13,1,45.8,43.7,50.213,71.63,82.38,-36.01,78.60262008733625,-6.972620087336253
MFG-LINE-PLT-002-03,2021-08-08,1,45.8,43.7,49.302,72.92,82.38,-43.18,78.60262008733625,-5.682620087336247
MFG-LINE-PLT-005-02,2020-01-19,2,53.5,47.5,55.583,64.72,75.79,-24.46,67.28971962616822,-2.5697196261682222
MFG-LINE-PLT-008-01,2024-11-18,1,138.1,113.9,120.004,29.91,31.61,-18.47,26.06806661839247,3.8419333816075287
MFG-LINE-PLT-005-05,2023-06-11,3,59.9,61.0,74.892,48.05,59.02,-47.61,60.10016694490818,-12.050166944908185
MFG-LINE-PLT-004-04,2022-03-25,2,354.2,289.7,385.637,9.18,12.43,-47.25,10.163749294184077,-0.9837492941840775
MFG-LINE-PLT-004-04,2020-03-29,3,354.2,289.7,406.962,8.7,12.43,-42.7,10.163749294184077,-1.463749294184078
MFG-LINE-PLT-005-03,2021-07-31,2,62.1,56.6,67.234,53.36,63.6,-51.56,57.971014492753625,-4.611014492753625
MFG-LINE-PLT-003-03,2020-11-21,3,11.0,9.6,11.714,307.3,375.0,-34.81,327.27272727272725,-19.97272727272724
MFG-LINE-PLT-007-01,2023-07-05,2,177.7,170.1,203.401,17.61,21.16,-28.48,20.258863252673045,-2.6488632526730456
MFG-LINE-PLT-004-03,2022-01-03,2,138.3,132.9,183.346,19.5,27.09,-63.82,26.030368763557483,-6.530368763557483
MFG-LINE-PLT-001-01,2024-08-31,2,25.4,20.4,24.348,147.83,176.47,-31.56,141.73228346456693,6.097716535433079
MFG-LINE-PLT-006-02,2023-07-26,1,6.4,6.6,7.409,485.81,545.45,-34.85,562.5,-76.69
MFG-LINE-PLT-008-01,2021-01-19,3,138.1,113.9,129.722,27.65,31.61,-12.16,26.06806661839247,1.5819333816075272
MFG-LINE-PLT-004-01,2024-07-12,1,224.5,209.4,242.403,14.79,17.19,-16.03,16.035634743875278,-1.2456347438752786
MFG-LINE-PLT-004-07,2023-12-21,3,224.4,199.4,244.497,14.72,18.05,-34.53,16.0427807486631,-1.3227807486631011
MFG-LINE-PLT-010-03,2023-09-19,3,34.2,34.8,42.945,83.73,103.45,-32.19,105.26315789473684,-21.53315789473683
MFG-LINE-PLT-004-02,2022-07-22,3,244.9,225.0,285.094,12.53,16.0,-45.16,14.699877501020824,-2.1698775010208244
MFG-LINE-PLT-010-01,2020-06-19,3,267.8,279.7,327.472,10.95,12.87,-21.98,13.44286781179985,-2.492867811799851
MFG-LINE-PLT-007-01,2024-12-05,2,177.7,170.1,205.261,17.45,21.16,-28.74,20.258863252673045,-2.8088632526730457
MFG-LINE-PLT-010-02,2021-07-26,2,328.4,290.9,342.621,10.46,12.38,-30.53,10.962241169305726,-0.5022411693057247
MFG-LINE-PLT-007-01,2020-10-08,2,177.7,170.1,206.015,17.45,21.16,-19.35,20.258863252673045,-2.8088632526730457
MFG-LINE-PLT-003-03,2020-05-15,2,11.0,9.6,10.46,344.07,375.0,-49.04,327.27272727272725,16.79727272727274
MFG-LINE-PLT-010-02,2023-11-07,2,328.4,290.9,402.526,8.93,12.38,-36.67,10.962241169305726,-2.032241169305726
MFG-LINE-PLT-004-02,2021-06-29,3,244.9,225.0,258.133,13.82,16.0,-24.17,14.699877501020824,-0.8798775010208235
MFG-LINE-PLT-008-01,2024-07-15,1,138.1,113.9,123.983,28.99,31.61,-8.23,26.06806661839247,2.921933381607527
MFG-LINE-PLT-005-01,2024-04-03,2,33.7,34.4,41.846,85.99,104.65,-29.42,106.82492581602374,-20.83492581602374
MFG-LINE-PLT-005-06,2021-09-28,2,73.7,75.0,101.382,35.46,48.0,-35.77,48.846675712347356,-13.386675712347355
MFG-LINE-PLT-003-05,2024-08-04,1,39.9,39.1,41.535,86.62,92.07,-21.22,90.22556390977444,-3.605563909774432
MFG-LINE-PLT-004-06,2022-07-18,3,126.5,112.6,196.841,18.24,31.97,-45.02,28.458498023715414,-10.218498023715416
MFG-LINE-PLT-005-04,2020-07-04,2,51.5,46.6,50.793,70.81,77.25,-26.9,69.90291262135922,0.9070873786407816
MFG-LINE-PLT-002-02,2021-05-17,1,14.0,12.8,13.293,270.78,281.25,-5.98,257.14285714285717,13.637142857142805
MFG-LINE-PLT-005-05,2022-09-30,1,59.9,61.0,76.811,46.85,59.02,-44.82,60.10016694490818,-13.25016694490818
MFG-LINE-PLT-002-01,2024-06-07,1,43.4,38.1,39.811,90.37,94.49,-38.82,82.94930875576037,7.420691244239634
MFG-LINE-PLT-004-04,2020-10-18,1,354.2,289.7,303.69,11.73,12.43,-27.55,10.163749294184077,1.5662507058159232
MFG-LINE-PLT-010-04,2021-01-02,2,298.9,264.3,320.703,11.17,13.62,-29.9,12.04416192706591,-0.8741619270659093
MFG-LINE-PLT-006-01,2022-09-06,3,25.7,24.6,29.173,123.37,146.34,-26.4,140.07782101167317,-16.70782101167316
MFG-LINE-PLT-001-02,2020-02-17,1,62.4,50.8,56.391,63.81,70.87,-12.43,57.69230769230769,6.117692307692309
MFG-LINE-PLT-004-06,2024-08-16,3,126.5,112.6,137.296,26.16,31.97,-34.3,28.458498023715414,-2.298498023715414
MFG-LINE-PLT-010-04,2021-01-26,2,298.9,264.3,313.134,11.41,13.62,-33.96,12.04416192706591,-0.6341619270659091
MFG-LINE-PLT-005-05,2023-04-09,2,59.9,61.0,72.76,49.32,59.02,-28.34,60.10016694490818,-10.780166944908181
MFG-LINE-PLT-004-06,2023-03-23,2,126.5,112.6,131.901,27.26,31.97,-16.14,28.458498023715414,-1.1984980237154126
MFG-LINE-PLT-004-05,2020-05-25,2,156.1,151.3,177.379,20.25,23.79,-21.76,23.062139654067906,-2.812139654067906
MFG-LINE-PLT-002-02,2020-01-28,2,14.0,12.8,14.005,257.01,281.25,-26.05,257.14285714285717,-0.1328571428571763
MFG-LINE-PLT-005-05,2021-01-14,2,59.9,61.0,81.28,44.24,59.02,-51.86,60.10016694490818,-15.86016694490818
MFG-LINE-PLT-006-02,2023-08-13,1,6.4,6.6,8.679,414.65,545.45,-37.72,562.5,-147.85000000000002
MFG-LINE-PLT-005-01,2021-07-24,3,33.7,34.4,42.061,85.54,104.65,-26.25,106.82492581602374,-21.28492581602373
MFG-LINE-PLT-002-01,2022-07-01,2,43.4,38.1,46.304,77.69,94.49,-20.32,82.94930875576037,-5.259308755760372
MFG-LINE-PLT-005-06,2021-07-04,1,73.7,75.0,80.293,44.71,48.0,-32.49,48.846675712347356,-4.136675712347355
MFG-LINE-PLT-003-05,2021-02-11,3,39.9,39.1,45.775,78.59,92.07,-29.49,90.22556390977444,-11.635563909774433
MFG-LINE-PLT-004-04,2021-04-10,1,354.2,289.7,306.345,11.62,12.43,-26.88,10.163749294184077,1.456250705815922
MFG-LINE-PLT-002-04,2024-03-15,1,16.2,14.1,18.571,193.69,255.32,-68.34,222.22222222222223,-28.53222222222223
MFG-LINE-PLT-002-01,2021-02-03,1,43.4,38.1,48.222,74.62,94.49,-23.34,82.94930875576037,-8.329308755760366
MFG-LINE-PLT-010-01,2020-02-05,3,267.8,279.7,319.954,11.18,12.87,-29.7,13.44286781179985,-2.2628678117998504
MFG-LINE-PLT-003-04,2024-07-03,2,30.3,27.1,31.482,114.22,132.84,-20.25,118.8118811881188,-4.591881188118805
MFG-LINE-PLT-010-04,2022-08-19,1,298.9,264.3,335.08,10.72,13.62,-48.15,12.04416192706591,-1.3241619270659086
MFG-LINE-PLT-002-04,2023-07-10,3,16.2,14.1,17.619,204.23,255.32,-43.62,222.22222222222223,-17.99222222222224
MFG-LINE-PLT-004-01,2022-01-06,1,224.5,209.4,218.93,16.42,17.19,-18.4,16.035634743875278,0.38436525612472394
MFG-LINE-PLT-005-02,2023-10-14,1,53.5,47.5,50.918,70.65,75.79,-26.94,67.28971962616822,3.3602803738317846
MFG-LINE-PLT-004-06,2023-04-09,3,126.5,112.6,157.191,22.76,31.97,-39.58,28.458498023715414,-5.698498023715413
MFG-LINE-PLT-003-03,2024-05-08,3,11.0,9.6,11.822,304.41,375.0,-23.06,327.27272727272725,-22.862727272727227
MFG-LINE-PLT-004-05,2024-05-20,1,156.1,151.3,161.883,22.19,23.79,-34.91,23.062139654067906,-0.8721396540679045
MFG-LINE-PLT-002-02,2021-03-21,3,14.0,12.8,16.027,224.49,281.25,-32.95,257.14285714285717,-32.65285714285716
MFG-LINE-PLT-001-01,2021-10-21,1,25.4,20.4,21.981,163.77,176.47,-37.93,141.73228346456693,22.037716535433077
MFG-LINE-PLT-002-04,2022-02-17,1,16.2,14.1,16.918,212.7,255.32,-49.36,222.22222222222223,-9.52222222222224
MFG-LINE-PLT-008-02,2023-01-08,2,36.9,38.7,52.111,68.92,93.02,-39.47,97.5609756097561,-28.640975609756097
MFG-LINE-PLT-002-01,2022-04-13,1,43.4,38.1,43.04,83.48,94.49,-27.38,82.94930875576037,0.5306912442396339
MFG-LINE-PLT-003-05,2020-03-12,1,39.9,39.1,47.522,75.59,92.07,-55.93,90.22556390977444,-14.635563909774433
MFG-LINE-PLT-004-01,2024-04-19,1,224.5,209.4,268.548,13.32,17.19,-36.92,16.035634743875278,-2.7156347438752775
MFG-LINE-PLT-006-01,2024-03-15,2,25.7,24.6,26.99,133.22,146.34,-33.74,140.07782101167317,-6.857821011673167
MFG-LINE-PLT-007-01,2024-08-07,1,177.7,170.1,198.03,18.06,21.16,-40.24,20.258863252673045,-2.1988632526730463
MFG-LINE-PLT-004-04,2023-03-17,3,354.2,289.7,405.138,8.88,12.43,-44.57,10.163749294184077,-1.2837492941840765
MFG-LINE-PLT-007-02,2022-10-08,1,238.3,231.6,246.109,14.56,15.54,-21.74,15.107007973143096,-0.5470079731430957
MFG-LINE-PLT-004-01,2020-05-24,1,224.5,209.4,274.657,13.07,17.19,-47.24,16.035634743875278,-2.9656347438752775
MFG-LINE-PLT-004-01,2023-12-04,1,224.5,209.4,220.255,16.2,17.19,-44.44,16.035634743875278,0.16436525612472153
MFG-LINE-PLT-005-03,2024-11-21,1,62.1,56.6,73.884,48.61,63.6,-28.89,57.971014492753625,-9.361014492753625
MFG-LINE-PLT-004-07,2022-08-05,2,224.4,199.4,345.555,10.28,18.05,-53.62,16.0427807486631,-5.762780748663102
MFG-LINE-PLT-009-02,2023-10-10,3,40.5,33.0,40.727,88.35,109.09,-24.01,88.88888888888889,-0.5388888888888914
MFG-LINE-PLT-004-04,2024-07-27,2,354.2,289.7,343.778,10.32,12.43,-23.86,10.163749294184077,0.15625070581592304
MFG-LINE-PLT-004-04,2023-10-04,2,354.2,289.7,398.342,8.89,12.43,-40.45,10.163749294184077,-1.2737492941840767
MFG-LINE-PLT-004-04,2021-12-26,1,354.2,289.7,371.225,9.68,12.43,-40.23,10.163749294184077,-0.4837492941840775
MFG-LINE-PLT-002-01,2021-05-03,1,43.4,38.1,41.465,86.67,94.49,-45.86,82.94930875576037,3.7206912442396316
MFG-LINE-PLT-004-01,2022-09-05,2,224.5,209.4,347.644,10.22,17.19,-46.34,16.035634743875278,-5.815634743875277
MFG-LINE-PLT-006-02,2022-04-20,2,6.4,6.6,7.757,463.97,545.45,-33.18,562.5,-98.52999999999997
MFG-LINE-PLT-005-01,2020-10-07,1,33.7,34.4,56.679,63.46,104.65,-52.9,106.82492581602374,-43.364925816023735
MFG-LINE-PLT-001-01,2022-08-31,2,25.4,20.4,23.99,150.05,176.47,-24.85,141.73228346456693,8.317716535433078
MFG-LINE-PLT-006-01,2023-11-17,2,25.7,24.6,29.61,121.48,146.34,-31.18,140.07782101167317,-18.59782101167316
MFG-LINE-PLT-009-01,2024-04-14,2,63.4,62.8,84.821,42.38,57.32,-37.76,56.782334384858046,-14.402334384858044
MFG-LINE-PLT-004-05,2021-12-04,3,156.1,151.3,211.367,16.89,23.79,-50.29,23.062139654067906,-6.172139654067905
MFG-LINE-PLT-010-01,2022-02-09,3,267.8,279.7,391.155,9.19,12.87,-31.31,13.44286781179985,-4.252867811799851
MFG-LINE-PLT-008-01,2023-07-07,2,138.1,113.9,154.7,23.13,31.61,-44.98,26.06806661839247,-2.9380666183924724
MFG-LINE-PLT-004-04,2022-04-23,3,354.2,289.7,343.584,10.47,12.43,-36.46,10.163749294184077,0.3062507058159234
MFG-LINE-PLT-005-01,2022-11-11,2,33.7,34.4,41.943,85.78,104.65,-38.25,106.82492581602374,-21.044925816023735
MFG-LINE-PLT-003-04,2024-03-17,3,30.3,27.1,48.653,73.83,132.84,-57.56,118.8118811881188,-44.981881188118805
MFG-LINE-PLT-004-02,2020-06-14,2,244.9,225.0,298.019,12.03,16.0,-25.4,14.699877501020824,-2.6698775010208244
MFG-LINE-PLT-005-04,2021-03-30,2,51.5,46.6,62.547,57.54,77.25,-50.93,69.90291262135922,-12.362912621359222
MFG-LINE-PLT-003-02,2020-11-23,2,42.0,36.5,51.029,70.46,98.63,-36.45,85.71428571428571,-15.254285714285714
MFG-LINE-PLT-005-03,2022-03-29,1,62.1,56.6,60.383,59.52,63.6,-37.89,57.971014492753625,1.5489855072463783
MFG-LINE-PLT-003-03,2022-08-25,1,11.0,9.6,11.061,325.32,375.0,-35.74,327.27272727272725,-1.9527272727272589
MFG-LINE-PLT-010-03,2021-09-16,2,34.2,34.8,45.525,78.94,103.45,-55.18,105.26315789473684,-26.323157894736838
MFG-LINE-PLT-003-05,2020-04-07,2,39.9,39.1,52.308,68.78,92.07,-29.41,90.22556390977444,-21.445563909774435
MFG-LINE-PLT-001-01,2021-09-14,3,25.4,20.4,35.4,101.62,176.47,-48.51,141.73228346456693,-40.11228346456693
MFG-LINE-PLT-006-01,2023-11-05,3,25.7,24.6,29.221,123.15,146.34,-36.23,140.07782101167317,-16.92782101167316
MFG-LINE-PLT-003-02,2021-08-29,1,42.0,36.5,46.034,78.05,98.63,-42.41,85.71428571428571,-7.664285714285711
MFG-LINE-PLT-004-05,2024-03-10,2,156.1,151.3,202.803,17.7,23.79,-28.82,23.062139654067906,-5.3621396540679065
MFG-LINE-PLT-005-03,2024-12-16,3,62.1,56.6,69.797,51.53,63.6,-46.76,57.971014492753625,-6.441014492753624
MFG-LINE-PLT-001-02,2020-05-11,2,62.4,50.8,55.068,65.23,70.87,-51.05,57.69230769230769,7.537692307692311
MFG-LINE-PLT-003-02,2021-04-21,2,42.0,36.5,50.294,71.49,98.63,-43.33,85.71428571428571,-14.224285714285713
MFG-LINE-PLT-007-01,2021-03-31,1,177.7,170.1,280.667,12.69,21.16,-57.59,20.258863252673045,-7.5688632526730455
MFG-LINE-PLT-005-03,2021-08-26,2,62.1,56.6,68.621,52.2,63.6,-62.37,57.971014492753625,-5.771014492753622
MFG-LINE-PLT-005-06,2021-01-19,1,73.7,75.0,78.866,45.57,48.0,-17.87,48.846675712347356,-3.2766757123473553
MFG-LINE-PLT-004-07,2020-10-11,3,224.4,199.4,283.877,12.62,18.05,-41.79,16.0427807486631,-3.4227807486631026
MFG-LINE-PLT-010-02,2020-11-10,3,328.4,290.9,339.197,10.52,12.38,-34.07,10.962241169305726,-0.442241169305726
MFG-LINE-PLT-004-05,2021-05-09,1,156.1,151.3,195.891,18.35,23.79,-50.3,23.062139654067906,-4.712139654067904
MFG-LINE-PLT-004-03,2024-08-08,1,138.3,132.9,139.462,25.69,27.09,-10.75,26.030368763557483,-0.3403687635574819
MFG-LINE-PLT-007-02,2020-04-24,1,238.3,231.6,297.698,11.93,15.54,-40.0,15.107007973143096,-3.1770079731430965
MFG-LINE-PLT-004-01,2024-10-06,3,224.5,209.4,266.03,13.43,17.19,-35.34,16.035634743875278,-2.605634743875278
MFG-LINE-PLT-004-05,2023-08-30,1,156.1,151.3,153.604,23.31,23.79,-18.89,23.062139654067906,0.24786034593209294
MFG-LINE-PLT-004-02,2023-11-17,3,244.9,225.0,309.575,11.55,16.0,-30.77,14.699877501020824,-3.149877501020823
MFG-LINE-PLT-005-04,2021-07-11,3,51.5,46.6,58.308,61.59,77.25,-45.74,69.90291262135922,-8.312912621359217
MFG-LINE-PLT-006-02,2023-10-13,2,6.4,6.6,10.895,330.38,545.45,-58.51,562.5,-232.12
MFG-LINE-PLT-003-01,2023-06-27,2,21.2,20.5,28.508,126.26,175.61,-54.57,169.81132075471697,-43.55132075471697
MFG-LINE-PLT-002-04,2021-10-18,3,16.2,14.1,19.464,184.9,255.32,-34.27,222.22222222222223,-37.32222222222222
MFG-LINE-PLT-010-01,2024-06-14,1,267.8,279.7,454.669,7.77,12.87,-53.33,13.44286781179985,-5.672867811799851
MFG-LINE-PLT-005-06,2023-03-28,2,73.7,75.0,81.791,43.93,48.0,-21.75,48.846675712347356,-4.916675712347356
MFG-LINE-PLT-008-02,2023-01-12,3,36.9,38.7,48.416,74.24,93.02,-30.31,97.5609756097561,-23.320975609756104
MFG-LINE-PLT-005-01,2024-12-26,1,33.7,34.4,35.878,100.28,104.65,-23.51,106.82492581602374,-6.544925816023735
MFG-LINE-PLT-005-04,2021-06-08,2,51.5,46.6,51.383,69.99,77.25,-36.2,69.90291262135922,0.0870873786407742
MFG-LINE-PLT-008-02,2020-03-07,2,36.9,38.7,45.124,79.66,93.02,-33.49,97.5609756097561,-17.900975609756102
MFG-LINE-PLT-010-01,2023-02-11,1,267.8,279.7,296.068,12.06,12.87,-28.12,13.44286781179985,-1.3828678117998496
MFG-LINE-PLT-004-01,2023-09-16,3,224.5,209.4,242.011,14.84,17.19,-48.8,16.035634743875278,-1.195634743875278
MFG-LINE-PLT-005-01,2021-12-20,1,33.7,34.4,44.358,81.14,104.65,-32.54,106.82492581602374,-25.684925816023735
MFG-LINE-PLT-007-02,2022-09-17,2,238.3,231.6,248.063,14.38,15.54,-37.29,15.107007973143096,-0.7270079731430954
MFG-LINE-PLT-004-07,2022-03-30,3,224.4,199.4,281.191,12.78,18.05,-36.43,16.0427807486631,-3.2627807486631024
MFG-LINE-PLT-003-02,2021-06-11,2,42.0,36.5,42.875,83.92,98.63,-32.36,85.71428571428571,-1.7942857142857065
MFG-LINE-PLT-003-03,2024-04-12,1,11.0,9.6,10.876,330.9,375.0,-43.92,327.27272727272725,3.627272727272725
MFG-LINE-PLT-005-06,2022-09-18,2,73.7,75.0,132.029,27.2,48.0,-53.35,48.846675712347356,-21.646675712347356
MFG-LINE-PLT-004-04,2024-04-04,3,354.2,289.7,518.929,6.85,12.43,-55.21,10.163749294184077,-3.3137492941840776
MFG-LINE-PLT-004-01,2020-10-18,1,224.5,209.4,224.116,15.89,17.19,-42.75,16.035634743875278,-0.1456347438752772
MFG-LINE-PLT-005-03,2021-06-28,1,62.1,56.6,64.774,55.57,63.6,-14.38,57.971014492753625,-2.4010144927536246
MFG-LINE-PLT-002-02,2021-08-20,3,14.0,12.8,15.586,230.96,281.25,-22.98,257.14285714285717,-26.18285714285716
MFG-LINE-PLT-008-02,2022-02-13,2,36.9,38.7,43.293,83.1,93.02,-23.88,97.5609756097561,-14.460975609756105
MFG-LINE-PLT-004-03,2021-03-13,2,138.3,132.9,147.08,24.29,27.09,-41.21,26.030368763557483,-1.740368763557484
MFG-LINE-PLT-001-02,2022-06-28,1,62.4,50.8,53.409,67.34,70.87,-25.74,57.69230769230769,9.64769230769231
MFG-LINE-PLT-010-01,2021-08-23,2,267.8,279.7,371.802,9.6,12.87,-31.68,13.44286781179985,-3.8428678117998505
MFG-LINE-PLT-010-01,2023-11-08,2,267.8,279.7,374.274,9.6,12.87,-45.16,13.44286781179985,-3.8428678117998505
MFG-LINE-PLT-004-02,2020-07-13,2,244.9,225.0,250.247,14.31,16.0,-31.58,14.699877501020824,-0.3898775010208233
MFG-LINE-PLT-003-04,2021-03-16,2,30.3,27.1,37.26,96.58,132.84,-46.7,118.8118811881188,-22.231881188118805
MFG-LINE-PLT-004-05,2021-10-06,3,156.1,151.3,184.662,19.38,23.79,-44.26,23.062139654067906,-3.6821396540679068
MFG-LINE-PLT-002-03,2020-12-30,2,45.8,43.7,49.489,72.59,82.38,-29.21,78.60262008733625,-6.012620087336245
MFG-LINE-PLT-009-01,2024-03-11,2,63.4,62.8,76.294,47.14,57.32,-20.37,56.782334384858046,-9.642334384858046
MFG-LINE-PLT-005-01,2021-05-04,2,33.7,34.4,57.964,62.09,104.65,-55.12,106.82492581602374,-44.73492581602373
MFG-LINE-PLT-006-02,2022-02-07,1,6.4,6.6,7.416,485.43,545.45,-26.78,562.5,-77.07
MFG-LINE-PLT-005-03,2022-07-07,2,62.1,56.6,70.979,50.69,63.6,-43.78,57.971014492753625,-7.281014492753627
MFG-LINE-PLT-009-01,2021-10-05,3,63.4,62.8,89.456,40.19,57.32,-55.5,56.782334384858046,-16.59233438485805
MFG-LINE-PLT-004-02,2023-10-11,1,244.9,225.0,280.356,12.83,16.0,-19.82,14.699877501020824,-1.8698775010208237
MFG-LINE-PLT-005-01,2022-11-13,3,33.7,34.4,41.167,87.34,104.65,-24.76,106.82492581602374,-19.484925816023733
MFG-LINE-PLT-002-03,2020-09-18,1,45.8,43.7,55.859,64.39,82.38,-28.21,78.60262008733625,-14.212620087336248
MFG-LINE-PLT-004-04,2023-03-22,1,354.2,289.7,326.835,10.96,12.43,-23.16,10.163749294184077,0.7962507058159236
MFG-LINE-PLT-003-03,2024-12-29,1,11.0,9.6,10.54,341.49,375.0,-26.0,327.27272727272725,14.217272727272757
MFG-LINE-PLT-010-03,2021-07-30,1,34.2,34.8,44.775,80.25,103.45,-34.61,105.26315789473684,-25.013157894736835
MFG-LINE-PLT-003-01,2024-07-14,3,21.2,20.5,25.034,143.72,175.61,-29.69,169.81132075471697,-26.091320754716975
MFG-LINE-PLT-006-01,2021-07-10,2,25.7,24.6,33.654,106.92,146.34,-43.11,140.07782101167317,-33.157821011673164
MFG-LINE-PLT-001-02,2022-07-09,3,62.4,50.8,71.493,50.26,70.87,-34.81,57.69230769230769,-7.432307692307695
MFG-LINE-PLT-001-02,2020-01-03,3,62.4,50.8,70.78,50.79,70.87,-30.74,57.69230769230769,-6.902307692307694
MFG-LINE-PLT-009-02,2024-10-11,2,40.5,33.0,39.033,92.22,109.09,-19.32,88.88888888888889,3.331111111111113
MFG-LINE-PLT-005-02,2023-09-01,1,53.5,47.5,53.59,67.17,75.79,-17.92,67.28971962616822,-0.1197196261682194
MFG-LINE-PLT-004-02,2021-02-01,2,244.9,225.0,266.491,13.42,16.0,-15.75,14.699877501020824,-1.2798775010208239
MFG-LINE-PLT-003-04,2021-01-09,1,30.3,27.1,42.984,83.66,132.84,-38.75,118.8118811881188,-35.15188118811881
MFG-LINE-PLT-006-01,2021-08-21,2,25.7,24.6,34.035,105.61,146.34,-47.46,140.07782101167317,-34.467821011673166
MFG-LINE-PLT-004-07,2021-10-28,1,224.4,199.4,211.411,16.94,18.05,-34.07,16.0427807486631,0.8972192513368995
MFG-LINE-PLT-005-02,2023-05-30,2,53.5,47.5,57.388,62.61,75.79,-27.01,67.28971962616822,-4.679719626168222
MFG-LINE-PLT-005-06,2023-05-27,1,73.7,75.0,97.48,36.75,48.0,-40.18,48.846675712347356,-12.096675712347356
MFG-LINE-PLT-002-04,2020-05-07,2,16.2,14.1,19.257,186.87,255.32,-41.01,222.22222222222223,-35.352222222222224
MFG-LINE-PLT-002-01,2020-01-04,2,43.4,38.1,50.031,71.91,94.49,-38.17,82.94930875576037,-11.039308755760374
MFG-LINE-PLT-010-04,2020-07-30,3,298.9,264.3,316.46,11.27,13.62,-30.53,12.04416192706591,-0.7741619270659097
MFG-LINE-PLT-007-01,2024-06-07,2,177.7,170.1,201.608,17.67,21.16,-53.69,20.258863252673045,-2.5888632526730433
MFG-LINE-PLT-002-04,2021-12-13,2,16.2,14.1,19.133,188.13,255.32,-31.54,222.22222222222223,-34.09222222222223
MFG-LINE-PLT-010-01,2023-12-08,2,267.8,279.7,318.345,11.09,12.87,-48.89,13.44286781179985,-2.3528678117998503
MFG-LINE-PLT-010-03,2024-05-13,3,34.2,34.8,48.702,73.88,103.45,-42.21,105.26315789473684,-31.38315789473684
MFG-LINE-PLT-004-04,2022-07-02,1,354.2,289.7,326.468,10.98,12.43,-31.91,10.163749294184077,0.8162507058159232
MFG-LINE-PLT-004-06,2020-08-09,2,126.5,112.6,132.132,27.1,31.97,-23.29,28.458498023715414,-1.3584980237154127
MFG-LINE-PLT-002-03,2021-03-07,2,45.8,43.7,52.523,68.49,82.38,-35.45,78.60262008733625,-10.112620087336254
MFG-LINE-PLT-010-01,2021-01-25,2,267.8,279.7,306.246,11.66,12.87,-39.22,13.44286781179985,-1.78286781179985
MFG-LINE-PLT-005-03,2020-09-02,3,62.1,56.6,66.458,53.98,63.6,-50.0,57.971014492753625,-3.991014492753628
MFG-LINE-PLT-007-02,2023-03-11,3,238.3,231.6,286.389,12.45,15.54,-38.21,15.107007973143096,-2.657007973143097
MFG-LINE-PLT-004-03,2020-08-25,3,138.3,132.9,165.477,21.69,27.09,-38.1,26.030368763557483,-4.340368763557482
MFG-LINE-PLT-008-02,2020-07-12,2,36.9,38.7,52.521,68.37,93.02,-47.3,97.5609756097561,-29.190975609756094
MFG-LINE-PLT-001-01,2024-07-29,3,25.4,20.4,37.199,96.64,176.47,-45.19,141.73228346456693,-45.09228346456693
MFG-LINE-PLT-001-02,2020-10-24,2,62.4,50.8,60.408,59.45,70.87,-23.14,57.69230769230769,1.7576923076923094
MFG-LINE-PLT-003-04,2024-08-03,1,30.3,27.1,44.321,81.07,132.84,-51.46,118.8118811881188,-37.74188118811881
MFG-LINE-PLT-005-05,2020-08-15,3,59.9,61.0,75.765,47.42,59.02,-28.02,60.10016694490818,-12.68016694490818
MFG-LINE-PLT-005-01,2021-12-10,2,33.7,34.4,42.683,84.24,104.65,-40.9,106.82492581602374,-22.58492581602374
MFG-LINE-PLT-010-01,2023-08-11,2,267.8,279.7,363.264,9.86,12.87,-28.12,13.44286781179985,-3.5828678117998507
MFG-LINE-PLT-004-05,2020-08-16,2,156.1,151.3,196.286,18.27,23.79,-36.41,23.062139654067906,-4.792139654067906
MFG-LINE-PLT-004-07,2024-05-03,1,224.4,199.4,230.379,15.51,18.05,-36.3,16.0427807486631,-0.532780748663102
MFG-LINE-PLT-002-01,2021-03-09,3,43.4,38.1,54.536,65.97,94.49,-35.41,82.94930875576037,-16.97930875576037
MFG-LINE-PLT-004-05,2023-05-17,1,156.1,151.3,156.587,22.86,23.79,-30.77,23.062139654067906,-0.20213965406790635
MFG-LINE-PLT-002-04,2021-01-31,1,16.2,14.1,14.785,243.44,255.32,-26.11,222.22222222222223,21.21777777777777
MFG-LINE-PLT-004-05,2022-12-21,2,156.1,151.3,179.149,20.04,23.79,-23.6,23.062139654067906,-3.0221396540679066
MFG-LINE-PLT-004-02,2021-06-08,2,244.9,225.0,243.755,14.64,16.0,-17.24,14.699877501020824,-0.05987750102082323
MFG-LINE-PLT-003-05,2024-09-03,2,39.9,39.1,46.115,78.0,92.07,-19.88,90.22556390977444,-12.225563909774436
MFG-LINE-PLT-009-02,2021-10-15,1,40.5,33.0,54.63,65.89,109.09,-43.18,88.88888888888889,-22.998888888888885
MFG-LINE-PLT-001-02,2020-03-19,2,62.4,50.8,56.35,63.79,70.87,-16.73,57.69230769230769,6.097692307692306
MFG-LINE-PLT-001-02,2022-04-10,1,62.4,50.8,64.258,55.93,70.87,-32.55,57.69230769230769,-1.7623076923076937
MFG-LINE-PLT-005-02,2024-02-13,1,53.5,47.5,53.716,66.99,75.79,-13.73,67.28971962616822,-0.2997196261682262
MFG-LINE-PLT-008-01,2024-10-07,3,138.1,113.9,141.664,25.11,31.61,-70.92,26.06806661839247,-0.958066618392472
MFG-LINE-PLT-010-04,2022-04-07,3,298.9,264.3,369.722,9.65,13.62,-30.21,12.04416192706591,-2.394161927065909
MFG-LINE-PLT-009-01,2024-02-19,2,63.4,62.8,76.032,47.31,57.32,-28.29,56.782334384858046,-9.472334384858044
MFG-LINE-PLT-002-02,2021-08-06,2,14.0,12.8,15.004,239.9,281.25,-18.19,257.14285714285717,-17.24285714285716
MFG-LINE-PLT-005-02,2020-02-09,3,53.5,47.5,57.803,62.24,75.79,-23.16,67.28971962616822,-5.049719626168219
MFG-LINE-PLT-006-01,2022-09-07,2,25.7,24.6,27.586,130.41,146.34,-40.46,140.07782101167317,-9.667821011673169
MFG-LINE-PLT-004-04,2022-06-12,1,354.2,289.7,331.391,10.76,12.43,-33.67,10.163749294184077,0.5962507058159225
MFG-LINE-PLT-002-03,2023-02-26,1,45.8,43.7,48.938,73.46,82.38,-21.46,78.60262008733625,-5.142620087336255
MFG-LINE-PLT-005-02,2023-04-14,2,53.5,47.5,62.168,57.77,75.79,-41.3,67.28971962616822,-9.519719626168218
MFG-LINE-PLT-010-04,2021-03-05,2,298.9,264.3,353.226,10.11,13.62,-32.69,12.04416192706591,-1.9341619270659098
MFG-LINE-PLT-005-05,2024-06-18,2,59.9,61.0,71.568,50.16,59.02,-34.64,60.10016694490818,-9.940166944908185
MFG-LINE-PLT-005-05,2022-01-01,3,59.9,61.0,109.693,32.82,59.02,-49.57,60.10016694490818,-27.28016694490818
MFG-LINE-PLT-001-02,2023-07-14,1,62.4,50.8,54.25,66.21,70.87,-23.79,57.69230769230769,8.5176923076923
MFG-LINE-PLT-005-05,2021-02-11,2,59.9,61.0,70.574,50.96,59.02,-32.64,60.10016694490818,-9.14016694490818
MFG-LINE-PLT-010-03,2023-03-02,1,34.2,34.8,45.353,79.35,103.45,-36.06,105.26315789473684,-25.91315789473684
MFG-LINE-PLT-008-01,2022-04-30,1,138.1,113.9,118.705,30.27,31.61,-24.78,26.06806661839247,4.201933381607528
MFG-LINE-PLT-010-03,2021-12-26,1,34.2,34.8,37.118,96.89,103.45,-6.17,105.26315789473684,-8.373157894736835
MFG-LINE-PLT-003-01,2022-06-09,2,21.2,20.5,28.617,125.77,175.61,-40.48,169.81132075471697,-44.04132075471698
MFG-LINE-PLT-005-03,2024-07-13,1,62.1,56.6,67.049,53.69,63.6,-27.45,57.971014492753625,-4.281014492753627
MFG-LINE-PLT-003-04,2022-09-29,2,30.3,27.1,35.389,101.7,132.84,-44.43,118.8118811881188,-17.1118811881188
MFG-LINE-PLT-004-02,2022-12-15,2,244.9,225.0,305.859,11.66,16.0,-40.0,14.699877501020824,-3.0398775010208237
MFG-LINE-PLT-002-04,2024-07-18,1,16.2,14.1,23.514,152.89,255.32,-76.72,222.22222222222223,-69.33222222222224
MFG-LINE-PLT-002-03,2020-07-18,2,45.8,43.7,51.912,69.32,82.38,-48.03,78.60262008733625,-9.282620087336255
MFG-LINE-PLT-004-01,2021-05-08,2,224.5,209.4,276.802,12.86,17.19,-53.73,16.035634743875278,-3.1756347438752783
MFG-LINE-PLT-010-03,2022-06-07,1,34.2,34.8,45.484,78.97,103.45,-46.9,105.26315789473684,-26.293157894736837
MFG-LINE-PLT-008-01,2021-11-28,2,138.1,113.9,155.313,23.18,31.61,-52.7,26.06806661839247,-2.8880666183924717
MFG-LINE-PLT-007-01,2021-09-30,1,177.7,170.1,189.133,18.91,21.16,-19.63,20.258863252673045,-1.3488632526730449
MFG-LINE-PLT-010-02,2021-05-28,3,328.4,290.9,369.331,9.71,12.38,-22.68,10.962241169305726,-1.2522411693057247
MFG-LINE-PLT-001-02,2021-03-18,1,62.4,50.8,65.458,54.96,70.87,-27.27,57.69230769230769,-2.7323076923076925
MFG-LINE-PLT-001-02,2020-03-25,2,62.4,50.8,59.729,60.15,70.87,-40.99,57.69230769230769,2.457692307692305
MFG-LINE-PLT-004-04,2020-04-14,1,354.2,289.7,369.194,9.61,12.43,-35.96,10.163749294184077,-0.5537492941840778
MFG-LINE-PLT-001-02,2024-01-30,1,62.4,50.8,66.828,53.87,70.87,-40.27,57.69230769230769,-3.822307692307696
MFG-LINE-PLT-005-01,2022-06-23,1,33.7,34.4,43.766,82.16,104.65,-45.59,106.82492581602374,-24.66492581602374
MFG-LINE-PLT-002-03,2020-08-23,3,45.8,43.7,78.397,45.88,82.38,-45.57,78.60262008733625,-32.722620087336246
MFG-LINE-PLT-001-01,2022-08-03,1,25.4,20.4,22.653,158.84,176.47,-16.36,141.73228346456693,17.10771653543307
MFG-LINE-PLT-010-04,2024-08-31,1,298.9,264.3,277.033,12.88,13.62,-20.2,12.04416192706591,0.8358380729340915
MFG-LINE-PLT-004-05,2020-07-03,2,156.1,151.3,178.665,19.98,23.79,-38.29,23.062139654067906,-3.0821396540679054
MFG-LINE-PLT-004-06,2021-11-25,2,126.5,112.6,125.819,28.57,31.97,-20.95,28.458498023715414,0.11150197628458614
MFG-LINE-PLT-004-03,2024-11-23,1,138.3,132.9,172.644,20.82,27.09,-34.88,26.030368763557483,-5.210368763557483
MFG-LINE-PLT-007-02,2020-05-30,2,238.3,231.6,277.448,12.85,15.54,-31.71,15.107007973143096,-2.2570079731430965
MFG-LINE-PLT-004-05,2024-06-01,2,156.1,151.3,169.268,21.23,23.79,-28.49,23.062139654067906,-1.8321396540679054
MFG-LINE-PLT-002-04,2021-10-03,1,16.2,14.1,15.889,226.53,255.32,-28.8,222.22222222222223,4.307777777777773
MFG-LINE-PLT-005-02,2023-04-16,3,53.5,47.5,64.619,55.65,75.79,-43.0,67.28971962616822,-11.639719626168223
MFG-LINE-PLT-005-01,2024-08-03,1,33.7,34.4,36.402,98.83,104.65,-21.11,106.82492581602374,-7.994925816023738
MFG-LINE-PLT-008-01,2020-12-16,2,138.1,113.9,138.719,25.92,31.61,-27.35,26.06806661839247,-0.1480666183924697
MFG-LINE-PLT-005-02,2020-04-27,2,53.5,47.5,55.099,65.22,75.79,-36.79,67.28971962616822,-2.0697196261682222
MFG-LINE-PLT-006-01,2023-10-11,3,25.7,24.6,31.153,115.4,146.34,-39.53,140.07782101167317,-24.67782101167316
MFG-LINE-PLT-007-01,2024-07-21,1,177.7,170.1,192.429,18.63,21.16,-22.42,20.258863252673045,-1.628863252673046
MFG-LINE-PLT-004-06,2024-07-10,3,126.5,112.6,203.748,17.53,31.97,-59.66,28.458498023715414,-10.928498023715413
MFG-LINE-PLT-005-06,2023-07-25,2,73.7,75.0,89.589,40.17,48.0,-17.7,48.846675712347356,-8.676675712347354
MFG-LINE-PLT-004-06,2023-11-20,2,126.5,112.6,121.241,29.59,31.97,-13.28,28.458498023715414,1.1315019762845857
MFG-LINE-PLT-003-05,2023-04-24,2,39.9,39.1,51.57,69.75,92.07,-49.31,90.22556390977444,-20.475563909774436
MFG-LINE-PLT-007-02,2021-03-01,2,238.3,231.6,314.537,11.4,15.54,-39.66,15.107007973143096,-3.707007973143096
MFG-LINE-PLT-001-01,2024-04-13,2,25.4,20.4,23.833,150.96,176.47,-20.68,141.73228346456693,9.227716535433075
MFG-LINE-PLT-010-01,2023-03-26,3,267.8,279.7,351.175,10.16,12.87,-46.08,13.44286781179985,-3.28286781179985
MFG-LINE-PLT-009-01,2020-05-03,3,63.4,62.8,75.658,47.43,57.32,-29.95,56.782334384858046,-9.352334384858047
MFG-LINE-PLT-010-04,2021-11-27,2,298.9,264.3,310.218,11.55,13.62,-27.72,12.04416192706591,-0.49416192706590856
MFG-LINE-PLT-004-02,2020-02-13,2,244.9,225.0,267.908,13.31,16.0,-20.17,14.699877501020824,-1.3898775010208233
MFG-LINE-PLT-001-01,2022-02-19,2,25.4,20.4,22.826,157.63,176.47,-23.83,141.73228346456693,15.897716535433062
MFG-LINE-PLT-003-01,2024-08-15,2,21.2,20.5,27.444,131.02,175.61,-76.61,169.81132075471697,-38.79132075471696
MFG-LINE-PLT-009-02,2020-12-04,3,40.5,33.0,58.76,61.18,109.09,-55.11,88.88888888888889,-27.708888888888886
MFG-LINE-PLT-002-01,2023-10-04,1,43.4,38.1,43.56,82.4,94.49,-48.95,82.94930875576037,-0.5493087557603644
MFG-LINE-PLT-006-01,2020-10-12,1,25.7,24.6,32.152,111.93,146.34,-38.42,140.07782101167317,-28.14782101167316
MFG-LINE-PLT-010-02,2022-08-23,1,328.4,290.9,377.852,9.45,12.38,-25.29,10.962241169305726,-1.5122411693057263
MFG-LINE-PLT-004-06,2024-08-04,2,126.5,112.6,152.996,23.47,31.97,-40.89,28.458498023715414,-4.988498023715415
MFG-LINE-PLT-007-01,2024-03-30,1,177.7,170.1,192.24,18.58,21.16,-35.71,20.258863252673045,-1.6788632526730467
MFG-LINE-PLT-008-02,2023-12-11,2,36.9,38.7,46.981,76.52,93.02,-22.82,97.5609756097561,-21.040975609756103
MFG-LINE-PLT-004-03,2021-12-26,1,138.3,132.9,148.229,24.12,27.09,-49.77,26.030368763557483,-1.9103687635574822
MFG-LINE-PLT-009-01,2024-05-17,1,63.4,62.8,65.595,54.7,57.32,-48.68,56.782334384858046,-2.0823343848580436
MFG-LINE-PLT-004-06,2024-07-04,1,126.5,112.6,177.602,20.1,31.97,-51.12,28.458498023715414,-8.358498023715413
MFG-LINE-PLT-010-03,2022-02-08,1,34.2,34.8,56.687,63.45,103.45,-49.66,105.26315789473684,-41.81315789473683
MFG-LINE-PLT-009-02,2020-11-06,3,40.5,33.0,41.157,87.37,109.09,-25.0,88.88888888888889,-1.5188888888888812
MFG-LINE-PLT-010-04,2023-11-25,3,298.9,264.3,296.042,12.07,13.62,-15.62,12.04416192706591,0.025838072934091016
MFG-LINE-PLT-003-01,2023-09-23,2,21.2,20.5,27.642,130.04,175.61,-56.39,169.81132075471697,-39.77132075471698
MFG-LINE-PLT-004-06,2021-06-22,1,126.5,112.6,142.536,25.22,31.97,-32.24,28.458498023715414,-3.2384980237154153
MFG-LINE-PLT-003-02,2024-07-13,1,42.0,36.5,47.418,75.85,98.63,-57.12,85.71428571428571,-9.864285714285714
MFG-LINE-PLT-003-02,2020-09-13,2,42.0,36.5,42.214,85.13,98.63,-34.33,85.71428571428571,-0.5842857142857127
MFG-LINE-PLT-006-01,2020-09-03,2,25.7,24.6,33.687,106.81,146.34,-36.99,140.07782101167317,-33.26782101167316
MFG-LINE-PLT-001-02,2020-08-21,1,62.4,50.8,54.763,65.62,70.87,-21.09,57.69230769230769,7.927692307692311
MFG-LINE-PLT-004-07,2022-03-31,1,224.4,199.4,206.006,17.44,18.05,-27.66,16.0427807486631,1.3972192513368995
MFG-LINE-PLT-003-01,2021-01-19,2,21.2,20.5,24.326,147.95,175.61,-23.64,169.81132075471697,-21.861320754716985
MFG-LINE-PLT-005-04,2021-09-28,2,51.5,46.6,62.443,57.53,77.25,-59.46,69.90291262135922,-12.37291262135922
MFG-LINE-PLT-010-04,2022-01-21,2,298.9,264.3,358.03,9.94,13.62,-27.08,12.04416192706591,-2.1041619270659098
MFG-LINE-PLT-004-04,2023-02-18,1,354.2,289.7,373.531,9.51,12.43,-28.89,10.163749294184077,-0.6537492941840775
MFG-LINE-PLT-003-02,2022-10-29,2,42.0,36.5,43.773,82.18,98.63,-31.28,85.71428571428571,-3.5342857142857014
MFG-LINE-PLT-002-04,2021-06-25,3,16.2,14.1,15.968,225.43,255.32,-11.63,222.22222222222223,3.2077777777777783
MFG-LINE-PLT-005-05,2022-04-27,2,59.9,61.0,81.782,43.98,59.02,-28.18,60.10016694490818,-16.120166944908185
MFG-LINE-PLT-004-07,2020-01-02,3,224.4,199.4,248.411,14.36,18.05,-40.85,16.0427807486631,-1.6827807486631023
MFG-LINE-PLT-003-01,2022-12-21,1,21.2,20.5,26.718,134.51,175.61,-57.1,169.81132075471697,-35.30132075471698
MFG-LINE-PLT-005-01,2023-12-25,1,33.7,34.4,45.049,79.89,104.65,-33.13,106.82492581602374,-26.934925816023735
MFG-LINE-PLT-007-01,2024-09-19,2,177.7,170.1,201.84,17.81,21.16,-25.64,20.258863252673045,-2.4488632526730463
MFG-LINE-PLT-001-01,2023-09-01,2,25.4,20.4,24.325,147.8,176.47,-44.7,141.73228346456693,6.067716535433078
MFG-LINE-PLT-004-06,2023-03-19,1,126.5,112.6,143.903,24.94,31.97,-36.86,28.458498023715414,-3.518498023715413
MFG-LINE-PLT-002-01,2023-02-06,3,43.4,38.1,44.481,80.91,94.49,-28.59,82.94930875576037,-2.0393087557603735
MFG-LINE-PLT-008-01,2023-07-02,1,138.1,113.9,129.941,27.61,31.61,-15.52,26.06806661839247,1.541933381607528
MFG-LINE-PLT-009-01,2021-06-23,1,63.4,62.8,70.309,51.13,57.32,-23.13,56.782334384858046,-5.652334384858044
MFG-LINE-PLT-003-03,2022-04-15,2,11.0,9.6,10.749,334.75,375.0,-33.6,327.27272727272725,7.477272727272748
MFG-LINE-PLT-002-02,2021-06-08,3,14.0,12.8,15.383,233.96,281.25,-22.38,257.14285714285717,-23.18285714285716
MFG-LINE-PLT-002-03,2022-09-10,3,45.8,43.7,79.058,45.51,82.38,-74.74,78.60262008733625,-33.09262008733625
MFG-LINE-PLT-004-02,2020-10-30,3,244.9,225.0,276.945,12.94,16.0,-20.16,14.699877501020824,-1.7598775010208243
MFG-LINE-PLT-010-03,2022-09-19,1,34.2,34.8,57.174,62.94,103.45,-45.37,105.26315789473684,-42.32315789473684
MFG-LINE-PLT-004-04,2021-12-10,3,354.2,289.7,326.77,10.93,12.43,-25.29,10.163749294184077,0.7662507058159225
MFG-LINE-PLT-003-03,2020-08-27,1,11.0,9.6,10.923,329.5,375.0,-14.68,327.27272727272725,2.227272727272748
MFG-LINE-PLT-003-02,2023-04-23,3,42.0,36.5,52.167,68.95,98.63,-33.43,85.71428571428571,-16.764285714285705
MFG-LINE-PLT-010-04,2023-02-06,1,298.9,264.3,435.276,8.21,13.62,-46.94,12.04416192706591,-3.8341619270659084
MFG-LINE-PLT-001-02,2020-04-19,2,62.4,50.8,58.616,61.36,70.87,-13.36,57.69230769230769,3.667692307692306
MFG-LINE-PLT-004-03,2023-12-13,1,138.3,132.9,167.635,21.39,27.09,-26.13,26.030368763557483,-4.640368763557483
MFG-LINE-PLT-001-02,2020-07-04,1,62.4,50.8,57.915,62.09,70.87,-19.92,57.69230769230769,4.39769230769231
MFG-LINE-PLT-009-02,2024-02-13,1,40.5,33.0,41.619,86.36,109.09,-30.41,88.88888888888889,-2.5288888888888863
MFG-LINE-PLT-004-02,2022-02-14,2,244.9,225.0,265.381,13.47,16.0,-15.2,14.699877501020824,-1.2298775010208232
MFG-LINE-PLT-004-05,2020-09-30,2,156.1,151.3,177.491,20.27,23.79,-28.02,23.062139654067906,-2.792139654067906
MFG-LINE-PLT-006-02,2024-02-14,1,6.4,6.6,7.189,500.72,545.45,-52.16,562.5,-61.77999999999997
MFG-LINE-PLT-004-07,2024-04-14,2,224.4,199.4,236.244,15.19,18.05,-32.06,16.0427807486631,-0.8527807486631023
MFG-LINE-PLT-010-02,2024-12-08,1,328.4,290.9,305.054,11.68,12.38,-25.51,10.962241169305726,0.7177588306942742
MFG-LINE-PLT-008-01,2021-08-10,1,138.1,113.9,117.396,30.49,31.61,-36.95,26.06806661839247,4.421933381607527
MFG-LINE-PLT-004-05,2022-07-31,3,156.1,151.3,186.927,19.12,23.79,-47.7,23.062139654067906,-3.942139654067905
MFG-LINE-PLT-001-02,2020-10-03,2,62.4,50.8,69.723,51.61,70.87,-29.06,57.69230769230769,-6.082307692307694
MFG-LINE-PLT-004-01,2021-11-15,3,224.5,209.4,240.192,14.85,17.19,-34.31,16.035634743875278,-1.1856347438752781
MFG-LINE-PLT-005-06,2022-05-30,2,73.7,75.0,91.864,39.04,48.0,-34.42,48.846675712347356,-9.806675712347356
MFG-LINE-PLT-010-02,2023-10-21,3,328.4,290.9,516.883,6.75,12.38,-79.55,10.962241169305726,-4.212241169305726
MFG-LINE-PLT-007-01,2024-11-09,1,177.7,170.1,177.139,20.21,21.16,-30.86,20.258863252673045,-0.048863252673044144
MFG-LINE-PLT-005-01,2022-08-31,3,33.7,34.4,49.313,72.92,104.65,-54.26,106.82492581602374,-33.904925816023734
MFG-LINE-PLT-004-05,2022-06-12,1,156.1,151.3,194.498,18.35,23.79,-42.25,23.062139654067906,-4.712139654067904
MFG-LINE-PLT-007-01,2024-09-05,1,177.7,170.1,194.322,18.5,21.16,-25.81,20.258863252673045,-1.758863252673045
MFG-LINE-PLT-004-03,2022-10-10,1,138.3,132.9,136.751,26.32,27.09,-41.97,26.030368763557483,0.2896312364425171
MFG-LINE-PLT-002-02,2020-12-26,1,14.0,12.8,16.174,222.57,281.25,-38.73,257.14285714285717,-34.572857142857174
MFG-LINE-PLT-003-05,2023-09-03,2,39.9,39.1,42.861,83.9,92.07,-18.87,90.22556390977444,-6.325563909774431
MFG-LINE-PLT-002-02,2020-12-24,1,14.0,12.8,13.481,266.92,281.25,-18.02,257.14285714285717,9.777142857142849
MFG-LINE-PLT-010-01,2022-07-08,3,267.8,279.7,319.679,11.23,12.87,-14.85,13.44286781179985,-2.2128678117998497
MFG-LINE-PLT-003-04,2020-07-25,2,30.3,27.1,32.266,111.55,132.84,-30.08,118.8118811881188,-7.261881188118807
MFG-LINE-PLT-002-01,2024-07-09,1,43.4,38.1,48.811,73.53,94.49,-55.66,82.94930875576037,-9.419308755760369
MFG-LINE-PLT-010-02,2023-12-12,2,328.4,290.9,403.401,8.81,12.38,-35.16,10.962241169305726,-2.152241169305725
MFG-LINE-PLT-004-04,2021-12-02,1,354.2,289.7,290.758,12.26,12.43,-3.03,10.163749294184077,2.0962507058159225
MFG-LINE-PLT-005-03,2024-02-09,2,62.1,56.6,68.871,52.14,63.6,-47.96,57.971014492753625,-5.831014492753624
MFG-LINE-PLT-005-02,2024-06-06,3,53.5,47.5,55.461,64.78,75.79,-16.4,67.28971962616822,-2.50971962616822
MFG-LINE-PLT-005-01,2021-06-14,1,33.7,34.4,38.965,92.3,104.65,-34.77,106.82492581602374,-14.524925816023739
MFG-LINE-PLT-002-04,2023-02-19,2,16.2,14.1,16.718,215.23,255.32,-59.99,222.22222222222223,-6.992222222222239
MFG-LINE-PLT-005-04,2022-06-30,1,51.5,46.6,53.432,67.24,77.25,-36.74,69.90291262135922,-2.662912621359226
MFG-LINE-PLT-005-03,2023-08-08,3,62.1,56.6,71.475,50.35,63.6,-39.74,57.971014492753625,-7.621014492753623
MFG-LINE-PLT-004-03,2020-03-16,1,138.3,132.9,149.433,23.92,27.09,-65.52,26.030368763557483,-2.1103687635574815
MFG-LINE-PLT-005-01,2023-10-04,1,33.7,34.4,37.42,96.07,104.65,-33.64,106.82492581602374,-10.754925816023743
MFG-LINE-PLT-002-04,2022-12-19,2,16.2,14.1,16.684,215.75,255.32,-29.61,222.22222222222223,-6.4722222222222285
MFG-LINE-PLT-002-04,2021-11-09,1,16.2,14.1,14.611,246.32,255.32,-9.67,222.22222222222223,24.097777777777765
MFG-LINE-PLT-004-05,2022-11-26,3,156.1,151.3,183.003,19.57,23.79,-27.98,23.062139654067906,-3.4921396540679055
MFG-LINE-PLT-005-03,2022-06-28,1,62.1,56.6,73.644,48.71,63.6,-54.47,57.971014492753625,-9.261014492753624
MFG-LINE-PLT-010-03,2020-07-20,2,34.2,34.8,48.301,74.53,103.45,-43.66,105.26315789473684,-30.733157894736834
MFG-LINE-PLT-002-01,2021-06-25,1,43.4,38.1,61.546,58.32,94.49,-54.66,82.94930875576037,-24.62930875576037
MFG-LINE-PLT-006-01,2022-08-22,1,25.7,24.6,25.99,138.46,146.34,-23.79,140.07782101167317,-1.6178210116731577
MFG-LINE-PLT-007-01,2022-09-26,1,177.7,170.1,180.432,19.85,21.16,-11.31,20.258863252673045,-0.4088632526730436
MFG-LINE-PLT-005-02,2023-05-10,1,53.5,47.5,52.916,67.94,75.79,-45.33,67.28971962616822,0.6502803738317766
MFG-LINE-PLT-008-01,2022-01-14,1,138.1,113.9,126.79,28.39,31.61,-17.86,26.06806661839247,2.321933381607529
MFG-LINE-PLT-002-01,2024-04-02,2,43.4,38.1,65.466,54.8,94.49,-87.6,82.94930875576037,-28.149308755760373
MFG-LINE-PLT-003-05,2020-04-15,3,39.9,39.1,48.82,73.52,92.07,-57.21,90.22556390977444,-16.70556390977444
MFG-LINE-PLT-004-06,2021-06-24,1,126.5,112.6,176.824,20.28,31.97,-39.6,28.458498023715414,-8.178498023715413
MFG-LINE-PLT-001-01,2024-04-18,3,25.4,20.4,37.645,95.6,176.47,-48.65,141.73228346456693,-46.13228346456694
MFG-LINE-PLT-005-01,2022-07-18,1,33.7,34.4,55.257,65.14,104.65,-59.14,106.82492581602374,-41.684925816023735
MFG-LINE-PLT-004-02,2024-09-20,1,244.9,225.0,242.083,14.74,16.0,-14.04,14.699877501020824,0.04012249897917641
MFG-LINE-PLT-005-05,2020-07-17,1,59.9,61.0,63.931,56.16,59.02,-14.78,60.10016694490818,-3.940166944908185
MFG-LINE-PLT-003-05,2022-07-12,1,39.9,39.1,43.489,82.71,92.07,-14.08,90.22556390977444,-7.515563909774443
MFG-LINE-PLT-010-04,2020-12-18,1,298.9,264.3,301.406,11.87,13.62,-28.28,12.04416192706591,-0.17416192706591005
MFG-LINE-PLT-004-03,2020-11-03,1,138.3,132.9,171.161,20.92,27.09,-44.0,26.030368763557483,-5.1103687635574815
MFG-LINE-PLT-006-02,2021-08-25,2,6.4,6.6,7.835,459.44,545.45,-32.82,562.5,-103.06
MFG-LINE-PLT-005-03,2024-12-25,1,62.1,56.6,57.907,62.14,63.6,-13.43,57.971014492753625,4.168985507246376
MFG-LINE-PLT-004-04,2021-07-16,1,354.2,289.7,454.398,7.77,12.43,-48.91,10.163749294184077,-2.3937492941840777
MFG-LINE-PLT-010-03,2020-10-04,1,34.2,34.8,44.985,79.98,103.45,-34.71,105.26315789473684,-25.28315789473683
MFG-LINE-PLT-005-04,2022-12-11,1,51.5,46.6,60.458,59.49,77.25,-33.5,69.90291262135922,-10.412912621359219
MFG-LINE-PLT-003-04,2022-05-20,1,30.3,27.1,28.235,127.46,132.84,-6.16,118.8118811881188,8.64811881188119
MFG-LINE-PLT-003-04,2022-09-05,1,30.3,27.1,30.638,117.4,132.84,-26.46,118.8118811881188,-1.411881188118798
MFG-LINE-PLT-004-05,2020-03-07,1,156.1,151.3,196.481,18.31,23.79,-23.81,23.062139654067906,-4.752139654067907
MFG-LINE-PLT-002-01,2022-08-19,1,43.4,38.1,49.958,72.01,94.49,-42.7,82.94930875576037,-10.939308755760365
MFG-LINE-PLT-004-02,2022-03-28,1,244.9,225.0,256.409,13.98,16.0,-23.14,14.699877501020824,-0.7198775010208234
MFG-LINE-PLT-004-03,2024-10-05,1,138.3,132.9,137.154,26.07,27.09,-30.57,26.030368763557483,0.03963123644251709
MFG-LINE-PLT-003-03,2022-08-16,2,11.0,9.6,12.82,280.79,375.0,-47.27,327.27272727272725,-46.48272727272723
MFG-LINE-PLT-007-02,2023-06-21,2,238.3,231.6,404.834,8.88,15.54,-62.5,15.107007973143096,-6.227007973143095
MFG-LINE-PLT-004-07,2023-07-13,2,224.4,199.4,229.181,15.59,18.05,-34.11,16.0427807486631,-0.4527807486631019
MFG-LINE-PLT-005-01,2021-08-14,1,33.7,34.4,44.661,80.51,104.65,-35.45,106.82492581602374,-26.31492581602373
MFG-LINE-PLT-005-05,2021-10-24,1,59.9,61.0,67.614,53.18,59.02,-18.01,60.10016694490818,-6.920166944908182
MFG-LINE-PLT-010-03,2024-06-24,1,34.2,34.8,45.897,78.31,103.45,-78.18,105.26315789473684,-26.953157894736833
MFG-LINE-PLT-005-03,2020-09-19,1,62.1,56.6,58.962,60.57,63.6,-75.62,57.971014492753625,2.5989855072463754
MFG-LINE-PLT-005-04,2022-08-06,1,51.5,46.6,52.278,68.72,77.25,-22.46,69.90291262135922,-1.1829126213592218
MFG-LINE-PLT-004-05,2023-08-03,2,156.1,151.3,262.399,13.67,23.79,-46.41,23.062139654067906,-9.392139654067906
MFG-LINE-PLT-005-04,2022-02-19,3,51.5,46.6,57.81,62.16,77.25,-28.95,69.90291262135922,-7.742912621359224
MFG-LINE-PLT-007-02,2021-05-25,3,238.3,231.6,297.392,11.98,15.54,-29.75,15.107007973143096,-3.1270079731430958
MFG-LINE-PLT-007-02,2024-06-06,2,238.3,231.6,396.314,8.98,15.54,-42.98,15.107007973143096,-6.127007973143096
MFG-LINE-PLT-010-04,2020-02-03,2,298.9,264.3,359.998,9.98,13.62,-45.37,12.04416192706591,-2.064161927065909
MFG-LINE-PLT-008-02,2020-05-18,2,36.9,38.7,45.441,79.1,93.02,-19.48,97.5609756097561,-18.460975609756105
MFG-LINE-PLT-003-02,2023-04-10,2,42.0,36.5,48.749,73.85,98.63,-49.93,85.71428571428571,-11.864285714285714
MFG-LINE-PLT-004-05,2022-05-19,2,156.1,151.3,164.931,21.81,23.79,-8.06,23.062139654067906,-1.252139654067907
MFG-LINE-PLT-010-03,2020-06-26,3,34.2,34.8,49.723,72.38,103.45,-30.63,105.26315789473684,-32.88315789473684
MFG-LINE-PLT-005-03,2024-05-08,3,62.1,56.6,80.43,44.64,63.6,-54.83,57.971014492753625,-13.331014492753624
MFG-LINE-PLT-004-05,2021-03-17,2,156.1,151.3,203.969,17.53,23.79,-27.43,23.062139654067906,-5.532139654067905
MFG-LINE-PLT-003-04,2021-09-29,2,30.3,27.1,33.224,108.2,132.84,-42.46,118.8118811881188,-10.6118811881188
MFG-LINE-PLT-005-05,2022-08-11,3,59.9,61.0,75.257,47.74,59.02,-62.68,60.10016694490818,-12.36016694490818
MFG-LINE-PLT-003-05,2024-01-03,1,39.9,39.1,43.636,82.48,92.07,-20.83,90.22556390977444,-7.745563909774432
MFG-LINE-PLT-005-02,2022-05-25,2,53.5,47.5,54.467,66.09,75.79,-43.62,67.28971962616822,-1.1997196261682177
MFG-LINE-PLT-003-03,2024-06-24,2,11.0,9.6,11.574,310.95,375.0,-24.66,327.27272727272725,-16.322727272727263
MFG-LINE-PLT-004-07,2021-05-25,1,224.4,199.4,212.707,16.92,18.05,-20.47,16.0427807486631,0.8772192513368999
MFG-LINE-PLT-004-05,2022-02-26,2,156.1,151.3,178.091,20.15,23.79,-24.7,23.062139654067906,-2.912139654067907
MFG-LINE-PLT-005-05,2024-12-14,1,59.9,61.0,64.852,55.45,59.02,-10.94,60.10016694490818,-4.650166944908179
MFG-LINE-PLT-010-03,2020-10-09,3,34.2,34.8,62.177,57.89,103.45,-57.55,105.26315789473684,-47.373157894736835
MFG-LINE-PLT-002-02,2020-07-11,2,14.0,12.8,14.156,254.2,281.25,-14.14,257.14285714285717,-2.9428571428571786
MFG-LINE-PLT-005-04,2023-09-23,3,51.5,46.6,59.543,60.34,77.25,-29.16,69.90291262135922,-9.562912621359217
MFG-LINE-PLT-010-03,2022-11-10,2,34.2,34.8,42.123,85.38,103.45,-31.75,105.26315789473684,-19.88315789473684
MFG-LINE-PLT-002-01,2022-03-18,1,43.4,38.1,48.981,73.38,94.49,-44.69,82.94930875576037,-9.569308755760375
MFG-LINE-PLT-004-07,2023-05-06,1,224.4,199.4,219.681,16.28,18.05,-20.98,16.0427807486631,0.23721925133689936
MFG-LINE-PLT-004-02,2022-11-30,1,244.9,225.0,250.497,14.21,16.0,-38.84,14.699877501020824,-0.48987750102082295
MFG-LINE-PLT-003-01,2021-04-09,3,21.2,20.5,28.569,125.99,175.61,-37.87,169.81132075471697,-43.82132075471698
MFG-LINE-PLT-003-02,2022-09-17,1,42.0,36.5,42.22,85.26,98.63,-31.87,85.71428571428571,-0.4542857142857031
MFG-LINE-PLT-010-01,2024-12-11,3,267.8,279.7,391.104,9.2,12.87,-44.21,13.44286781179985,-4.242867811799851
MFG-LINE-PLT-003-04,2021-06-20,3,30.3,27.1,33.069,108.73,132.84,-20.28,118.8118811881188,-10.0818811881188
MFG-LINE-PLT-007-01,2020-04-21,1,177.7,170.1,194.628,18.4,21.16,-14.84,20.258863252673045,-1.8588632526730464
MFG-LINE-PLT-003-02,2021-06-18,3,42.0,36.5,46.126,77.94,98.63,-39.09,85.71428571428571,-7.7742857142857105
MFG-LINE-PLT-003-03,2022-06-14,1,11.0,9.6,10.003,359.8,375.0,-4.95,327.27272727272725,32.52727272727276
MFG-LINE-PLT-009-02,2024-01-26,3,40.5,33.0,45.114,79.79,109.09,-32.44,88.88888888888889,-9.09888888888888
MFG-LINE-PLT-010-01,2022-06-27,1,267.8,279.7,466.735,7.62,12.87,-59.14,13.44286781179985,-5.82286781179985
MFG-LINE-PLT-004-04,2024-09-29,1,354.2,289.7,368.088,9.66,12.43,-28.74,10.163749294184077,-0.5037492941840771
MFG-LINE-PLT-001-02,2021-04-12,2,62.4,50.8,68.487,52.5,70.87,-31.49,57.69230769230769,-5.192307692307693
MFG-LINE-PLT-004-01,2020-02-12,1,224.5,209.4,238.142,14.99,17.19,-37.6,16.035634743875278,-1.0456347438752776
MFG-LINE-PLT-010-01,2024-12-30,2,267.8,279.7,371.541,9.67,12.87,-31.58,13.44286781179985,-3.77286781179985
MFG-LINE-PLT-010-04,2024-02-03,1,298.9,264.3,294.865,12.1,13.62,-17.48,12.04416192706591,0.05583807293409038
MFG-LINE-PLT-008-02,2022-03-09,2,36.9,38.7,51.12,70.32,93.02,-40.26,97.5609756097561,-27.240975609756106
MFG-LINE-PLT-009-02,2021-07-06,1,40.5,33.0,34.278,104.93,109.09,-20.97,88.88888888888889,16.04111111111112
MFG-LINE-PLT-007-02,2023-11-20,2,238.3,231.6,256.16,13.96,15.54,-33.61,15.107007973143096,-1.1470079731430953
MFG-LINE-PLT-004-04,2022-08-05,1,354.2,289.7,333.584,10.75,12.43,-49.47,10.163749294184077,0.5862507058159228
MFG-LINE-PLT-009-02,2020-05-31,1,40.5,33.0,43.142,83.33,109.09,-44.05,88.88888888888889,-5.558888888888887
MFG-LINE-PLT-010-03,2021-04-17,3,34.2,34.8,43.516,82.69,103.45,-34.16,105.26315789473684,-22.573157894736838
MFG-LINE-PLT-010-01,2020-06-20,1,267.8,279.7,364.4,9.73,12.87,-32.97,13.44286781179985,-3.7128678117998497
MFG-LINE-PLT-010-01,2024-10-16,1,267.8,279.7,325.844,11.02,12.87,-25.26,13.44286781179985,-2.4228678117998506
MFG-LINE-PLT-005-05,2024-03-20,3,59.9,61.0,110.671,32.45,59.02,-50.34,60.10016694490818,-27.65016694490818
MFG-LINE-PLT-004-04,2020-01-11,1,354.2,289.7,377.328,9.43,12.43,-31.63,10.163749294184077,-0.7337492941840775
MFG-LINE-PLT-005-02,2020-05-25,1,53.5,47.5,49.961,72.06,75.79,-9.06,67.28971962616822,4.770280373831781
MFG-LINE-PLT-009-01,2023-07-23,2,63.4,62.8,106.574,33.7,57.32,-53.44,56.782334384858046,-23.082334384858044
MFG-LINE-PLT-003-01,2024-10-23,2,21.2,20.5,35.927,100.18,175.61,-57.34,169.81132075471697,-69.63132075471697
MFG-LINE-PLT-008-02,2023-12-19,2,36.9,38.7,65.963,54.53,93.02,-55.13,97.5609756097561,-43.0309756097561
MFG-LINE-PLT-001-02,2023-05-24,1,62.4,50.8,63.735,56.42,70.87,-21.93,57.69230769230769,-1.2723076923076917
MFG-LINE-PLT-002-01,2020-04-17,2,43.4,38.1,46.454,77.38,94.49,-42.62,82.94930875576037,-5.569308755760375
MFG-LINE-PLT-004-01,2020-05-26,3,224.5,209.4,258.981,13.76,17.19,-35.54,16.035634743875278,-2.275634743875278
MFG-LINE-PLT-006-01,2024-12-07,1,25.7,24.6,28.142,127.84,146.34,-24.82,140.07782101167317,-12.237821011673162
MFG-LINE-PLT-002-03,2020-09-09,3,45.8,43.7,76.761,46.88,82.38,-55.3,78.60262008733625,-31.722620087336246
MFG-LINE-PLT-001-02,2021-05-17,2,62.4,50.8,69.187,51.88,70.87,-45.97,57.69230769230769,-5.812307692307691
MFG-LINE-PLT-002-02,2022-01-30,1,14.0,12.8,14.521,247.78,281.25,-39.34,257.14285714285717,-9.362857142857166
MFG-LINE-PLT-005-04,2023-05-21,1,51.5,46.6,48.499,74.12,77.25,-22.2,69.90291262135922,4.217087378640784
MFG-LINE-PLT-002-01,2021-06-12,3,43.4,38.1,69.313,51.83,94.49,-68.37,82.94930875576037,-31.119308755760372
MFG-LINE-PLT-010-03,2020-05-11,1,34.2,34.8,40.531,88.73,103.45,-18.5,105.26315789473684,-16.53315789473683
MFG-LINE-PLT-002-02,2020-04-18,3,14.0,12.8,18.185,197.84,281.25,-39.66,257.14285714285717,-59.302857142857164
MFG-LINE-PLT-002-01,2020-01-06,1,43.4,38.1,49.154,73.08,94.49,-56.49,82.94930875576037,-9.869308755760372
MFG-LINE-PLT-002-04,2023-04-21,1,16.2,14.1,17.745,202.84,255.32,-42.84,222.22222222222223,-19.382222222222225
MFG-LINE-PLT-002-01,2020-07-20,1,43.4,38.1,45.794,78.57,94.49,-63.25,82.94930875576037,-4.379308755760377
MFG-LINE-PLT-010-03,2023-04-14,1,34.2,34.8,39.138,91.83,103.45,-37.9,105.26315789473684,-13.433157894736837
MFG-LINE-PLT-005-05,2024-07-01,2,59.9,61.0,82.395,43.63,59.02,-27.6,60.10016694490818,-16.47016694490818
MFG-LINE-PLT-005-06,2023-08-13,1,73.7,75.0,96.962,37.09,48.0,-30.4,48.846675712347356,-11.756675712347352
MFG-LINE-PLT-005-04,2020-08-14,1,51.5,46.6,49.981,71.99,77.25,-28.01,69.90291262135922,2.087087378640774
MFG-LINE-PLT-005-04,2021-02-15,1,51.5,46.6,53.029,67.86,77.25,-29.34,69.90291262135922,-2.0429126213592212
MFG-LINE-PLT-003-02,2020-06-27,2,42.0,36.5,42.633,84.29,98.63,-28.61,85.71428571428571,-1.424285714285702
MFG-LINE-PLT-007-02,2021-07-30,2,238.3,231.6,398.509,8.97,15.54,-54.62,15.107007973143096,-6.1370079731430955
MFG-LINE-PLT-004-03,2023-07-07,1,138.3,132.9,153.231,23.42,27.09,-44.55,26.030368763557483,-2.6103687635574815
MFG-LINE-PLT-005-03,2020-11-16,1,62.1,56.6,64.828,55.49,63.6,-34.77,57.971014492753625,-2.481014492753623
MFG-LINE-PLT-010-01,2020-09-17,2,267.8,279.7,339.856,10.59,12.87,-63.74,13.44286781179985,-2.8528678117998503
MFG-LINE-PLT-007-01,2020-08-13,1,177.7,170.1,193.295,18.62,21.16,-22.08,20.258863252673045,-1.638863252673044
MFG-LINE-PLT-010-01,2021-11-29,3,267.8,279.7,318.797,11.2,12.87,-21.28,13.44286781179985,-2.242867811799851
MFG-LINE-PLT-003-04,2024-10-15,1,30.3,27.1,29.777,120.9,132.84,-28.43,118.8118811881188,2.088118811881202
MFG-LINE-PLT-005-02,2022-07-20,1,53.5,47.5,49.604,72.53,75.79,-23.26,67.28971962616822,5.24028037383178
MFG-LINE-PLT-005-05,2024-10-15,2,59.9,61.0,73.178,49.19,59.02,-28.27,60.10016694490818,-10.910166944908184
MFG-LINE-PLT-007-02,2022-11-30,2,238.3,231.6,287.375,12.51,15.54,-31.62,15.107007973143096,-2.5970079731430964
MFG-LINE-PLT-004-04,2021-01-03,1,354.2,289.7,371.778,9.63,12.43,-45.92,10.163749294184077,-0.5337492941840765
MFG-LINE-PLT-002-02,2024-08-14,1,14.0,12.8,14.28,252.08,281.25,-17.03,257.14285714285717,-5.062857142857155
MFG-LINE-PLT-004-04,2022-05-19,3,354.2,289.7,531.803,6.64,12.43,-59.34,10.163749294184077,-3.5237492941840776
MFG-LINE-PLT-004-07,2022-09-29,2,224.4,199.4,224.732,15.88,18.05,-22.96,16.0427807486631,-0.162780748663101
MFG-LINE-PLT-001-01,2020-01-28,2,25.4,20.4,25.158,142.94,176.47,-35.43,141.73228346456693,1.2077165354330646
MFG-LINE-PLT-001-02,2023-11-08,1,62.4,50.8,82.957,43.32,70.87,-39.96,57.69230769230769,-14.372307692307693
MFG-LINE-PLT-005-03,2020-08-30,1,62.1,56.6,60.891,59.01,63.6,-20.84,57.971014492753625,1.0389855072463732
MFG-LINE-PLT-005-05,2022-11-17,2,59.9,61.0,84.844,42.34,59.02,-28.95,60.10016694490818,-17.76016694490818
MFG-LINE-PLT-007-02,2023-08-15,2,238.3,231.6,282.263,12.73,15.54,-40.0,15.107007973143096,-2.3770079731430958
MFG-LINE-PLT-004-02,2024-02-12,1,244.9,225.0,253.137,14.02,16.0,-39.82,14.699877501020824,-0.6798775010208242
MFG-LINE-PLT-004-01,2024-02-18,2,224.5,209.4,252.278,14.15,17.19,-36.22,16.035634743875278,-1.8856347438752774
MFG-LINE-PLT-004-05,2024-05-09,1,156.1,151.3,157.765,22.73,23.79,-16.04,23.062139654067906,-0.33213965406790535
MFG-LINE-PLT-002-03,2023-03-14,1,45.8,43.7,56.145,64.12,82.38,-31.41,78.60262008733625,-14.482620087336244
MFG-LINE-PLT-003-05,2020-03-19,1,39.9,39.1,44.081,81.57,92.07,-35.94,90.22556390977444,-8.655563909774443
MFG-LINE-PLT-004-05,2024-06-02,2,156.1,151.3,206.307,17.44,23.79,-37.02,23.062139654067906,-5.6221396540679045
MFG-LINE-PLT-010-01,2020-11-22,1,267.8,279.7,324.914,11.01,12.87,-18.68,13.44286781179985,-2.4328678117998503
MFG-LINE-PLT-002-03,2021-04-29,3,45.8,43.7,53.418,67.26,82.38,-39.84,78.60262008733625,-11.342620087336243
MFG-LINE-PLT-003-03,2021-05-20,1,11.0,9.6,10.74,335.18,375.0,-29.5,327.27272727272725,7.907272727272755
MFG-LINE-PLT-005-06,2024-07-13,2,73.7,75.0,88.617,40.48,48.0,-40.99,48.846675712347356,-8.366675712347359
MFG-LINE-PLT-004-05,2021-01-14,2,156.1,151.3,175.204,20.45,23.79,-29.35,23.062139654067906,-2.6121396540679065
MFG-LINE-PLT-004-01,2023-07-28,2,224.5,209.4,287.738,12.36,17.19,-44.53,16.035634743875278,-3.6756347438752783
MFG-LINE-PLT-010-02,2024-11-30,2,328.4,290.9,322.275,11.14,12.38,-20.21,10.962241169305726,0.177758830694275
MFG-LINE-PLT-005-06,2023-10-21,2,73.7,75.0,90.373,39.76,48.0,-35.01,48.846675712347356,-9.086675712347358
MFG-LINE-PLT-001-01,2020-09-16,2,25.4,20.4,23.018,156.28,176.47,-18.65,141.73228346456693,14.547716535433068
MFG-LINE-PLT-006-01,2024-07-24,2,25.7,24.6,27.704,129.81,146.34,-36.88,140.07782101167317,-10.267821011673163
MFG-LINE-PLT-002-01,2021-10-15,2,43.4,38.1,43.41,82.91,94.49,-22.4,82.94930875576037,-0.039308755760373515
MFG-LINE-PLT-004-06,2020-11-28,1,126.5,112.6,183.686,19.52,31.97,-44.83,28.458498023715414,-8.938498023715415
MFG-LINE-PLT-001-01,2021-04-23,3,25.4,20.4,24.095,149.35,176.47,-23.42,141.73228346456693,7.617716535433061
MFG-LINE-PLT-004-03,2022-03-19,1,138.3,132.9,220.752,16.24,27.09,-55.67,26.030368763557483,-9.790368763557485
MFG-LINE-PLT-010-01,2024-02-14,1,267.8,279.7,289.775,12.3,12.87,-20.88,13.44286781179985,-1.1428678117998494
MFG-LINE-PLT-007-01,2021-04-11,2,177.7,170.1,204.181,17.51,21.16,-31.13,20.258863252673045,-2.7488632526730434
MFG-LINE-PLT-003-04,2023-01-25,2,30.3,27.1,33.036,108.9,132.84,-50.24,118.8118811881188,-9.911881188118798
MFG-LINE-PLT-010-04,2022-08-12,3,298.9,264.3,327.94,10.81,13.62,-44.55,12.04416192706591,-1.2341619270659088
MFG-LINE-PLT-001-02,2020-08-30,2,62.4,50.8,67.895,52.96,70.87,-37.91,57.69230769230769,-4.7323076923076925
MFG-LINE-PLT-005-05,2020-06-08,1,59.9,61.0,77.236,46.52,59.02,-52.03,60.10016694490818,-13.580166944908179
MFG-LINE-PLT-002-01,2020-11-22,1,43.4,38.1,40.605,88.6,94.49,-39.09,82.94930875576037,5.650691244239624
MFG-LINE-PLT-001-01,2023-02-25,1,25.4,20.4,22.793,157.85,176.47,-18.26,141.73228346456693,16.11771653543306
MFG-LINE-PLT-003-01,2020-04-17,1,21.2,20.5,22.901,157.12,175.61,-33.81,169.81132075471697,-12.691320754716969
MFG-LINE-PLT-004-03,2022-06-22,3,138.3,132.9,156.535,22.89,27.09,-42.93,26.030368763557483,-3.1403687635574826
MFG-LINE-PLT-008-01,2020-05-07,1,138.1,113.9,121.847,29.27,31.61,-60.83,26.06806661839247,3.201933381607528
MFG-LINE-PLT-005-02,2022-05-07,3,53.5,47.5,65.417,55.02,75.79,-36.01,67.28971962616822,-12.269719626168218
MFG-LINE-PLT-005-06,2023-11-01,2,73.7,75.0,91.753,39.17,48.0,-27.0,48.846675712347356,-9.676675712347354
MFG-LINE-PLT-008-01,2021-04-11,1,138.1,113.9,128.45,27.93,31.61,-11.44,26.06806661839247,1.8619333816075283
MFG-LINE-PLT-004-05,2023-05-15,2,156.1,151.3,166.125,21.52,23.79,-17.14,23.062139654067906,-1.5421396540679062
MFG-LINE-PLT-005-03,2024-07-18,2,62.1,56.6,69.416,51.66,63.6,-47.89,57.971014492753625,-6.311014492753628
MFG-LINE-PLT-005-05,2022-06-30,2,59.9,61.0,66.902,53.77,59.02,-20.66,60.10016694490818,-6.3301669449081786
MFG-LINE-PLT-009-01,2022-12-05,3,63.4,62.8,90.535,39.69,57.32,-36.39,56.782334384858046,-17.09233438485805
MFG-LINE-PLT-010-01,2020-01-05,1,267.8,279.7,326.997,10.85,12.87,-27.78,13.44286781179985,-2.5928678117998505
MFG-LINE-PLT-004-07,2021-08-14,1,224.4,199.4,322.314,11.13,18.05,-60.15,16.0427807486631,-4.912780748663101
MFG-LINE-PLT-003-03,2022-09-19,3,11.0,9.6,11.219,320.8,375.0,-42.46,327.27272727272725,-6.472727272727241
MFG-LINE-PLT-004-06,2022-07-02,1,126.5,112.6,128.989,27.89,31.97,-48.03,28.458498023715414,-0.5684980237154136
MFG-LINE-PLT-010-03,2023-07-15,1,34.2,34.8,44.785,80.27,103.45,-49.24,105.26315789473684,-24.99315789473684
MFG-LINE-PLT-005-04,2022-02-17,1,51.5,46.6,52.113,69.05,77.25,-35.99,69.90291262135922,-0.8529126213592235
MFG-LINE-PLT-010-02,2020-03-23,1,328.4,290.9,302.681,11.74,12.38,-16.28,10.962241169305726,0.7777588306942746
MFG-LINE-PLT-010-01,2023-02-02,1,267.8,279.7,303.535,11.83,12.87,-32.32,13.44286781179985,-1.61286781179985
MFG-LINE-PLT-005-05,2020-02-01,2,59.9,61.0,72.101,49.9,59.02,-23.52,60.10016694490818,-10.200166944908183
MFG-LINE-PLT-001-01,2022-04-11,1,25.4,20.4,26.377,136.45,176.47,-31.57,141.73228346456693,-5.2822834645669445
MFG-LINE-PLT-005-06,2021-06-25,2,73.7,75.0,102.716,35.0,48.0,-69.42,48.846675712347356,-13.846675712347356
MFG-LINE-PLT-004-07,2020-04-08,2,224.4,199.4,240.661,14.89,18.05,-46.83,16.0427807486631,-1.1527807486631012
MFG-LINE-PLT-005-06,2024-05-18,2,73.7,75.0,100.305,35.86,48.0,-48.69,48.846675712347356,-12.986675712347356
MFG-LINE-PLT-003-03,2023-09-15,1,11.0,9.6,10.584,339.97,375.0,-41.0,327.27272727272725,12.697272727272775
MFG-LINE-PLT-005-06,2024-06-24,1,73.7,75.0,78.673,45.63,48.0,-21.86,48.846675712347356,-3.216675712347353
MFG-LINE-PLT-008-02,2023-11-05,2,36.9,38.7,51.965,69.17,93.02,-39.39,97.5609756097561,-28.390975609756097
MFG-LINE-PLT-005-05,2020-11-08,2,59.9,61.0,70.47,50.95,59.02,-29.91,60.10016694490818,-9.150166944908179
MFG-LINE-PLT-004-05,2024-05-27,3,156.1,151.3,184.888,19.35,23.79,-19.23,23.062139654067906,-3.7121396540679044
MFG-LINE-PLT-010-03,2024-05-04,3,34.2,34.8,49.174,73.0,103.45,-56.46,105.26315789473684,-32.263157894736835
MFG-LINE-PLT-008-02,2021-07-31,2,36.9,38.7,46.936,76.62,93.02,-28.61,97.5609756097561,-20.940975609756094
MFG-LINE-PLT-002-01,2020-12-09,2,43.4,38.1,45.893,78.35,94.49,-23.33,82.94930875576037,-4.599308755760376
MFG-LINE-PLT-005-06,2020-02-02,1,73.7,75.0,97.873,36.53,48.0,-67.81,48.846675712347356,-12.316675712347354
MFG-LINE-PLT-006-02,2021-09-15,1,6.4,6.6,7.745,464.69,545.45,-16.19,562.5,-97.81
MFG-LINE-PLT-004-03,2024-02-10,2,138.3,132.9,174.431,20.54,27.09,-41.12,26.030368763557483,-5.490368763557484
MFG-LINE-PLT-004-07,2021-12-20,1,224.4,199.4,225.535,15.87,18.05,-21.26,16.0427807486631,-0.17278074866310256
MFG-LINE-PLT-005-04,2020-01-04,1,51.5,46.6,49.859,72.06,77.25,-17.22,69.90291262135922,2.1570873786407816
MFG-LINE-PLT-001-01,2021-09-24,1,25.4,20.4,23.124,155.54,176.47,-30.21,141.73228346456693,13.807716535433059
MFG-LINE-PLT-003-05,2024-11-09,1,39.9,39.1,40.636,88.48,92.07,-15.49,90.22556390977444,-1.7455639097744324
MFG-LINE-PLT-004-02,2024-07-31,1,244.9,225.0,232.768,15.37,16.0,-11.3,14.699877501020824,0.6701224989791754
MFG-LINE-PLT-002-04,2023-10-22,2,16.2,14.1,17.319,207.85,255.32,-35.01,222.22222222222223,-14.372222222222234
MFG-LINE-PLT-004-02,2022-06-10,1,244.9,225.0,225.955,15.8,16.0,-6.45,14.699877501020824,1.100122498979177
MFG-LINE-PLT-004-05,2023-05-31,1,156.1,151.3,172.762,20.69,23.79,-29.78,23.062139654067906,-2.3721396540679045
MFG-LINE-PLT-002-02,2023-05-22,2,14.0,12.8,16.82,214.02,281.25,-37.61,257.14285714285717,-43.12285714285716
MFG-LINE-PLT-003-01,2020-02-16,2,21.2,20.5,24.633,146.12,175.61,-34.44,169.81132075471697,-23.69132075471697
MFG-LINE-PLT-009-01,2021-11-07,2,63.4,62.8,74.62,48.06,57.32,-53.67,56.782334384858046,-8.722334384858044
MFG-LINE-PLT-005-05,2023-09-03,1,59.9,61.0,63.775,56.37,59.02,-47.19,60.10016694490818,-3.7301669449081842
MFG-LINE-PLT-007-02,2021-10-05,2,238.3,231.6,277.547,12.86,15.54,-43.33,15.107007973143096,-2.2470079731430967
MFG-LINE-PLT-004-06,2021-08-18,1,126.5,112.6,117.242,30.67,31.97,-3.49,28.458498023715414,2.2115019762845876
MFG-LINE-PLT-008-02,2022-05-03,2,36.9,38.7,45.414,79.18,93.02,-23.6,97.5609756097561,-18.380975609756092
MFG-LINE-PLT-001-01,2020-09-28,1,25.4,20.4,22.309,161.34,176.47,-22.69,141.73228346456693,19.60771653543307
MFG-LINE-PLT-001-02,2022-02-18,1,62.4,50.8,55.851,64.35,70.87,-21.04,57.69230769230769,6.657692307692301
MFG-LINE-PLT-004-04,2020-08-25,1,354.2,289.7,376.239,9.49,12.43,-27.66,10.163749294184077,-0.673749294184077
MFG-LINE-PLT-006-01,2024-07-14,2,25.7,24.6,34.141,105.38,146.34,-51.96,140.07782101167317,-34.69782101167317
MFG-LINE-PLT-007-01,2023-08-26,1,177.7,170.1,221.489,16.17,21.16,-36.94,20.258863252673045,-4.088863252673043
MFG-LINE-PLT-002-04,2021-08-05,1,16.2,14.1,16.133,223.07,255.32,-27.88,222.22222222222223,0.8477777777777646
MFG-LINE-PLT-010-01,2023-10-27,2,267.8,279.7,338.05,10.54,12.87,-23.76,13.44286781179985,-2.902867811799851
MFG-LINE-PLT-005-06,2020-09-13,1,73.7,75.0,84.383,42.62,48.0,-31.48,48.846675712347356,-6.226675712347358
MFG-LINE-PLT-001-01,2020-06-27,1,25.4,20.4,22.118,162.65,176.47,-31.25,141.73228346456693,20.917716535433073
MFG-LINE-PLT-002-02,2024-05-26,2,14.0,12.8,16.832,213.8,281.25,-25.3,257.14285714285717,-43.342857142857156
MFG-LINE-PLT-004-01,2022-11-24,1,224.5,209.4,339.354,10.54,17.19,-48.15,16.035634743875278,-5.495634743875279
MFG-LINE-PLT-001-01,2023-03-20,1,25.4,20.4,23.05,156.13,176.47,-25.83,141.73228346456693,14.397716535433062
MFG-LINE-PLT-009-02,2022-07-17,1,40.5,33.0,34.96,102.86,109.09,-37.4,88.88888888888889,13.971111111111114
MFG-LINE-PLT-007-02,2023-09-06,2,238.3,231.6,383.761,9.33,15.54,-49.14,15.107007973143096,-5.777007973143096
MFG-LINE-PLT-005-01,2024-03-11,1,33.7,34.4,38.525,93.35,104.65,-38.02,106.82492581602374,-13.474925816023742
MFG-LINE-PLT-002-02,2022-04-13,2,14.0,12.8,15.374,234.07,281.25,-34.43,257.14285714285717,-23.072857142857174
MFG-LINE-PLT-006-02,2022-11-24,1,6.4,6.6,7.487,480.74,545.45,-41.36,562.5,-81.75999999999999
MFG-LINE-PLT-002-01,2020-12-21,2,43.4,38.1,44.097,81.5,94.49,-37.4,82.94930875576037,-1.44930875576037
MFG-LINE-PLT-005-03,2022-06-30,2,62.1,56.6,64.417,55.7,63.6,-49.58,57.971014492753625,-2.271014492753622
MFG-LINE-PLT-001-01,2023-12-01,3,25.4,20.4,25.253,142.43,176.47,-37.62,141.73228346456693,0.6977165354330737
MFG-LINE-PLT-002-03,2020-09-30,3,45.8,43.7,50.386,71.3,82.38,-31.33,78.60262008733625,-7.302620087336251
MFG-LINE-PLT-004-01,2021-09-10,1,224.5,209.4,230.308,15.48,17.19,-34.35,16.035634743875278,-0.5556347438752773
MFG-LINE-PLT-009-01,2022-11-12,2,63.4,62.8,106.449,33.81,57.32,-51.81,56.782334384858046,-22.972334384858044
MFG-LINE-PLT-008-02,2020-04-29,3,36.9,38.7,68.213,52.68,93.02,-55.04,97.5609756097561,-44.8809756097561
MFG-LINE-PLT-010-03,2022-10-07,1,34.2,34.8,37.129,96.87,103.45,-27.71,105.26315789473684,-8.39315789473683
MFG-LINE-PLT-007-01,2021-06-04,1,177.7,170.1,194.302,18.46,21.16,-16.35,20.258863252673045,-1.7988632526730441
MFG-LINE-PLT-005-05,2022-10-21,2,59.9,61.0,82.992,43.31,59.02,-40.59,60.10016694490818,-16.79016694490818
MFG-LINE-PLT-003-04,2022-02-15,1,30.3,27.1,34.411,104.48,132.84,-29.38,118.8118811881188,-14.3318811881188
MFG-LINE-PLT-005-05,2020-06-03,2,59.9,61.0,67.325,53.41,59.02,-18.5,60.10016694490818,-6.690166944908185
MFG-LINE-PLT-010-04,2023-12-03,2,298.9,264.3,450.648,7.96,13.62,-52.38,12.04416192706591,-4.084161927065909
MFG-LINE-PLT-007-01,2023-09-07,1,177.7,170.1,221.946,16.21,21.16,-28.83,20.258863252673045,-4.048863252673044
MFG-LINE-PLT-003-04,2023-05-19,3,30.3,27.1,33.784,106.54,132.84,-34.54,118.8118811881188,-12.271881188118797
MFG-LINE-PLT-002-01,2021-09-03,1,43.4,38.1,48.305,74.47,94.49,-69.81,82.94930875576037,-8.479308755760371
MFG-LINE-PLT-002-02,2022-10-06,3,14.0,12.8,14.775,243.58,281.25,-21.71,257.14285714285717,-13.562857142857155
MFG-LINE-PLT-003-04,2022-04-24,1,30.3,27.1,44.236,81.29,132.84,-45.1,118.8118811881188,-37.5218811881188
MFG-LINE-PLT-004-01,2020-02-20,2,224.5,209.4,253.691,14.19,17.19,-37.78,16.035634743875278,-1.8456347438752783
MFG-LINE-PLT-004-01,2021-10-30,1,224.5,209.4,242.769,14.77,17.19,-24.09,16.035634743875278,-1.2656347438752782
MFG-LINE-PLT-008-01,2024-05-12,1,138.1,113.9,145.68,24.58,31.61,-30.54,26.06806661839247,-1.4880666183924731
MFG-LINE-PLT-002-01,2020-01-29,2,43.4,38.1,41.994,85.68,94.49,-15.54,82.94930875576037,2.7306912442396367
MFG-LINE-PLT-004-03,2021-02-13,3,138.3,132.9,187.873,19.11,27.09,-41.63,26.030368763557483,-6.920368763557484
MFG-LINE-PLT-004-03,2023-10-09,2,138.3,132.9,148.805,24.11,27.09,-42.51,26.030368763557483,-1.9203687635574838
MFG-LINE-PLT-005-05,2024-09-30,3,59.9,61.0,70.726,50.8,59.02,-23.71,60.10016694490818,-9.300166944908185
MFG-LINE-PLT-005-05,2023-05-23,1,59.9,61.0,80.444,44.66,59.02,-31.94,60.10016694490818,-15.440166944908185
MFG-LINE-PLT-003-05,2024-02-21,2,39.9,39.1,53.764,66.91,92.07,-33.43,90.22556390977444,-23.31556390977444
MFG-LINE-PLT-002-03,2024-04-07,3,45.8,43.7,76.74,46.81,82.38,-51.69,78.60262008733625,-31.792620087336246
MFG-LINE-PLT-002-02,2024-09-13,1,14.0,12.8,13.135,273.99,281.25,-26.42,257.14285714285717,16.847142857142842
MFG-LINE-PLT-001-01,2020-06-06,2,25.4,20.4,27.978,128.56,176.47,-40.94,141.73228346456693,-13.172283464566931
MFG-LINE-PLT-001-02,2021-07-23,1,62.4,50.8,56.975,63.16,70.87,-18.85,57.69230769230769,5.467692307692303
MFG-LINE-PLT-003-04,2024-11-23,3,30.3,27.1,32.747,109.78,132.84,-40.98,118.8118811881188,-9.031881188118803
MFG-LINE-PLT-004-01,2021-05-30,1,224.5,209.4,252.066,14.09,17.19,-49.62,16.035634743875278,-1.945634743875278
MFG-LINE-PLT-002-01,2020-04-24,1,43.4,38.1,42.785,84.02,94.49,-24.01,82.94930875576037,1.070691244239626
MFG-LINE-PLT-009-01,2023-11-14,1,63.4,62.8,65.816,54.61,57.32,-19.76,56.782334384858046,-2.172334384858047
MFG-LINE-PLT-005-02,2021-10-23,1,53.5,47.5,76.201,47.23,75.79,-46.5,67.28971962616822,-20.059719626168224
MFG-LINE-PLT-004-04,2022-10-29,1,354.2,289.7,318.651,11.25,12.43,-11.63,10.163749294184077,1.0862507058159228
MFG-LINE-PLT-004-05,2021-10-15,1,156.1,151.3,172.272,20.84,23.79,-40.54,23.062139654067906,-2.222139654067906
MFG-LINE-PLT-003-04,2023-04-11,3,30.3,27.1,34.24,105.11,132.84,-49.46,118.8118811881188,-13.701881188118804
MFG-LINE-PLT-009-02,2022-05-10,2,40.5,33.0,40.374,89.06,109.09,-35.79,88.88888888888889,0.17111111111111654
MFG-LINE-PLT-004-04,2021-10-01,1,354.2,289.7,308.804,11.51,12.43,-22.58,10.163749294184077,1.3462507058159225
MFG-LINE-PLT-005-01,2022-10-23,2,33.7,34.4,46.434,77.32,104.65,-56.8,106.82492581602374,-29.504925816023743
MFG-LINE-PLT-002-03,2022-07-27,2,45.8,43.7,51.596,69.66,82.38,-26.59,78.60262008733625,-8.942620087336252
MFG-LINE-PLT-004-03,2021-08-10,3,138.3,132.9,166.832,21.57,27.09,-23.22,26.030368763557483,-4.460368763557483
MFG-LINE-PLT-003-05,2023-10-10,1,39.9,39.1,40.992,87.73,92.07,-16.37,90.22556390977444,-2.4955639097744324
MFG-LINE-PLT-005-03,2022-08-26,1,62.1,56.6,65.238,55.11,63.6,-21.73,57.971014492753625,-2.8610144927536254
MFG-LINE-PLT-010-02,2024-11-25,1,328.4,290.9,312.299,11.5,12.38,-9.57,10.962241169305726,0.5377588306942744
MFG-LINE-PLT-008-02,2021-05-24,3,36.9,38.7,53.434,67.3,93.02,-31.16,97.5609756097561,-30.260975609756102
MFG-LINE-PLT-004-04,2024-04-01,1,354.2,289.7,328.741,10.89,12.43,-13.79,10.163749294184077,0.7262507058159233
MFG-LINE-PLT-004-06,2023-12-17,1,126.5,112.6,126.038,28.49,31.97,-23.63,28.458498023715414,0.03150197628458429
MFG-LINE-PLT-008-01,2024-10-22,1,138.1,113.9,145.174,24.68,31.61,-44.4,26.06806661839247,-1.3880666183924717
MFG-LINE-PLT-006-01,2021-05-09,1,25.7,24.6,25.991,138.47,146.34,-11.52,140.07782101167317,-1.6078210116731668
MFG-LINE-PLT-009-02,2020-06-09,1,40.5,33.0,43.112,83.42,109.09,-50.38,88.88888888888889,-5.468888888888884
MFG-LINE-PLT-006-02,2022-05-11,1,6.4,6.6,7.436,484.13,545.45,-41.0,562.5,-78.37
MFG-LINE-PLT-005-02,2020-08-26,2,53.5,47.5,56.667,63.46,75.79,-30.62,67.28971962616822,-3.8297196261682203
MFG-LINE-PLT-010-02,2023-10-30,1,328.4,290.9,333.327,10.76,12.38,-20.65,10.962241169305726,-0.20224116930572578
MFG-LINE-PLT-003-04,2023-05-11,2,30.3,27.1,30.586,117.65,132.84,-28.59,118.8118811881188,-1.161881188118798
MFG-LINE-PLT-005-03,2021-07-29,3,62.1,56.6,65.806,54.64,63.6,-20.45,57.971014492753625,-3.3310144927536243
MFG-LINE-PLT-005-02,2023-04-01,3,53.5,47.5,57.832,62.24,75.79,-22.74,67.28971962616822,-5.049719626168219
MFG-LINE-PLT-005-04,2023-11-13,3,51.5,46.6,57.054,63.09,77.25,-55.59,69.90291262135922,-6.812912621359217
MFG-LINE-PLT-003-04,2020-07-27,2,30.3,27.1,35.965,100.02,132.84,-51.28,118.8118811881188,-18.791881188118808
MFG-LINE-PLT-004-05,2024-06-09,2,156.1,151.3,261.313,13.71,23.79,-52.63,23.062139654067906,-9.352139654067905
MFG-LINE-PLT-006-02,2024-04-22,3,6.4,6.6,8.143,442.04,545.45,-53.34,562.5,-120.45999999999998
MFG-LINE-PLT-004-04,2022-03-19,2,354.2,289.7,351.237,10.19,12.43,-35.79,10.163749294184077,0.02625070581592226
MFG-LINE-PLT-004-05,2022-04-13,3,156.1,151.3,173.763,20.65,23.79,-21.89,23.062139654067906,-2.412139654067907
MFG-LINE-PLT-004-06,2020-09-29,2,126.5,112.6,190.004,18.84,31.97,-47.28,28.458498023715414,-9.618498023715414
MFG-LINE-PLT-001-01,2020-10-01,3,25.4,20.4,23.775,151.39,176.47,-21.21,141.73228346456693,9.657716535433053
MFG-LINE-PLT-010-01,2022-03-26,1,267.8,279.7,308.187,11.6,12.87,-16.67,13.44286781179985,-1.8428678117998505
MFG-LINE-PLT-003-03,2024-07-09,1,11.0,9.6,11.962,300.93,375.0,-44.49,327.27272727272725,-26.342727272727245
MFG-LINE-PLT-009-02,2022-11-30,1,40.5,33.0,42.917,83.72,109.09,-40.93,88.88888888888889,-5.168888888888887
MFG-LINE-PLT-008-01,2020-05-18,2,138.1,113.9,133.066,26.87,31.61,-47.46,26.06806661839247,0.8019333816075296
MFG-LINE-PLT-005-04,2022-03-12,2,51.5,46.6,51.241,70.14,77.25,-43.88,69.90291262135922,0.2370873786407799
MFG-LINE-PLT-003-05,2022-04-04,1,39.9,39.1,62.667,57.44,92.07,-41.3,90.22556390977444,-32.78556390977444
MFG-LINE-PLT-007-01,2024-11-05,2,177.7,170.1,204.363,17.52,21.16,-21.79,20.258863252673045,-2.7388632526730454
MFG-LINE-PLT-004-03,2021-09-16,1,138.3,132.9,175.867,20.4,27.09,-50.25,26.030368763557483,-5.630368763557485
MFG-LINE-PLT-007-01,2020-12-04,2,177.7,170.1,188.632,18.98,21.16,-30.0,20.258863252673045,-1.2788632526730446
MFG-LINE-PLT-004-03,2022-08-16,2,138.3,132.9,147.135,24.32,27.09,-27.91,26.030368763557483,-1.710368763557483
MFG-LINE-PLT-006-02,2020-09-29,3,6.4,6.6,8.034,448.02,545.45,-23.35,562.5,-114.48000000000002
MFG-LINE-PLT-008-01,2022-01-06,1,138.1,113.9,125.087,28.74,31.61,-12.3,26.06806661839247,2.671933381607527
MFG-LINE-PLT-003-04,2021-05-27,1,30.3,27.1,31.328,114.82,132.84,-18.58,118.8118811881188,-3.9918811881188105
MFG-LINE-PLT-002-04,2021-05-18,1,16.2,14.1,18.327,196.29,255.32,-36.96,222.22222222222223,-25.932222222222236
MFG-LINE-PLT-010-03,2023-06-15,2,34.2,34.8,42.671,84.3,103.45,-29.3,105.26315789473684,-20.963157894736838
MFG-LINE-PLT-005-06,2020-10-17,2,73.7,75.0,90.354,39.72,48.0,-62.72,48.846675712347356,-9.126675712347357
MFG-LINE-PLT-003-03,2021-03-05,1,11.0,9.6,11.447,314.41,375.0,-52.83,327.27272727272725,-12.862727272727227
MFG-LINE-PLT-005-06,2020-06-25,2,73.7,75.0,101.324,35.52,48.0,-38.35,48.846675712347356,-13.326675712347352
MFG-LINE-PLT-010-02,2022-06-20,1,328.4,290.9,293.807,12.22,12.38,-8.25,10.962241169305726,1.257758830694275
MFG-LINE-PLT-003-03,2024-12-13,1,11.0,9.6,10.902,330.15,375.0,-33.36,327.27272727272725,2.877272727272725
MFG-LINE-PLT-008-02,2022-06-25,3,36.9,38.7,55.804,64.51,93.02,-30.62,97.5609756097561,-33.050975609756094
MFG-LINE-PLT-004-05,2023-07-20,1,156.1,151.3,175.496,20.41,23.79,-21.02,23.062139654067906,-2.6521396540679056
MFG-LINE-PLT-004-07,2024-11-22,3,224.4,199.4,251.541,14.23,18.05,-36.81,16.0427807486631,-1.8127807486631013
MFG-LINE-PLT-004-07,2021-01-13,1,224.4,199.4,213.435,16.85,18.05,-49.62,16.0427807486631,0.8072192513368996
MFG-LINE-PLT-007-02,2022-11-28,2,238.3,231.6,272.462,13.09,15.54,-50.0,15.107007973143096,-2.0170079731430963
MFG-LINE-PLT-004-06,2021-05-18,2,126.5,112.6,148.054,24.31,31.97,-43.65,28.458498023715414,-4.148498023715415
MFG-LINE-PLT-004-01,2024-09-12,2,224.5,209.4,253.456,14.16,17.19,-43.85,16.035634743875278,-1.8756347438752776
MFG-LINE-PLT-010-02,2024-12-25,3,328.4,290.9,373.615,9.63,12.38,-22.47,10.962241169305726,-1.3322411693057248
MFG-LINE-PLT-004-05,2024-02-14,2,156.1,151.3,256.666,13.88,23.79,-61.45,23.062139654067906,-9.182139654067905
MFG-LINE-PLT-003-04,2020-12-16,1,30.3,27.1,34.744,103.59,132.84,-25.85,118.8118811881188,-15.2218811881188
MFG-LINE-PLT-005-04,2021-05-27,2,51.5,46.6,55.246,65.01,77.25,-32.55,69.90291262135922,-4.892912621359216
MFG-LINE-PLT-005-06,2024-02-12,3,73.7,75.0,96.013,37.42,48.0,-44.93,48.846675712347356,-11.426675712347354
MFG-LINE-PLT-010-03,2024-11-23,1,34.2,34.8,56.385,63.74,103.45,-46.16,105.26315789473684,-41.52315789473683
MFG-LINE-PLT-004-04,2024-12-21,1,354.2,289.7,329.647,10.86,12.43,-41.57,10.163749294184077,0.6962507058159222
MFG-LINE-PLT-006-02,2022-11-04,1,6.4,6.6,6.856,525.01,545.45,-30.04,562.5,-37.49000000000001
MFG-LINE-PLT-009-02,2021-08-28,1,40.5,33.0,41.555,86.6,109.09,-20.52,88.88888888888889,-2.2888888888888914
MFG-LINE-PLT-010-03,2022-03-06,1,34.2,34.8,40.07,89.7,103.45,-21.5,105.26315789473684,-15.563157894736833
MFG-LINE-PLT-005-06,2024-07-17,1,73.7,75.0,83.972,42.78,48.0,-32.98,48.846675712347356,-6.0666757123473545
MFG-LINE-PLT-004-01,2020-04-10,1,224.5,209.4,239.39,14.96,17.19,-38.89,16.035634743875278,-1.075634743875277
MFG-LINE-PLT-010-04,2023-09-15,3,298.9,264.3,312.14,11.42,13.62,-37.5,12.04416192706591,-0.6241619270659093
MFG-LINE-PLT-004-01,2024-11-18,1,224.5,209.4,237.373,15.1,17.19,-26.36,16.035634743875278,-0.9356347438752781
MFG-LINE-PLT-002-01,2023-02-21,2,43.4,38.1,52.822,68.13,94.49,-40.15,82.94930875576037,-14.819308755760375
MFG-LINE-PLT-009-01,2023-04-30,2,63.4,62.8,108.337,33.14,57.32,-51.08,56.782334384858046,-23.642334384858046
MFG-LINE-PLT-004-01,2020-10-16,2,224.5,209.4,246.849,14.54,17.19,-40.5,16.035634743875278,-1.4956347438752786
MFG-LINE-PLT-002-01,2023-07-26,2,43.4,38.1,43.154,83.37,94.49,-27.46,82.94930875576037,0.42069124423963444
MFG-LINE-PLT-003-05,2021-01-28,1,39.9,39.1,43.62,82.44,92.07,-19.39,90.22556390977444,-7.785563909774439
MFG-LINE-PLT-008-02,2021-02-09,2,36.9,38.7,47.084,76.38,93.02,-30.84,97.5609756097561,-21.180975609756103
MFG-LINE-PLT-010-04,2021-12-21,1,298.9,264.3,436.754,8.15,13.62,-51.04,12.04416192706591,-3.894161927065909
MFG-LINE-PLT-003-01,2022-12-20,2,21.2,20.5,22.883,157.21,175.61,-14.56,169.81132075471697,-12.601320754716966
MFG-LINE-PLT-005-05,2020-09-04,3,59.9,61.0,70.429,50.99,59.02,-28.41,60.10016694490818,-9.11016694490818
MFG-LINE-PLT-005-06,2022-07-08,3,73.7,75.0,95.634,37.43,48.0,-60.66,48.846675712347356,-11.416675712347356
MFG-LINE-PLT-010-02,2022-12-29,1,328.4,290.9,466.097,7.66,12.38,-66.67,10.962241169305726,-3.3022411693057254
MFG-LINE-PLT-003-03,2022-05-07,1,11.0,9.6,15.739,228.66,375.0,-48.34,327.27272727272725,-98.61272727272726
MFG-LINE-PLT-002-04,2021-09-07,2,16.2,14.1,16.509,217.94,255.32,-39.94,222.22222222222223,-4.282222222222231
MFG-LINE-PLT-005-03,2021-03-09,1,62.1,56.6,60.548,59.42,63.6,-44.47,57.971014492753625,1.4489855072463769
MFG-LINE-PLT-010-01,2022-04-07,1,267.8,279.7,314.482,11.37,12.87,-29.17,13.44286781179985,-2.072867811799851
MFG-LINE-PLT-003-01,2022-05-15,2,21.2,20.5,24.797,145.1,175.61,-49.32,169.81132075471697,-24.71132075471698
MFG-LINE-PLT-003-01,2023-08-07,2,21.2,20.5,27.464,130.91,175.61,-43.44,169.81132075471697,-38.90132075471698
MFG-LINE-PLT-003-01,2021-12-23,1,21.2,20.5,23.567,152.52,175.61,-61.94,169.81132075471697,-17.291320754716963
MFG-LINE-PLT-005-02,2024-01-22,2,53.5,47.5,62.719,57.24,75.79,-42.54,67.28971962616822,-10.04971962616822
MFG-LINE-PLT-002-03,2023-07-14,1,45.8,43.7,45.425,79.13,82.38,-14.38,78.60262008733625,0.5273799126637471
MFG-LINE-PLT-008-02,2024-08-14,2,36.9,38.7,50.862,70.73,93.02,-28.4,97.5609756097561,-26.830975609756095
MFG-LINE-PLT-009-01,2021-05-24,3,63.4,62.8,76.548,46.89,57.32,-48.5,56.782334384858046,-9.892334384858046
MFG-LINE-PLT-005-05,2021-03-14,3,59.9,61.0,69.083,52.11,59.02,-30.53,60.10016694490818,-7.990166944908182
MFG-LINE-PLT-001-01,2022-07-28,2,25.4,20.4,24.346,147.75,176.47,-22.8,141.73228346456693,6.017716535433067
MFG-LINE-PLT-010-03,2020-07-01,3,34.2,34.8,44.221,81.34,103.45,-36.16,105.26315789473684,-23.923157894736832
MFG-LINE-PLT-002-01,2020-03-03,3,43.4,38.1,47.254,76.13,94.49,-44.48,82.94930875576037,-6.819308755760375
MFG-LINE-PLT-007-02,2023-10-10,3,238.3,231.6,417.899,8.6,15.54,-55.56,15.107007973143096,-6.5070079731430965
MFG-LINE-PLT-003-02,2024-10-19,1,42.0,36.5,38.208,94.09,98.63,-21.63,85.71428571428571,8.375714285714295
MFG-LINE-PLT-010-03,2020-04-29,3,34.2,34.8,48.56,74.01,103.45,-34.43,105.26315789473684,-31.25315789473683
MFG-LINE-PLT-009-02,2021-10-22,3,40.5,33.0,45.547,78.95,109.09,-62.38,88.88888888888889,-9.938888888888883
MFG-LINE-PLT-007-01,2022-02-03,1,177.7,170.1,218.879,16.37,21.16,-43.98,20.258863252673045,-3.888863252673044
MFG-LINE-PLT-006-01,2022-11-28,2,25.7,24.6,33.173,108.47,146.34,-37.24,140.07782101167317,-31.607821011673167
MFG-LINE-PLT-005-02,2022-04-21,2,53.5,47.5,65.888,54.56,75.79,-38.93,67.28971962616822,-12.729719626168219
MFG-LINE-PLT-005-02,2024-08-11,1,53.5,47.5,59.148,60.82,75.79,-37.19,67.28971962616822,-6.469719626168221
MFG-LINE-PLT-006-01,2024-11-16,1,25.7,24.6,25.88,139.08,146.34,-16.56,140.07782101167317,-0.9978210116731532
MFG-LINE-PLT-003-05,2024-04-12,3,39.9,39.1,49.126,73.13,92.07,-30.56,90.22556390977444,-17.09556390977444
MFG-LINE-PLT-006-01,2023-02-13,2,25.7,24.6,29.673,121.18,146.34,-22.63,140.07782101167317,-18.89782101167316
MFG-LINE-PLT-007-02,2024-03-12,3,238.3,231.6,300.963,11.91,15.54,-33.33,15.107007973143096,-3.197007973143096
MFG-LINE-PLT-005-03,2023-11-29,2,62.1,56.6,68.991,52.12,63.6,-35.87,57.971014492753625,-5.851014492753627
MFG-LINE-PLT-008-01,2023-09-13,2,138.1,113.9,135.377,26.54,31.61,-24.69,26.06806661839247,0.47193338160752774
MFG-LINE-PLT-005-02,2020-02-25,1,53.5,47.5,53.244,67.55,75.79,-17.15,67.28971962616822,0.26028037383177605
MFG-LINE-PLT-001-02,2024-06-24,1,62.4,50.8,56.695,63.46,70.87,-32.18,57.69230769230769,5.7676923076923075
MFG-LINE-PLT-005-06,2020-12-21,1,73.7,75.0,80.276,44.75,48.0,-23.16,48.846675712347356,-4.096675712347356
MFG-LINE-PLT-010-03,2020-06-07,2,34.2,34.8,41.45,86.8,103.45,-30.22,105.26315789473684,-18.463157894736838
MFG-LINE-PLT-008-01,2022-02-23,1,138.1,113.9,137.494,25.98,31.61,-57.02,26.06806661839247,-0.08806661839247099
MFG-LINE-PLT-008-01,2023-04-07,2,138.1,113.9,200.846,17.91,31.61,-64.8,26.06806661839247,-8.158066618392471
MFG-LINE-PLT-007-02,2021-12-10,2,238.3,231.6,282.708,12.57,15.54,-46.79,15.107007973143096,-2.537007973143096
MFG-LINE-PLT-008-02,2022-11-08,1,36.9,38.7,44.026,81.74,93.02,-20.17,97.5609756097561,-15.820975609756104
MFG-LINE-PLT-005-03,2024-11-12,2,62.1,56.6,75.875,47.39,63.6,-46.43,57.971014492753625,-10.581014492753624
MFG-LINE-PLT-005-01,2023-04-08,2,33.7,34.4,37.343,96.26,104.65,-29.37,106.82492581602374,-10.564925816023731
MFG-LINE-PLT-006-02,2022-03-28,3,6.4,6.6,8.282,434.57,545.45,-37.73,562.5,-127.93
MFG-LINE-PLT-005-06,2021-11-20,3,73.7,75.0,95.089,37.76,48.0,-34.3,48.846675712347356,-11.086675712347358
MFG-LINE-PLT-004-05,2021-04-17,1,156.1,151.3,194.248,18.37,23.79,-41.67,23.062139654067906,-4.692139654067905
MFG-LINE-PLT-003-01,2023-10-22,3,21.2,20.5,25.568,140.79,175.61,-22.59,169.81132075471697,-29.02132075471698
MFG-LINE-PLT-010-03,2020-05-01,2,34.2,34.8,47.696,75.35,103.45,-36.5,105.26315789473684,-29.91315789473684
MFG-LINE-PLT-004-04,2023-09-12,1,354.2,289.7,299.454,11.78,12.43,-56.04,10.163749294184077,1.6162507058159221
MFG-LINE-PLT-003-01,2024-08-24,1,21.2,20.5,21.605,166.58,175.61,-14.23,169.81132075471697,-3.231320754716961
MFG-LINE-PLT-003-04,2022-06-11,3,30.3,27.1,32.865,109.47,132.84,-49.31,118.8118811881188,-9.341881188118805
MFG-LINE-PLT-005-04,2022-03-04,2,51.5,46.6,56.202,64.01,77.25,-19.51,69.90291262135922,-5.892912621359216
MFG-LINE-PLT-010-04,2021-12-13,2,298.9,264.3,317.437,11.33,13.62,-29.25,12.04416192706591,-0.7141619270659092
MFG-LINE-PLT-006-01,2020-09-21,1,25.7,24.6,27.993,128.54,146.34,-25.76,140.07782101167317,-11.537821011673174
MFG-LINE-PLT-004-06,2020-09-10,1,126.5,112.6,131.601,27.32,31.97,-50.65,28.458498023715414,-1.1384980237154139
MFG-LINE-PLT-003-01,2024-03-07,2,21.2,20.5,22.862,157.29,175.61,-37.97,169.81132075471697,-12.521320754716982
MFG-LINE-PLT-005-05,2020-05-22,2,59.9,61.0,106.796,33.59,59.02,-58.76,60.10016694490818,-26.51016694490818
MFG-LINE-PLT-005-04,2023-02-19,2,51.5,46.6,63.633,56.48,77.25,-29.55,69.90291262135922,-13.422912621359224
MFG-LINE-PLT-009-02,2021-12-13,1,40.5,33.0,35.943,100.11,109.09,-39.27,88.88888888888889,11.221111111111114
MFG-LINE-PLT-003-03,2024-04-25,2,11.0,9.6,16.036,224.46,375.0,-65.37,327.27272727272725,-102.81272727272724
MFG-LINE-PLT-006-02,2022-11-19,3,6.4,6.6,8.108,443.92,545.45,-42.84,562.5,-118.57999999999998
MFG-LINE-PLT-008-01,2022-07-12,2,138.1,113.9,135.387,26.51,31.61,-46.64,26.06806661839247,0.44193338160753015
MFG-LINE-PLT-006-02,2023-09-25,2,6.4,6.6,7.852,458.44,545.45,-21.7,562.5,-104.06
MFG-LINE-PLT-001-01,2024-02-10,2,25.4,20.4,22.902,157.11,176.47,-10.96,141.73228346456693,15.37771653543308
MFG-LINE-PLT-010-04,2024-03-02,1,298.9,264.3,345.459,10.42,13.62,-26.17,12.04416192706591,-1.6241619270659093
MFG-LINE-PLT-007-01,2022-11-16,1,177.7,170.1,175.852,20.37,21.16,-20.26,20.258863252673045,0.111136747326956
MFG-LINE-PLT-003-03,2023-06-20,2,11.0,9.6,10.55,341.1,375.0,-37.84,327.27272727272725,13.82727272727277
MFG-LINE-PLT-010-04,2023-06-12,2,298.9,264.3,297.503,12.07,13.62,-29.47,12.04416192706591,0.025838072934091016
MFG-LINE-PLT-003-03,2023-02-06,1,11.0,9.6,12.25,293.69,375.0,-43.69,327.27272727272725,-33.582727272727254
MFG-LINE-PLT-002-04,2023-03-24,2,16.2,14.1,19.133,188.0,255.32,-45.4,222.22222222222223,-34.22222222222223
MFG-LINE-PLT-007-02,2021-03-24,1,238.3,231.6,241.199,14.84,15.54,-20.18,15.107007973143096,-0.2670079731430963
MFG-LINE-PLT-002-02,2020-07-14,2,14.0,12.8,21.445,167.79,281.25,-40.3,257.14285714285717,-89.35285714285718
MFG-LINE-PLT-005-04,2021-09-20,1,51.5,46.6,47.717,75.42,77.25,-29.76,69.90291262135922,5.517087378640781
MFG-LINE-PLT-002-02,2021-03-14,2,14.0,12.8,13.864,259.55,281.25,-15.48,257.14285714285717,2.407142857142844
MFG-LINE-PLT-005-03,2020-05-13,3,62.1,56.6,71.89,50.0,63.6,-43.34,57.971014492753625,-7.971014492753625
MFG-LINE-PLT-004-06,2023-04-09,1,126.5,112.6,178.544,20.1,31.97,-52.03,28.458498023715414,-8.358498023715413
MFG-LINE-PLT-004-07,2022-02-07,1,224.4,199.4,209.735,17.09,18.05,-15.28,16.0427807486631,1.047219251336898
MFG-LINE-PLT-002-04,2022-10-31,1,16.2,14.1,14.875,241.95,255.32,-28.01,222.22222222222223,19.72777777777776
MFG-LINE-PLT-009-01,2021-03-16,3,63.4,62.8,73.27,49.07,57.32,-19.9,56.782334384858046,-7.712334384858046
MFG-LINE-PLT-003-04,2024-02-06,3,30.3,27.1,31.425,114.51,132.84,-21.9,118.8118811881188,-4.301881188118799
MFG-LINE-PLT-002-02,2024-04-06,2,14.0,12.8,14.978,240.32,281.25,-14.53,257.14285714285717,-16.822857142857174
MFG-LINE-PLT-004-06,2020-03-24,3,126.5,112.6,160.851,22.29,31.97,-37.34,28.458498023715414,-6.168498023715415
MFG-LINE-PLT-002-02,2021-03-04,1,14.0,12.8,16.27,221.23,281.25,-24.02,257.14285714285717,-35.91285714285718
MFG-LINE-PLT-004-02,2022-10-28,1,244.9,225.0,259.405,13.72,16.0,-32.74,14.699877501020824,-0.9798775010208232
MFG-LINE-PLT-006-01,2022-09-01,1,25.7,24.6,26.671,134.7,146.34,-67.42,140.07782101167317,-5.377821011673177
MFG-LINE-PLT-004-07,2023-08-20,3,224.4,199.4,226.345,15.87,18.05,-19.26,16.0427807486631,-0.17278074866310256
MFG-LINE-PLT-007-01,2022-07-28,2,177.7,170.1,206.352,17.41,21.16,-25.48,20.258863252673045,-2.848863252673045
MFG-LINE-PLT-003-01,2024-10-08,3,21.2,20.5,24.601,146.19,175.61,-47.96,169.81132075471697,-23.621320754716976
MFG-LINE-PLT-004-05,2024-08-18,3,156.1,151.3,176.757,20.32,23.79,-28.33,23.062139654067906,-2.7421396540679055
MFG-LINE-PLT-004-07,2023-01-13,2,224.4,199.4,277.898,12.85,18.05,-35.25,16.0427807486631,-3.192780748663102
MFG-LINE-PLT-002-03,2020-11-20,1,45.8,43.7,57.083,63.03,82.38,-44.81,78.60262008733625,-15.572620087336247
MFG-LINE-PLT-005-05,2021-12-29,1,59.9,61.0,78.697,45.65,59.02,-30.54,60.10016694490818,-14.450166944908183
MFG-LINE-PLT-004-03,2023-08-28,1,138.3,132.9,214.029,16.71,27.09,-38.14,26.030368763557483,-9.320368763557482
MFG-LINE-PLT-006-01,2023-11-14,1,25.7,24.6,27.842,129.21,146.34,-17.73,140.07782101167317,-10.867821011673158
MFG-LINE-PLT-004-05,2020-08-09,2,156.1,151.3,164.42,21.82,23.79,-20.63,23.062139654067906,-1.2421396540679055
MFG-LINE-PLT-004-04,2024-04-23,2,354.2,289.7,330.172,10.76,12.43,-14.61,10.163749294184077,0.5962507058159225
MFG-LINE-PLT-001-01,2020-06-12,2,25.4,20.4,24.417,147.4,176.47,-45.88,141.73228346456693,5.6677165354330725
MFG-LINE-PLT-004-05,2024-12-21,3,156.1,151.3,173.224,20.69,23.79,-27.57,23.062139654067906,-2.3721396540679045
MFG-LINE-PLT-001-02,2020-02-23,2,62.4,50.8,68.167,52.65,70.87,-44.07,57.69230769230769,-5.042307692307695
MFG-LINE-PLT-007-02,2020-06-05,3,238.3,231.6,325.592,10.91,15.54,-44.63,15.107007973143096,-4.197007973143096
MFG-LINE-PLT-005-05,2023-07-09,1,59.9,61.0,65.188,55.09,59.02,-36.57,60.10016694490818,-5.010166944908178
MFG-LINE-PLT-006-01,2021-08-05,3,25.7,24.6,31.341,114.75,146.34,-21.37,140.07782101167317,-25.327821011673166
MFG-LINE-PLT-005-02,2023-12-19,1,53.5,47.5,53.007,67.79,75.79,-10.5,67.28971962616822,0.5002803738317851
MFG-LINE-PLT-003-03,2021-12-16,1,11.0,9.6,10.783,333.71,375.0,-34.91,327.27272727272725,6.4372727272727275
MFG-LINE-PLT-005-01,2023-02-03,2,33.7,34.4,41.6,86.5,104.65,-23.87,106.82492581602374,-20.324925816023736
MFG-LINE-PLT-002-01,2023-05-29,1,43.4,38.1,61.245,58.66,94.49,-46.51,82.94930875576037,-24.289308755760374
MFG-LINE-PLT-004-01,2020-09-23,3,224.5,209.4,246.062,14.61,17.19,-36.0,16.035634743875278,-1.4256347438752783
MFG-LINE-PLT-010-04,2022-08-03,3,298.9,264.3,370.766,9.61,13.62,-46.46,12.04416192706591,-2.43416192706591
MFG-LINE-PLT-006-02,2022-10-22,2,6.4,6.6,11.279,319.13,545.45,-47.06,562.5,-243.37
MFG-LINE-PLT-004-06,2021-10-11,1,126.5,112.6,139.235,25.83,31.97,-26.64,28.458498023715414,-2.628498023715416
MFG-LINE-PLT-002-04,2024-07-30,1,16.2,14.1,15.546,231.39,255.32,-75.98,222.22222222222223,9.167777777777758
MFG-LINE-PLT-002-01,2022-07-06,1,43.4,38.1,44.644,80.62,94.49,-28.91,82.94930875576037,-2.3293087557603656
MFG-LINE-PLT-001-02,2024-12-11,1,62.4,50.8,67.03,53.63,70.87,-35.43,57.69230769230769,-4.062307692307691
MFG-LINE-PLT-005-03,2024-06-02,3,62.1,56.6,72.308,49.7,63.6,-34.98,57.971014492753625,-8.271014492753622
MFG-LINE-PLT-006-02,2023-09-28,3,6.4,6.6,9.164,392.8,545.45,-36.05,562.5,-169.7
MFG-LINE-PLT-004-02,2024-02-17,3,244.9,225.0,254.027,14.14,16.0,-20.83,14.699877501020824,-0.5598775010208232
MFG-LINE-PLT-007-02,2021-11-02,1,238.3,231.6,250.192,14.37,15.54,-11.82,15.107007973143096,-0.737007973143097
MFG-LINE-PLT-007-01,2021-08-14,2,177.7,170.1,295.795,11.96,21.16,-63.92,20.258863252673045,-8.298863252673044
MFG-LINE-PLT-007-01,2023-09-29,1,177.7,170.1,219.817,16.37,21.16,-23.87,20.258863252673045,-3.888863252673044
MFG-LINE-PLT-002-04,2020-05-18,2,16.2,14.1,15.634,230.23,255.32,-17.12,222.22222222222223,8.007777777777761
MFG-LINE-PLT-003-05,2021-01-12,3,39.9,39.1,47.647,75.43,92.07,-25.98,90.22556390977444,-14.79556390977443
MFG-LINE-PLT-002-04,2023-03-11,1,16.2,14.1,16.487,218.29,255.32,-21.28,222.22222222222223,-3.9322222222222365
MFG-LINE-PLT-004-03,2023-04-08,1,138.3,132.9,140.466,25.45,27.09,-44.65,26.030368763557483,-0.5803687635574839
MFG-LINE-PLT-004-07,2022-12-15,2,224.4,199.4,238.153,15.11,18.05,-23.19,16.0427807486631,-0.9327807486631023
MFG-LINE-PLT-003-03,2023-03-31,1,11.0,9.6,12.101,297.39,375.0,-24.74,327.27272727272725,-29.882727272727266
MFG-LINE-PLT-004-04,2020-07-09,1,354.2,289.7,328.666,10.84,12.43,-15.73,10.163749294184077,0.6762507058159226
MFG-LINE-PLT-010-04,2023-04-13,3,298.9,264.3,329.514,10.85,13.62,-28.97,12.04416192706591,-1.1941619270659096
MFG-LINE-PLT-004-06,2021-03-01,1,126.5,112.6,115.054,31.13,31.97,-27.8,28.458498023715414,2.671501976284585
MFG-LINE-PLT-002-02,2021-12-12,3,14.0,12.8,18.263,196.98,281.25,-32.21,257.14285714285717,-60.16285714285718
MFG-LINE-PLT-004-02,2021-03-01,1,244.9,225.0,283.946,12.64,16.0,-27.68,14.699877501020824,-2.0598775010208232
MFG-LINE-PLT-004-05,2021-01-16,1,156.1,151.3,167.361,21.36,23.79,-25.95,23.062139654067906,-1.7021396540679063
MFG-LINE-PLT-001-01,2024-07-02,3,25.4,20.4,25.629,140.34,176.47,-26.77,141.73228346456693,-1.3922834645669298
MFG-LINE-PLT-010-01,2021-07-10,1,267.8,279.7,358.977,9.89,12.87,-39.36,13.44286781179985,-3.5528678117998496
MFG-LINE-PLT-005-02,2024-08-08,3,53.5,47.5,53.508,67.24,75.79,-25.31,67.28971962616822,-0.04971962616822623
MFG-LINE-PLT-002-04,2021-10-23,1,16.2,14.1,15.896,226.44,255.32,-19.12,222.22222222222223,4.217777777777769
MFG-LINE-PLT-001-01,2024-12-23,1,25.4,20.4,23.024,156.29,176.47,-28.55,141.73228346456693,14.557716535433059
MFG-LINE-PLT-010-04,2022-10-14,2,298.9,264.3,351.394,10.14,13.62,-31.31,12.04416192706591,-1.9041619270659087
MFG-LINE-PLT-010-03,2021-03-19,3,34.2,34.8,41.278,86.97,103.45,-58.29,105.26315789473684,-18.293157894736837
MFG-LINE-PLT-010-03,2023-04-28,3,34.2,34.8,43.68,82.4,103.45,-27.39,105.26315789473684,-22.86315789473683
MFG-LINE-PLT-006-01,2024-10-16,1,25.7,24.6,28.678,125.39,146.34,-31.03,140.07782101167317,-14.687821011673165
MFG-LINE-PLT-005-01,2022-08-07,1,33.7,34.4,44.888,80.12,104.65,-54.31,106.82492581602374,-26.70492581602373
MFG-LINE-PLT-002-03,2022-09-25,1,45.8,43.7,45.302,79.37,82.38,-31.24,78.60262008733625,0.7673799126637562
MFG-LINE-PLT-008-02,2022-11-05,2,36.9,38.7,51.725,69.57,93.02,-34.36,97.5609756097561,-27.990975609756106
MFG-LINE-PLT-007-02,2020-01-16,2,238.3,231.6,282.617,12.65,15.54,-45.45,15.107007973143096,-2.457007973143096
MFG-LINE-PLT-003-01,2024-07-27,1,21.2,20.5,23.636,152.29,175.61,-24.87,169.81132075471697,-17.52132075471698
MFG-LINE-PLT-005-05,2021-10-04,3,59.9,61.0,77.59,46.36,59.02,-41.46,60.10016694490818,-13.740166944908182
MFG-LINE-PLT-004-01,2023-05-28,1,224.5,209.4,240.344,14.83,17.19,-31.97,16.035634743875278,-1.2056347438752777
MFG-LINE-PLT-004-01,2020-05-16,1,224.5,209.4,242.001,14.74,17.19,-31.58,16.035634743875278,-1.2956347438752776
MFG-LINE-PLT-003-05,2021-11-19,1,39.9,39.1,63.445,56.7,92.07,-39.88,90.22556390977444,-33.525563909774434
MFG-LINE-PLT-005-03,2023-08-10,1,62.1,56.6,65.553,54.85,63.6,-26.13,57.971014492753625,-3.1210144927536234
MFG-LINE-PLT-002-02,2024-07-16,1,14.0,12.8,14.21,253.34,281.25,-17.87,257.14285714285717,-3.802857142857164
MFG-LINE-PLT-004-06,2023-05-15,2,126.5,112.6,125.558,28.58,31.97,-16.05,28.458498023715414,0.12150197628458415
MFG-LINE-PLT-003-02,2021-01-14,1,42.0,36.5,39.516,91.01,98.63,-18.29,85.71428571428571,5.295714285714297
MFG-LINE-PLT-004-06,2023-01-29,3,126.5,112.6,137.476,26.08,31.97,-26.05,28.458498023715414,-2.378498023715416
MFG-LINE-PLT-008-02,2024-10-27,1,36.9,38.7,43.881,82.04,93.02,-25.91,97.5609756097561,-15.520975609756093
MFG-LINE-PLT-004-07,2020-04-23,2,224.4,199.4,245.567,14.53,18.05,-40.3,16.0427807486631,-1.5127807486631024
MFG-LINE-PLT-004-02,2021-10-24,2,244.9,225.0,381.349,9.37,16.0,-53.23,14.699877501020824,-5.329877501020825
MFG-LINE-PLT-004-01,2020-12-09,2,224.5,209.4,251.909,14.08,17.19,-52.59,16.035634743875278,-1.9556347438752777
MFG-LINE-PLT-001-02,2024-12-08,3,62.4,50.8,62.603,57.45,70.87,-24.81,57.69230769230769,-0.24230769230769056
MFG-LINE-PLT-007-02,2023-04-21,3,238.3,231.6,269.074,13.28,15.54,-39.34,15.107007973143096,-1.8270079731430968
MFG-LINE-PLT-003-02,2023-01-13,3,42.0,36.5,43.286,83.08,98.63,-29.7,85.71428571428571,-2.63428571428571
MFG-LINE-PLT-002-02,2020-03-05,2,14.0,12.8,17.555,204.99,281.25,-27.88,257.14285714285717,-52.15285714285716
MFG-LINE-PLT-010-02,2023-07-10,2,328.4,290.9,326.09,10.97,12.38,-29.07,10.962241169305726,0.007758830694275076
MFG-LINE-PLT-009-01,2023-07-17,2,63.4,62.8,74.576,48.27,57.32,-42.82,56.782334384858046,-8.512334384858043
MFG-LINE-PLT-005-06,2024-08-29,2,73.7,75.0,86.172,41.6,48.0,-47.13,48.846675712347356,-7.246675712347354
MFG-LINE-PLT-003-05,2024-09-22,2,39.9,39.1,52.009,69.12,92.07,-24.8,90.22556390977444,-21.105563909774432
MFG-LINE-PLT-008-01,2023-08-10,1,138.1,113.9,146.019,24.6,31.61,-24.32,26.06806661839247,-1.46806661839247
MFG-LINE-PLT-007-02,2023-04-04,1,238.3,231.6,241.129,14.9,15.54,-8.77,15.107007973143096,-0.20700797314309582
MFG-LINE-PLT-006-02,2023-01-14,2,6.4,6.6,7.913,454.9,545.45,-25.1,562.5,-107.60000000000002
MFG-LINE-PLT-010-04,2024-06-18,2,298.9,264.3,381.216,9.42,13.62,-71.15,12.04416192706591,-2.6241619270659093
MFG-LINE-PLT-004-04,2022-11-06,3,354.2,289.7,373.903,9.6,12.43,-34.69,10.163749294184077,-0.5637492941840776
MFG-LINE-PLT-005-03,2022-02-19,1,62.1,56.6,66.057,54.29,63.6,-44.25,57.971014492753625,-3.6810144927536257
MFG-LINE-PLT-007-01,2021-01-31,3,177.7,170.1,199.773,17.99,21.16,-39.26,20.258863252673045,-2.2688632526730466
MFG-LINE-PLT-006-01,2024-12-25,2,25.7,24.6,42.263,85.11,146.34,-64.19,140.07782101167317,-54.967821011673166
MFG-LINE-PLT-006-02,2021-01-08,3,6.4,6.6,11.709,307.3,545.45,-58.39,562.5,-255.2
MFG-LINE-PLT-002-03,2024-06-14,2,45.8,43.7,73.192,49.12,82.38,-52.12,78.60262008733625,-29.48262008733625
MFG-LINE-PLT-008-01,2023-05-04,1,138.1,113.9,117.596,30.6,31.61,-16.59,26.06806661839247,4.53193338160753
MFG-LINE-PLT-004-01,2022-04-24,1,224.5,209.4,262.92,13.66,17.19,-51.24,16.035634743875278,-2.3756347438752776
MFG-LINE-PLT-001-02,2022-08-25,1,62.4,50.8,54.323,66.23,70.87,-7.82,57.69230769230769,8.53769230769231
MFG-LINE-PLT-009-01,2024-09-15,2,63.4,62.8,87.339,41.2,57.32,-41.07,56.782334384858046,-15.582334384858044
MFG-LINE-PLT-009-01,2024-11-10,3,63.4,62.8,80.516,44.66,57.32,-25.65,56.782334384858046,-12.12233438485805
MFG-LINE-PLT-009-02,2024-12-22,1,40.5,33.0,43.406,82.86,109.09,-46.9,88.88888888888889,-6.028888888888886
MFG-LINE-PLT-003-03,2023-11-03,3,11.0,9.6,17.605,204.39,375.0,-67.55,327.27272727272725,-122.88272727272727
MFG-LINE-PLT-003-04,2023-05-12,3,30.3,27.1,33.329,108.01,132.84,-31.37,118.8118811881188,-10.801881188118799
MFG-LINE-PLT-003-01,2023-07-02,1,21.2,20.5,21.344,168.54,175.61,-35.74,169.81132075471697,-1.2713207547169816
MFG-LINE-PLT-002-02,2020-03-18,3,14.0,12.8,15.988,225.13,281.25,-30.24,257.14285714285717,-32.01285714285717
MFG-LINE-PLT-004-03,2021-11-24,3,138.3,132.9,190.872,18.76,27.09,-50.79,26.030368763557483,-7.270368763557482
MFG-LINE-PLT-005-06,2022-01-08,3,73.7,75.0,93.785,38.29,48.0,-29.0,48.846675712347356,-10.556675712347356
MFG-LINE-PLT-007-01,2021-06-15,3,177.7,170.1,213.168,16.83,21.16,-40.85,20.258863252673045,-3.4288632526730467
MFG-LINE-PLT-005-06,2020-08-09,1,73.7,75.0,125.272,28.56,48.0,-58.49,48.846675712347356,-20.286675712347357
MFG-LINE-PLT-003-02,2021-11-02,1,42.0,36.5,39.299,91.53,98.63,-20.87,85.71428571428571,5.815714285714293
MFG-LINE-PLT-004-02,2023-10-31,2,244.9,225.0,278.613,12.71,16.0,-78.63,14.699877501020824,-1.989877501020823
MFG-LINE-PLT-004-02,2020-06-11,2,244.9,225.0,298.571,11.93,16.0,-25.66,14.699877501020824,-2.769877501020824
MFG-LINE-PLT-003-04,2022-02-12,3,30.3,27.1,32.626,110.28,132.84,-27.1,118.8118811881188,-8.531881188118803
MFG-LINE-PLT-004-02,2022-05-18,1,244.9,225.0,281.577,12.65,16.0,-20.17,14.699877501020824,-2.0498775010208234
MFG-LINE-PLT-003-05,2024-07-30,2,39.9,39.1,66.502,54.01,92.07,-47.51,90.22556390977444,-36.21556390977444
MFG-LINE-PLT-002-01,2021-01-15,3,43.4,38.1,47.802,75.17,94.49,-40.06,82.94930875576037,-7.779308755760368
MFG-LINE-PLT-010-02,2024-10-11,2,328.4,290.9,350.189,10.17,12.38,-31.18,10.962241169305726,-0.7922411693057256
MFG-LINE-PLT-003-05,2021-01-05,2,39.9,39.1,50.962,70.59,92.07,-32.56,90.22556390977444,-19.635563909774433
MFG-LINE-PLT-002-03,2024-11-09,2,45.8,43.7,47.9,75.05,82.38,-15.93,78.60262008733625,-3.5526200873362512
MFG-LINE-PLT-004-02,2022-06-23,1,244.9,225.0,249.853,14.2,16.0,-67.77,14.699877501020824,-0.4998775010208245
MFG-LINE-PLT-005-02,2021-01-12,2,53.5,47.5,51.083,70.45,75.79,-12.56,67.28971962616822,3.1602803738317817
MFG-LINE-PLT-003-01,2024-06-11,1,21.2,20.5,24.174,148.9,175.61,-32.86,169.81132075471697,-20.911320754716968
MFG-LINE-PLT-008-01,2023-09-08,2,138.1,113.9,135.251,26.6,31.61,-47.11,26.06806661839247,0.53193338160753
MFG-LINE-PLT-005-05,2022-07-20,2,59.9,61.0,69.266,51.95,59.02,-31.12,60.10016694490818,-8.150166944908179
MFG-LINE-PLT-003-04,2021-01-14,1,30.3,27.1,30.752,117.0,132.84,-20.26,118.8118811881188,-1.8118811881188037
MFG-LINE-PLT-010-04,2024-04-10,3,298.9,264.3,328.278,10.94,13.62,-46.53,12.04416192706591,-1.1041619270659098
MFG-LINE-PLT-007-02,2020-04-16,3,238.3,231.6,272.239,13.07,15.54,-25.93,15.107007973143096,-2.037007973143096
MFG-LINE-PLT-010-01,2021-04-04,3,267.8,279.7,401.493,8.86,12.87,-38.0,13.44286781179985,-4.582867811799851
MFG-LINE-PLT-003-02,2021-11-21,1,42.0,36.5,59.657,60.34,98.63,-44.19,85.71428571428571,-25.374285714285705
MFG-LINE-PLT-007-01,2020-05-12,3,177.7,170.1,238.268,15.1,21.16,-32.43,20.258863252673045,-5.158863252673045
MFG-LINE-PLT-010-02,2022-05-08,1,328.4,290.9,338.433,10.54,12.38,-25.53,10.962241169305726,-0.4222411693057264
MFG-LINE-PLT-010-03,2020-04-20,2,34.2,34.8,41.837,85.95,103.45,-18.58,105.26315789473684,-19.313157894736833
MFG-LINE-PLT-005-05,2021-10-14,2,59.9,61.0,81.765,43.98,59.02,-26.62,60.10016694490818,-16.120166944908185
MFG-LINE-PLT-005-02,2020-09-24,2,53.5,47.5,52.463,68.57,75.79,-23.99,67.28971962616822,1.280280373831772
MFG-LINE-PLT-005-04,2020-05-30,1,51.5,46.6,58.915,61.07,77.25,-34.95,69.90291262135922,-8.83291262135922
MFG-LINE-PLT-006-01,2020-12-25,2,25.7,24.6,33.295,108.08,146.34,-51.2,140.07782101167317,-31.997821011673167
MFG-LINE-PLT-003-04,2021-02-09,1,30.3,27.1,30.912,116.31,132.84,-44.24,118.8118811881188,-2.5018811881188014
MFG-LINE-PLT-005-01,2024-04-29,2,33.7,34.4,37.464,96.01,104.65,-16.29,106.82492581602374,-10.814925816023731
MFG-LINE-PLT-010-03,2024-02-02,2,34.2,34.8,43.133,83.42,103.45,-24.08,105.26315789473684,-21.843157894736834
MFG-LINE-PLT-009-02,2021-05-05,1,40.5,33.0,37.518,95.85,109.09,-15.17,88.88888888888889,6.961111111111109
MFG-LINE-PLT-005-05,2023-09-21,1,59.9,61.0,70.261,51.22,59.02,-23.61,60.10016694490818,-8.880166944908183
MFG-LINE-PLT-002-02,2023-01-12,3,14.0,12.8,14.494,248.33,281.25,-28.36,257.14285714285717,-8.812857142857155
MFG-LINE-PLT-010-01,2020-08-23,1,267.8,279.7,356.879,9.99,12.87,-47.06,13.44286781179985,-3.45286781179985
MFG-LINE-PLT-003-03,2024-01-09,1,11.0,9.6,10.849,331.66,375.0,-42.44,327.27272727272725,4.387272727272773
MFG-LINE-PLT-008-02,2024-11-16,3,36.9,38.7,47.856,75.21,93.02,-27.59,97.5609756097561,-22.350975609756105
MFG-LINE-PLT-003-04,2022-01-13,2,30.3,27.1,33.133,108.6,132.84,-23.88,118.8118811881188,-10.21188118811881
MFG-LINE-PLT-010-04,2020-03-14,1,298.9,264.3,303.005,11.77,13.62,-31.07,12.04416192706591,-0.2741619270659097
MFG-LINE-PLT-005-01,2023-06-06,2,33.7,34.4,38.27,94.05,104.65,-15.02,106.82492581602374,-12.774925816023739
MFG-LINE-PLT-009-01,2021-11-10,2,63.4,62.8,78.049,46.03,57.32,-39.22,56.782334384858046,-10.752334384858045
MFG-LINE-PLT-005-02,2024-05-27,1,53.5,47.5,59.58,60.33,75.79,-22.12,67.28971962616822,-6.959719626168223
MFG-LINE-PLT-001-01,2020-04-18,2,25.4,20.4,24.535,146.53,176.47,-45.38,141.73228346456693,4.797716535433068
MFG-LINE-PLT-002-03,2024-08-18,2,45.8,43.7,57.929,62.01,82.38,-37.34,78.60262008733625,-16.59262008733625
MFG-LINE-PLT-010-02,2022-03-01,2,328.4,290.9,328.412,10.86,12.38,-43.3,10.962241169305726,-0.10224116930572613
MFG-LINE-PLT-009-02,2020-09-23,1,40.5,33.0,42.409,84.74,109.09,-36.82,88.88888888888889,-4.148888888888891
MFG-LINE-PLT-006-02,2023-09-25,2,6.4,6.6,7.956,452.45,545.45,-23.98,562.5,-110.05000000000001
MFG-LINE-PLT-005-03,2023-05-20,2,62.1,56.6,68.011,52.88,63.6,-29.79,57.971014492753625,-5.091014492753622
MFG-LINE-PLT-006-02,2023-10-01,2,6.4,6.6,8.806,408.71,545.45,-32.5,562.5,-153.79000000000002
MFG-LINE-PLT-003-03,2022-11-30,2,11.0,9.6,10.253,350.97,375.0,-25.69,327.27272727272725,23.697272727272775
MFG-LINE-PLT-001-01,2024-05-28,2,25.4,20.4,23.647,152.1,176.47,-48.69,141.73228346456693,10.367716535433061
MFG-LINE-PLT-010-03,2021-03-27,2,34.2,34.8,37.716,95.26,103.45,-34.19,105.26315789473684,-10.00315789473683
MFG-LINE-PLT-004-04,2024-08-21,3,354.2,289.7,361.952,9.79,12.43,-44.57,10.163749294184077,-0.3737492941840781
MFG-LINE-PLT-001-01,2023-02-21,3,25.4,20.4,26.115,137.73,176.47,-39.7,141.73228346456693,-4.002283464566943
MFG-LINE-PLT-007-01,2022-05-18,1,177.7,170.1,281.228,12.7,21.16,-43.21,20.258863252673045,-7.558863252673046
MFG-LINE-PLT-009-02,2022-02-23,2,40.5,33.0,38.597,93.19,109.09,-17.42,88.88888888888889,4.301111111111112
MFG-LINE-PLT-010-02,2021-08-30,1,328.4,290.9,336.666,10.59,12.38,-21.84,10.962241169305726,-0.3722411693057257
MFG-LINE-PLT-003-03,2020-09-02,1,11.0,9.6,9.975,360.87,375.0,-3.74,327.27272727272725,33.59727272727275
MFG-LINE-PLT-003-05,2024-09-03,1,39.9,39.1,43.855,82.09,92.07,-15.67,90.22556390977444,-8.135563909774433
MFG-LINE-PLT-002-02,2021-02-07,2,14.0,12.8,14.078,255.71,281.25,-27.72,257.14285714285717,-1.4328571428571593
MFG-LINE-PLT-010-03,2020-04-02,3,34.2,34.8,40.419,88.97,103.45,-36.06,105.26315789473684,-16.293157894736837
MFG-LINE-PLT-006-02,2020-12-19,2,6.4,6.6,8.063,446.34,545.45,-28.27,562.5,-116.16000000000003
MFG-LINE-PLT-007-01,2022-08-10,1,177.7,170.1,182.423,19.61,21.16,-12.8,20.258863252673045,-0.6488632526730456
MFG-LINE-PLT-004-06,2020-06-14,2,126.5,112.6,131.731,27.19,31.97,-29.66,28.458498023715414,-1.2684980237154129
MFG-LINE-PLT-010-04,2023-12-03,2,298.9,264.3,314.293,11.31,13.62,-28.57,12.04416192706591,-0.7341619270659088
MFG-LINE-PLT-002-02,2023-11-03,2,14.0,12.8,16.674,215.86,281.25,-31.19,257.14285714285717,-41.282857142857154
MFG-LINE-PLT-003-03,2021-09-29,2,11.0,9.6,12.659,284.28,375.0,-37.22,327.27272727272725,-42.99272727272728
MFG-LINE-PLT-004-06,2020-03-31,1,126.5,112.6,128.115,28.1,31.97,-19.05,28.458498023715414,-0.35849802371541273
MFG-LINE-PLT-004-06,2022-06-13,2,126.5,112.6,153.34,23.38,31.97,-27.88,28.458498023715414,-5.078498023715415
MFG-LINE-PLT-005-05,2020-01-05,1,59.9,61.0,61.558,58.41,59.02,-6.25,60.10016694490818,-1.690166944908185
MFG-LINE-PLT-003-03,2024-06-04,1,11.0,9.6,10.702,336.25,375.0,-27.75,327.27272727272725,8.977272727272748
MFG-LINE-PLT-006-02,2023-07-10,1,6.4,6.6,7.265,495.51,545.45,-16.0,562.5,-66.99000000000001
MFG-LINE-PLT-007-02,2022-07-20,1,238.3,231.6,269.123,13.33,15.54,-18.18,15.107007973143096,-1.777007973143096
MFG-LINE-PLT-008-01,2021-05-12,2,138.1,113.9,125.659,28.57,31.61,-16.53,26.06806661839247,2.501933381607529
MFG-LINE-PLT-007-01,2024-11-15,1,177.7,170.1,191.379,18.8,21.16,-55.09,20.258863252673045,-1.4588632526730443
MFG-LINE-PLT-003-01,2022-12-01,1,21.2,20.5,26.508,135.59,175.61,-53.48,169.81132075471697,-34.22132075471697
MFG-LINE-PLT-003-03,2024-09-21,2,11.0,9.6,11.31,318.23,375.0,-54.08,327.27272727272725,-9.042727272727234
MFG-LINE-PLT-005-01,2024-11-10,3,33.7,34.4,43.253,83.07,104.65,-42.49,106.82492581602374,-23.754925816023743
MFG-LINE-PLT-005-03,2020-02-10,3,62.1,56.6,82.867,43.41,63.6,-37.26,57.971014492753625,-14.561014492753628
MFG-LINE-PLT-002-03,2024-10-02,2,45.8,43.7,52.567,68.47,82.38,-24.76,78.60262008733625,-10.13262008733625
MFG-LINE-PLT-005-03,2021-09-18,3,62.1,56.6,69.191,51.96,63.6,-35.91,57.971014492753625,-6.011014492753624
MFG-LINE-PLT-010-02,2020-05-14,3,328.4,290.9,339.922,10.58,12.38,-30.77,10.962241169305726,-0.3822411693057255
MFG-LINE-PLT-005-02,2021-12-22,2,53.5,47.5,62.807,57.28,75.79,-34.34,67.28971962616822,-10.00971962616822
MFG-LINE-PLT-004-05,2022-03-14,1,156.1,151.3,151.386,23.68,23.79,-11.18,23.062139654067906,0.6178603459320939
MFG-LINE-PLT-005-02,2023-03-30,1,53.5,47.5,47.726,75.34,75.79,-22.36,67.28971962616822,8.050280373831782
MFG-LINE-PLT-003-03,2021-06-15,3,11.0,9.6,13.466,267.26,375.0,-40.22,327.27272727272725,-60.01272727272726
MFG-LINE-PLT-003-01,2022-06-07,2,21.2,20.5,24.404,147.41,175.61,-36.06,169.81132075471697,-22.401320754716977
MFG-LINE-PLT-002-04,2022-12-09,2,16.2,14.1,15.952,225.57,255.32,-20.83,222.22222222222223,3.3477777777777646
MFG-LINE-PLT-003-01,2024-10-30,1,21.2,20.5,24.388,147.6,175.61,-50.64,169.81132075471697,-22.21132075471698
MFG-LINE-PLT-004-05,2023-02-12,1,156.1,151.3,157.392,22.83,23.79,-8.51,23.062139654067906,-0.23213965406790749
MFG-LINE-PLT-005-02,2021-03-23,1,53.5,47.5,52.377,68.65,75.79,-9.38,67.28971962616822,1.3602803738317846
MFG-LINE-PLT-002-04,2021-01-28,3,16.2,14.1,17.331,207.66,255.32,-38.16,222.22222222222223,-14.562222222222232
MFG-LINE-PLT-004-02,2024-02-29,1,244.9,225.0,285.601,12.57,16.0,-38.6,14.699877501020824,-2.1298775010208235
MFG-LINE-PLT-005-04,2024-08-19,1,51.5,46.6,52.825,68.09,77.25,-28.57,69.90291262135922,-1.8129126213592173
MFG-LINE-PLT-004-03,2022-11-03,2,138.3,132.9,160.857,22.36,27.09,-33.99,26.030368763557483,-3.6703687635574838
MFG-LINE-PLT-004-06,2023-06-15,1,126.5,112.6,119.196,30.16,31.97,-27.49,28.458498023715414,1.701501976284586
MFG-LINE-PLT-005-04,2024-12-23,2,51.5,46.6,63.816,56.36,77.25,-46.17,69.90291262135922,-13.542912621359221
MFG-LINE-PLT-009-02,2023-08-16,1,40.5,33.0,35.439,101.53,109.09,-20.92,88.88888888888889,12.641111111111115
MFG-LINE-PLT-002-02,2024-03-16,2,14.0,12.8,14.111,255.02,281.25,-23.5,257.14285714285717,-2.122857142857157
MFG-LINE-PLT-006-01,2022-05-24,1,25.7,24.6,26.487,135.83,146.34,-25.8,140.07782101167317,-4.247821011673153
MFG-LINE-PLT-002-04,2024-04-20,1,16.2,14.1,16.032,224.43,255.32,-19.12,222.22222222222223,2.2077777777777783
MFG-LINE-PLT-006-01,2021-08-17,1,25.7,24.6,25.658,140.22,146.34,-21.46,140.07782101167317,0.14217898832683318
MFG-LINE-PLT-006-01,2020-08-21,2,25.7,24.6,27.236,132.14,146.34,-20.92,140.07782101167317,-7.937821011673179
MFG-LINE-PLT-004-03,2021-10-18,2,138.3,132.9,148.109,24.16,27.09,-44.04,26.030368763557483,-1.870368763557483
MFG-LINE-PLT-005-06,2021-02-23,1,73.7,75.0,79.919,45.04,48.0,-23.98,48.846675712347356,-3.8066757123473565
MFG-LINE-PLT-007-01,2024-09-02,3,177.7,170.1,215.819,16.58,21.16,-32.74,20.258863252673045,-3.6788632526730467
MFG-LINE-PLT-004-01,2023-10-15,2,224.5,209.4,227.804,15.66,17.19,-32.33,16.035634743875278,-0.3756347438752776
MFG-LINE-PLT-008-02,2023-12-04,1,36.9,38.7,39.075,92.04,93.02,-11.33,97.5609756097561,-5.520975609756093
MFG-LINE-PLT-009-02,2020-06-11,2,40.5,33.0,39.696,90.55,109.09,-25.35,88.88888888888889,1.6611111111111114
MFG-LINE-PLT-002-02,2021-12-01,2,14.0,12.8,14.078,255.57,281.25,-34.6,257.14285714285717,-1.572857142857174
MFG-LINE-PLT-003-04,2022-04-13,2,30.3,27.1,31.374,114.62,132.84,-21.06,118.8118811881188,-4.191881188118799
MFG-LINE-PLT-002-04,2022-03-27,1,16.2,14.1,15.885,226.58,255.32,-33.0,222.22222222222223,4.357777777777784
MFG-LINE-PLT-010-03,2023-06-29,2,34.2,34.8,40.21,89.52,103.45,-20.77,105.26315789473684,-15.74315789473684
MFG-LINE-PLT-003-02,2020-05-11,3,42.0,36.5,51.479,69.84,98.63,-43.99,85.71428571428571,-15.874285714285705
MFG-LINE-PLT-006-01,2023-05-22,1,25.7,24.6,32.042,112.31,146.34,-36.09,140.07782101167317,-27.767821011673163
MFG-LINE-PLT-005-02,2023-11-02,2,53.5,47.5,52.346,68.76,75.79,-32.97,67.28971962616822,1.470280373831784
MFG-LINE-PLT-010-04,2021-03-08,2,298.9,264.3,293.462,12.15,13.62,-14.0,12.04416192706591,0.10583807293409109
MFG-LINE-PLT-004-05,2024-07-28,3,156.1,151.3,204.485,17.47,23.79,-35.8,23.062139654067906,-5.592139654067907
MFG-LINE-PLT-003-04,2024-08-15,2,30.3,27.1,36.601,98.33,132.84,-38.14,118.8118811881188,-20.481881188118805
MFG-LINE-PLT-008-01,2020-08-09,1,138.1,113.9,131.563,27.25,31.61,-32.89,26.06806661839247,1.1819333816075286
MFG-LINE-PLT-005-04,2024-11-07,3,51.5,46.6,83.78,42.94,77.25,-65.8,69.90291262135922,-26.962912621359223
MFG-LINE-PLT-002-04,2024-06-15,1,16.2,14.1,16.215,221.95,255.32,-15.46,222.22222222222223,-0.2722222222222399
MFG-LINE-PLT-005-01,2022-02-16,3,33.7,34.4,40.842,87.97,104.65,-43.23,106.82492581602374,-18.854925816023737
MFG-LINE-PLT-004-07,2020-11-22,3,224.4,199.4,285.043,12.49,18.05,-52.17,16.0427807486631,-3.5527807486631016
MFG-LINE-PLT-001-01,2022-08-17,1,25.4,20.4,25.646,140.37,176.47,-46.06,141.73228346456693,-1.3622834645669286
MFG-LINE-PLT-010-03,2020-08-12,1,34.2,34.8,44.683,80.38,103.45,-46.89,105.26315789473684,-24.88315789473684
MFG-LINE-PLT-010-03,2022-04-23,1,34.2,34.8,39.964,89.97,103.45,-38.6,105.26315789473684,-15.293157894736837
MFG-LINE-PLT-004-07,2022-09-29,2,224.4,199.4,237.786,15.05,18.05,-32.14,16.0427807486631,-0.9927807486631011
MFG-LINE-PLT-004-04,2023-08-02,1,354.2,289.7,317.423,11.3,12.43,-7.95,10.163749294184077,1.1362507058159235
MFG-LINE-PLT-010-04,2023-12-30,1,298.9,264.3,279.2,12.85,13.62,-11.34,12.04416192706591,0.8058380729340904
MFG-LINE-PLT-006-01,2022-08-22,1,25.7,24.6,28.085,128.05,146.34,-24.07,140.07782101167317,-12.027821011673154
MFG-LINE-PLT-003-01,2023-12-24,2,21.2,20.5,27.818,129.25,175.61,-47.62,169.81132075471697,-40.561320754716974
MFG-LINE-PLT-003-01,2022-02-07,2,21.2,20.5,36.131,99.55,175.61,-49.11,169.81132075471697,-70.26132075471698
MFG-LINE-PLT-002-01,2023-05-27,1,43.4,38.1,43.164,83.39,94.49,-26.71,82.94930875576037,0.44069124423963046
MFG-LINE-PLT-004-05,2020-02-04,1,156.1,151.3,157.518,22.81,23.79,-26.78,23.062139654067906,-0.25213965406790706
MFG-LINE-PLT-002-04,2024-12-30,2,16.2,14.1,15.427,233.33,255.32,-8.54,222.22222222222223,11.107777777777784
MFG-LINE-PLT-005-05,2024-08-28,1,59.9,61.0,76.605,46.98,59.02,-29.93,60.10016694490818,-13.120166944908185
MFG-LINE-PLT-003-04,2023-09-19,2,30.3,27.1,31.711,113.36,132.84,-39.5,118.8118811881188,-5.451881188118804
MFG-LINE-PLT-010-03,2022-05-02,3,34.2,34.8,49.663,72.48,103.45,-30.93,105.26315789473684,-32.78315789473683
MFG-LINE-PLT-004-04,2024-01-26,1,354.2,289.7,328.641,10.86,12.43,-27.66,10.163749294184077,0.6962507058159222
MFG-LINE-PLT-004-07,2024-02-21,1,224.4,199.4,328.657,10.91,18.05,-49.29,16.0427807486631,-5.132780748663102
MFG-LINE-PLT-004-02,2024-12-17,1,244.9,225.0,276.394,12.91,16.0,-32.14,14.699877501020824,-1.7898775010208237
MFG-LINE-PLT-007-02,2022-07-31,1,238.3,231.6,305.571,11.75,15.54,-41.67,15.107007973143096,-3.357007973143096
MFG-LINE-PLT-003-01,2024-09-29,1,21.2,20.5,21.573,166.8,175.61,-22.2,169.81132075471697,-3.0113207547169623
MFG-LINE-PLT-007-02,2023-08-10,2,238.3,231.6,325.13,10.93,15.54,-52.03,15.107007973143096,-4.1770079731430965
MFG-LINE-PLT-008-02,2023-12-16,1,36.9,38.7,38.833,92.7,93.02,-10.75,97.5609756097561,-4.860975609756096
MFG-LINE-PLT-004-04,2023-09-18,3,354.2,289.7,366.344,9.69,12.43,-21.11,10.163749294184077,-0.47374929418407774
MFG-LINE-PLT-009-01,2020-10-29,3,63.4,62.8,90.606,39.64,57.32,-35.7,56.782334384858046,-17.142334384858046
MFG-LINE-PLT-003-02,2021-12-02,1,42.0,36.5,37.844,95.0,98.63,-39.87,85.71428571428571,9.285714285714292
MFG-LINE-PLT-001-02,2022-08-21,1,62.4,50.8,82.282,43.75,70.87,-42.47,57.69230769230769,-13.942307692307693
MFG-LINE-PLT-004-03,2024-06-17,3,138.3,132.9,153.71,23.38,27.09,-50.0,26.030368763557483,-2.650368763557484
MFG-LINE-PLT-007-01,2020-08-15,1,177.7,170.1,197.067,18.27,21.16,-36.14,20.258863252673045,-1.9888632526730454
MFG-LINE-PLT-009-02,2024-11-01,1,40.5,33.0,37.775,95.27,109.09,-21.26,88.88888888888889,6.38111111111111
MFG-LINE-PLT-004-03,2023-01-28,3,138.3,132.9,186.717,19.16,27.09,-40.4,26.030368763557483,-6.870368763557483
MFG-LINE-PLT-002-03,2020-11-10,2,45.8,43.7,57.877,62.16,82.38,-55.93,78.60262008733625,-16.442620087336252
MFG-LINE-PLT-002-03,2023-04-05,1,45.8,43.7,45.245,79.47,82.38,-10.73,78.60262008733625,0.8673799126637505
MFG-LINE-PLT-010-04,2022-01-14,1,298.9,264.3,304.052,11.83,13.62,-32.0,12.04416192706591,-0.2141619270659092
MFG-LINE-PLT-010-04,2020-05-15,3,298.9,264.3,333.664,10.78,13.62,-27.27,12.04416192706591,-1.26416192706591
MFG-LINE-PLT-004-05,2022-04-04,2,156.1,151.3,174.094,20.53,23.79,-43.93,23.062139654067906,-2.5321396540679046
MFG-LINE-PLT-004-04,2021-07-13,1,354.2,289.7,319.336,11.27,12.43,-15.31,10.163749294184077,1.1062507058159223
MFG-LINE-PLT-005-05,2024-08-30,3,59.9,61.0,88.619,40.51,59.02,-47.46,60.10016694490818,-19.590166944908184
MFG-LINE-PLT-001-01,2020-04-09,3,25.4,20.4,28.794,124.98,176.47,-40.97,141.73228346456693,-16.75228346456693
MFG-LINE-PLT-005-05,2023-08-23,2,59.9,61.0,103.51,34.64,59.02,-50.12,60.10016694490818,-25.46016694490818
MFG-LINE-PLT-005-04,2020-04-28,3,51.5,46.6,60.256,59.62,77.25,-37.67,69.90291262135922,-10.282912621359223
MFG-LINE-PLT-005-03,2020-08-10,2,62.1,56.6,79.477,45.19,63.6,-42.32,57.971014492753625,-12.781014492753627
MFG-LINE-PLT-010-04,2022-12-26,2,298.9,264.3,354.645,10.04,13.62,-34.29,12.04416192706591,-2.00416192706591
MFG-LINE-PLT-003-03,2022-03-28,1,11.0,9.6,11.014,326.67,375.0,-37.83,327.27272727272725,-0.6027272727272361
MFG-LINE-PLT-007-02,2021-09-12,1,238.3,231.6,305.007,11.74,15.54,-33.33,15.107007973143096,-3.367007973143096
MFG-LINE-PLT-005-04,2021-03-25,3,51.5,46.6,57.048,63.0,77.25,-37.91,69.90291262135922,-6.902912621359221
MFG-LINE-PLT-004-03,2024-06-09,2,138.3,132.9,159.162,22.53,27.09,-44.12,26.030368763557483,-3.500368763557482
MFG-LINE-PLT-005-03,2021-11-07,1,62.1,56.6,62.608,57.38,63.6,-16.11,57.971014492753625,-0.5910144927536223
MFG-LINE-PLT-004-05,2024-07-16,2,156.1,151.3,175.312,20.53,23.79,-18.39,23.062139654067906,-2.5321396540679046
MFG-LINE-PLT-002-03,2023-01-22,1,45.8,43.7,49.562,72.5,82.38,-35.52,78.60262008733625,-6.102620087336248
MFG-LINE-PLT-004-05,2020-07-21,3,156.1,151.3,170.547,20.97,23.79,-26.51,23.062139654067906,-2.092139654067907
MFG-LINE-PLT-010-03,2022-06-28,3,34.2,34.8,41.672,86.38,103.45,-23.9,105.26315789473684,-18.88315789473684
MFG-LINE-PLT-010-01,2022-04-10,1,267.8,279.7,322.553,11.04,12.87,-32.0,13.44286781179985,-2.402867811799851
MFG-LINE-PLT-005-02,2023-11-24,2,53.5,47.5,55.181,65.13,75.79,-28.06,67.28971962616822,-2.1597196261682257
MFG-LINE-PLT-001-01,2020-03-24,2,25.4,20.4,24.229,148.45,176.47,-21.65,141.73228346456693,6.7177165354330555
MFG-LINE-PLT-005-04,2021-01-01,1,51.5,46.6,50.821,70.73,77.25,-44.56,69.90291262135922,0.8270873786407833
MFG-LINE-PLT-007-01,2020-11-09,2,177.7,170.1,232.295,15.47,21.16,-39.22,20.258863252673045,-4.788863252673044
MFG-LINE-PLT-005-02,2022-10-18,1,53.5,47.5,58.338,61.67,75.79,-21.66,67.28971962616822,-5.619719626168219
MFG-LINE-PLT-004-01,2024-10-06,1,224.5,209.4,272.744,13.08,17.19,-40.46,16.035634743875278,-2.9556347438752777
MFG-LINE-PLT-005-01,2022-08-01,2,33.7,34.4,46.423,77.42,104.65,-41.37,106.82492581602374,-29.404925816023734
MFG-LINE-PLT-008-02,2021-07-09,1,36.9,38.7,50.58,71.17,93.02,-30.55,97.5609756097561,-26.390975609756097
MFG-LINE-PLT-007-01,2020-11-30,1,177.7,170.1,192.439,18.7,21.16,-28.83,20.258863252673045,-1.5588632526730457
MFG-LINE-PLT-009-02,2022-07-09,1,40.5,33.0,34.792,103.42,109.09,-5.08,88.88888888888889,14.531111111111116
MFG-LINE-PLT-005-04,2022-05-17,1,51.5,46.6,76.708,46.8,77.25,-42.75,69.90291262135922,-23.102912621359224
MFG-LINE-PLT-010-02,2020-07-27,2,328.4,290.9,318.742,11.16,12.38,-27.78,10.962241169305726,0.19775883069427458
MFG-LINE-PLT-009-01,2022-04-04,3,63.4,62.8,79.224,45.33,57.32,-36.67,56.782334384858046,-11.452334384858048
MFG-LINE-PLT-004-04,2024-01-02,3,354.2,289.7,336.469,10.65,12.43,-28.87,10.163749294184077,0.4862507058159231
MFG-LINE-PLT-001-02,2020-10-09,2,62.4,50.8,68.469,52.44,70.87,-56.86,57.69230769230769,-5.252307692307696
MFG-LINE-PLT-007-01,2021-06-22,2,177.7,170.1,233.202,15.33,21.16,-39.47,20.258863252673045,-4.928863252673045
MFG-LINE-PLT-003-03,2020-12-28,3,11.0,9.6,10.868,331.08,375.0,-57.97,327.27272727272725,3.807272727272732
MFG-LINE-PLT-009-01,2022-11-20,1,63.4,62.8,72.437,49.55,57.32,-50.23,56.782334384858046,-7.232334384858049
MFG-LINE-PLT-003-02,2020-02-25,1,42.0,36.5,38.878,92.53,98.63,-10.24,85.71428571428571,6.815714285714293
MFG-LINE-PLT-010-02,2022-11-22,3,328.4,290.9,371.004,9.66,12.38,-27.08,10.962241169305726,-1.3022411693057254
MFG-LINE-PLT-007-01,2024-05-29,1,177.7,170.1,194.261,18.41,21.16,-27.27,20.258863252673045,-1.8488632526730449
MFG-LINE-PLT-005-01,2021-11-29,3,33.7,34.4,42.921,83.75,104.65,-40.08,106.82492581602374,-23.074925816023736
MFG-LINE-PLT-008-01,2024-10-01,1,138.1,113.9,120.246,29.78,31.61,-20.18,26.06806661839247,3.7119333816075297
MFG-LINE-PLT-010-03,2021-01-10,2,34.2,34.8,42.156,85.24,103.45,-39.29,105.26315789473684,-20.02315789473684
MFG-LINE-PLT-005-05,2021-09-14,3,59.9,61.0,77.354,46.5,59.02,-54.18,60.10016694490818,-13.600166944908182
MFG-LINE-PLT-009-01,2021-04-17,1,63.4,62.8,71.062,50.64,57.32,-24.13,56.782334384858046,-6.142334384858046
MFG-LINE-PLT-002-02,2021-10-08,2,14.0,12.8,14.04,256.27,281.25,-30.98,257.14285714285717,-0.8728571428571854
MFG-LINE-PLT-010-03,2024-07-02,3,34.2,34.8,49.026,73.34,103.45,-46.94,105.26315789473684,-31.923157894736832
MFG-LINE-PLT-004-07,2023-04-14,1,224.4,199.4,214.109,16.76,18.05,-15.27,16.0427807486631,0.7172192513368998
MFG-LINE-PLT-004-06,2020-09-24,2,126.5,112.6,120.12,29.97,31.97,-36.22,28.458498023715414,1.5115019762845847
MFG-LINE-PLT-004-06,2022-06-29,2,126.5,112.6,150.191,23.88,31.97,-48.0,28.458498023715414,-4.578498023715415
MFG-LINE-PLT-002-01,2023-01-29,1,43.4,38.1,48.745,73.7,94.49,-40.8,82.94930875576037,-9.249308755760367
MFG-LINE-PLT-007-02,2024-01-25,1,238.3,231.6,269.013,13.29,15.54,-46.28,15.107007973143096,-1.817007973143097
MFG-LINE-PLT-004-04,2022-07-16,3,354.2,289.7,337.334,10.64,12.43,-31.58,10.163749294184077,0.4762507058159233
MFG-LINE-PLT-004-02,2020-07-23,3,244.9,225.0,268.801,13.37,16.0,-25.22,14.699877501020824,-1.3298775010208246
MFG-LINE-PLT-002-02,2024-07-25,1,14.0,12.8,13.275,271.09,281.25,-14.75,257.14285714285717,13.947142857142808
MFG-LINE-PLT-003-03,2023-09-06,2,11.0,9.6,10.611,339.23,375.0,-23.07,327.27272727272725,11.957272727272766
MFG-LINE-PLT-004-01,2021-08-19,1,224.5,209.4,245.521,14.48,17.19,-43.8,16.035634743875278,-1.5556347438752773
MFG-LINE-PLT-010-03,2023-12-16,2,34.2,34.8,60.617,59.36,103.45,-50.27,105.26315789473684,-45.903157894736836
MFG-LINE-PLT-004-02,2022-04-15,2,244.9,225.0,300.694,11.89,16.0,-35.14,14.699877501020824,-2.8098775010208232
MFG-LINE-PLT-004-07,2024-11-13,2,224.4,199.4,227.284,15.74,18.05,-33.58,16.0427807486631,-0.30278074866310156
MFG-LINE-PLT-004-06,2024-03-12,3,126.5,112.6,132.37,27.18,31.97,-24.02,28.458498023715414,-1.2784980237154144
MFG-LINE-PLT-001-01,2020-02-14,2,25.4,20.4,22.956,156.8,176.47,-18.48,141.73228346456693,15.067716535433078
MFG-LINE-PLT-004-06,2022-08-03,2,126.5,112.6,134.275,26.73,31.97,-42.98,28.458498023715414,-1.7284980237154137
MFG-LINE-PLT-001-02,2021-08-05,2,62.4,50.8,68.143,52.73,70.87,-37.52,57.69230769230769,-4.9623076923076965
MFG-LINE-PLT-006-01,2021-02-15,1,25.7,24.6,26.08,138.01,146.34,-31.07,140.07782101167317,-2.067821011673175
MFG-LINE-PLT-004-06,2024-12-26,2,126.5,112.6,132.996,26.92,31.97,-32.66,28.458498023715414,-1.5384980237154124
MFG-LINE-PLT-003-02,2024-07-24,3,42.0,36.5,45.16,79.69,98.63,-46.74,85.71428571428571,-6.0242857142857105
MFG-LINE-PLT-002-02,2023-09-04,1,14.0,12.8,14.509,247.98,281.25,-21.63,257.14285714285717,-9.162857142857177
MFG-LINE-PLT-005-03,2024-10-24,1,62.1,56.6,62.482,57.48,63.6,-21.4,57.971014492753625,-0.49101449275362796
MFG-LINE-PLT-002-01,2024-07-25,2,43.4,38.1,45.358,79.13,94.49,-62.25,82.94930875576037,-3.8193087557603747
MFG-LINE-PLT-010-03,2021-08-21,1,34.2,34.8,43.862,82.0,103.45,-45.3,105.26315789473684,-23.263157894736835
MFG-LINE-PLT-003-05,2024-10-05,2,39.9,39.1,45.009,79.89,92.07,-22.09,90.22556390977444,-10.335563909774436
MFG-LINE-PLT-003-01,2024-01-25,2,21.2,20.5,23.537,152.92,175.61,-31.88,169.81132075471697,-16.891320754716986
MFG-LINE-PLT-003-02,2020-03-23,1,42.0,36.5,47.609,75.48,98.63,-33.66,85.71428571428571,-10.234285714285704
MFG-LINE-PLT-006-02,2023-06-05,1,6.4,6.6,7.382,487.54,545.45,-21.12,562.5,-74.95999999999998
MFG-LINE-PLT-010-01,2023-03-05,1,267.8,279.7,360.929,9.87,12.87,-32.26,13.44286781179985,-3.572867811799851
MFG-LINE-PLT-002-04,2020-08-27,1,16.2,14.1,17.478,205.91,255.32,-23.35,222.22222222222223,-16.312222222222232
MFG-LINE-PLT-006-02,2023-06-01,1,6.4,6.6,7.507,479.46,545.45,-19.79,562.5,-83.04000000000002
MFG-LINE-PLT-006-02,2023-09-06,2,6.4,6.6,7.935,453.65,545.45,-31.91,562.5,-108.85000000000002
MFG-LINE-PLT-005-06,2023-07-17,1,73.7,75.0,96.325,37.35,48.0,-43.04,48.846675712347356,-11.496675712347354
MFG-LINE-PLT-005-02,2020-10-20,2,53.5,47.5,55.4,64.94,75.79,-16.11,67.28971962616822,-2.3497196261682234
MFG-LINE-PLT-003-05,2023-07-06,3,39.9,39.1,48.013,74.89,92.07,-22.58,90.22556390977444,-15.335563909774436
MFG-LINE-PLT-010-04,2021-10-27,2,298.9,264.3,365.055,9.82,13.62,-48.48,12.04416192706591,-2.224161927065909
MFG-LINE-PLT-004-02,2023-06-10,1,244.9,225.0,241.644,14.84,16.0,-22.88,14.699877501020824,0.14012249897917606
MFG-LINE-PLT-004-07,2022-02-25,1,224.4,199.4,217.623,16.42,18.05,-58.45,16.0427807486631,0.37721925133689993
MFG-LINE-PLT-006-01,2023-07-06,1,25.7,24.6,27.948,128.62,146.34,-41.36,140.07782101167317,-11.457821011673161
MFG-LINE-PLT-004-01,2020-11-04,1,224.5,209.4,267.127,13.43,17.19,-53.54,16.035634743875278,-2.605634743875278
MFG-LINE-PLT-002-01,2022-02-10,1,43.4,38.1,47.196,76.24,94.49,-25.22,82.94930875576037,-6.709308755760375
MFG-LINE-PLT-007-01,2023-02-03,2,177.7,170.1,237.24,15.14,21.16,-28.31,20.258863252673045,-5.118863252673044
MFG-LINE-PLT-004-07,2023-01-02,3,224.4,199.4,285.713,12.52,18.05,-38.46,16.0427807486631,-3.522780748663102
MFG-LINE-PLT-008-02,2022-06-15,3,36.9,38.7,44.417,81.05,93.02,-32.12,97.5609756097561,-16.510975609756102
MFG-LINE-PLT-003-03,2022-01-08,1,11.0,9.6,15.805,227.7,375.0,-60.78,327.27272727272725,-99.57272727272726
MFG-LINE-PLT-002-02,2024-08-28,1,14.0,12.8,14.548,247.46,281.25,-14.94,257.14285714285717,-9.68285714285716
MFG-LINE-PLT-005-04,2023-04-19,3,51.5,46.6,58.948,60.96,77.25,-25.85,69.90291262135922,-8.94291262135922
MFG-LINE-PLT-005-02,2020-05-09,1,53.5,47.5,54.055,66.54,75.79,-45.96,67.28971962616822,-0.7497196261682149
MFG-LINE-PLT-007-01,2022-09-13,3,177.7,170.1,196.792,18.23,21.16,-20.39,20.258863252673045,-2.0288632526730446
MFG-LINE-PLT-007-01,2020-09-16,1,177.7,170.1,182.899,19.64,21.16,-20.13,20.258863252673045,-0.6188632526730444
MFG-LINE-PLT-002-02,2023-08-27,1,14.0,12.8,13.204,272.59,281.25,-5.14,257.14285714285717,15.447142857142808
MFG-LINE-PLT-007-01,2023-08-09,1,177.7,170.1,222.64,16.0,21.16,-42.76,20.258863252673045,-4.258863252673045
MFG-LINE-PLT-003-03,2024-10-20,2,11.0,9.6,12.98,277.35,375.0,-39.16,327.27272727272725,-49.92272727272723
MFG-LINE-PLT-004-01,2024-02-29,3,224.5,209.4,247.571,14.44,17.19,-24.6,16.035634743875278,-1.5956347438752783
MFG-LINE-PLT-004-02,2020-02-04,1,244.9,225.0,251.384,14.23,16.0,-22.32,14.699877501020824,-0.4698775010208234
MFG-LINE-PLT-003-03,2020-09-15,3,11.0,9.6,10.927,329.38,375.0,-17.35,327.27272727272725,2.1072727272727434
MFG-LINE-PLT-003-02,2023-08-04,1,42.0,36.5,42.79,84.13,98.63,-30.84,85.71428571428571,-1.5842857142857127
MFG-LINE-PLT-008-02,2023-08-04,1,36.9,38.7,39.653,90.72,93.02,-17.58,97.5609756097561,-6.8409756097561
MFG-LINE-PLT-006-01,2024-09-25,1,25.7,24.6,40.933,87.86,146.34,-58.11,140.07782101167317,-52.217821011673166
MFG-LINE-PLT-004-07,2021-05-28,3,224.4,199.4,243.413,14.67,18.05,-43.31,16.0427807486631,-1.3727807486631018
MFG-LINE-PLT-002-01,2022-09-06,2,43.4,38.1,51.539,69.8,94.49,-36.61,82.94930875576037,-13.149308755760373
MFG-LINE-PLT-006-02,2020-10-06,1,6.4,6.6,8.533,421.78,545.45,-43.3,562.5,-140.72000000000003
MFG-LINE-PLT-005-06,2023-05-06,2,73.7,75.0,83.764,42.82,48.0,-44.79,48.846675712347356,-6.026675712347355
MFG-LINE-PLT-004-07,2020-09-14,1,224.4,199.4,214.012,16.8,18.05,-22.79,16.0427807486631,0.7572192513368989
MFG-LINE-PLT-003-04,2023-09-30,1,30.3,27.1,34.085,105.51,132.84,-32.17,118.8118811881188,-13.301881188118799
MFG-LINE-PLT-003-02,2023-08-05,1,42.0,36.5,47.151,76.34,98.63,-26.19,85.71428571428571,-9.374285714285705
MFG-LINE-PLT-007-01,2022-12-07,1,177.7,170.1,193.862,18.46,21.16,-22.62,20.258863252673045,-1.7988632526730441
MFG-LINE-PLT-010-04,2023-07-25,2,298.9,264.3,311.826,11.4,13.62,-27.78,12.04416192706591,-0.6441619270659089
MFG-LINE-PLT-008-02,2022-03-02,2,36.9,38.7,51.723,69.55,93.02,-33.94,97.5609756097561,-28.010975609756102
MFG-LINE-PLT-004-01,2020-05-08,2,224.5,209.4,230.506,15.5,17.19,-31.25,16.035634743875278,-0.5356347438752778
MFG-LINE-PLT-003-01,2022-01-03,3,21.2,20.5,28.755,125.14,175.61,-51.85,169.81132075471697,-44.67132075471697
MFG-LINE-PLT-004-05,2023-06-10,2,156.1,151.3,182.46,19.72,23.79,-39.33,23.062139654067906,-3.342139654067907
MFG-LINE-PLT-010-03,2024-03-30,2,34.2,34.8,40.931,87.94,103.45,-38.78,105.26315789473684,-17.323157894736838
MFG-LINE-PLT-005-03,2024-10-25,1,62.1,56.6,95.255,37.66,63.6,-50.4,57.971014492753625,-20.31101449275363
MFG-LINE-PLT-002-03,2021-11-06,1,45.8,43.7,48.421,74.34,82.38,-20.38,78.60262008733625,-4.262620087336245
MFG-LINE-PLT-005-04,2023-06-10,2,51.5,46.6,54.664,65.71,77.25,-32.82,69.90291262135922,-4.192912621359227
MFG-LINE-PLT-003-01,2024-02-19,2,21.2,20.5,22.799,157.79,175.61,-17.81,169.81132075471697,-12.021320754716982
MFG-LINE-PLT-003-02,2020-09-28,1,42.0,36.5,47.434,75.89,98.63,-57.41,85.71428571428571,-9.824285714285708
MFG-LINE-PLT-010-03,2024-09-19,1,34.2,34.8,36.054,99.79,103.45,-20.69,105.26315789473684,-5.473157894736829
MFG-LINE-PLT-004-07,2020-11-23,3,224.4,199.4,249.532,14.34,18.05,-37.21,16.0427807486631,-1.702780748663102
MFG-LINE-PLT-001-01,2022-11-14,1,25.4,20.4,23.184,155.27,176.47,-19.87,141.73228346456693,13.537716535433077
MFG-LINE-PLT-001-02,2024-03-08,3,62.4,50.8,62.463,57.56,70.87,-24.87,57.69230769230769,-0.13230769230769113
MFG-LINE-PLT-003-03,2024-06-23,3,11.0,9.6,12.109,297.2,375.0,-28.07,327.27272727272725,-30.072727272727263
MFG-LINE-PLT-002-04,2024-02-20,2,16.2,14.1,16.588,216.92,255.32,-26.67,222.22222222222223,-5.302222222222241
MFG-LINE-PLT-010-03,2021-09-27,1,34.2,34.8,38.815,92.72,103.45,-39.06,105.26315789473684,-12.543157894736837
MFG-LINE-PLT-005-05,2024-07-23,1,59.9,61.0,77.763,46.19,59.02,-38.04,60.10016694490818,-13.910166944908184
MFG-LINE-PLT-007-02,2024-02-06,2,238.3,231.6,253.247,14.19,15.54,-11.71,15.107007973143096,-0.9170079731430967
MFG-LINE-PLT-003-03,2023-11-30,3,11.0,9.6,13.369,269.18,375.0,-47.34,327.27272727272725,-58.092727272727245
MFG-LINE-PLT-010-02,2022-03-17,1,328.4,290.9,329.773,10.79,12.38,-31.91,10.962241169305726,-0.17224116930572642
MFG-LINE-PLT-002-04,2023-06-06,2,16.2,14.1,17.247,208.65,255.32,-29.4,222.22222222222223,-13.572222222222223
MFG-LINE-PLT-004-06,2023-08-13,1,126.5,112.6,127.604,28.11,31.97,-22.22,28.458498023715414,-0.3484980237154147
MFG-LINE-PLT-005-01,2024-01-04,1,33.7,34.4,39.427,91.06,104.65,-79.98,106.82492581602374,-15.764925816023734
MFG-LINE-PLT-003-03,2023-11-28,1,11.0,9.6,12.077,298.08,375.0,-32.17,327.27272727272725,-29.192727272727268
MFG-LINE-PLT-007-01,2024-10-01,2,177.7,170.1,201.335,17.8,21.16,-18.56,20.258863252673045,-2.4588632526730443
MFG-LINE-PLT-010-03,2024-03-26,1,34.2,34.8,40.399,89.03,103.45,-55.65,105.26315789473684,-16.233157894736834
MFG-LINE-PLT-004-02,2024-09-01,2,244.9,225.0,308.999,11.62,16.0,-38.33,14.699877501020824,-3.0798775010208246
MFG-LINE-PLT-004-01,2022-06-24,1,224.5,209.4,238.329,15.06,17.19,-34.07,16.035634743875278,-0.9756347438752773
MFG-LINE-PLT-007-01,2023-12-31,2,177.7,170.1,193.341,18.46,21.16,-36.71,20.258863252673045,-1.7988632526730441
MFG-LINE-PLT-004-06,2023-11-19,2,126.5,112.6,188.697,19.02,31.97,-40.98,28.458498023715414,-9.438498023715415
MFG-LINE-PLT-006-01,2024-07-28,3,25.7,24.6,28.363,126.76,146.34,-39.08,140.07782101167317,-13.31782101167316
MFG-LINE-PLT-007-02,2020-11-26,1,238.3,231.6,381.473,9.35,15.54,-63.96,15.107007973143096,-5.7570079731430965
MFG-LINE-PLT-005-03,2024-07-06,1,62.1,56.6,71.688,50.19,63.6,-50.21,57.971014492753625,-7.781014492753627
MFG-LINE-PLT-010-03,2021-11-05,2,34.2,34.8,46.599,77.2,103.45,-32.11,105.26315789473684,-28.063157894736833
MFG-LINE-PLT-006-01,2024-06-02,2,25.7,24.6,29.843,120.59,146.34,-33.61,140.07782101167317,-19.487821011673162
MFG-LINE-PLT-005-04,2024-12-27,2,51.5,46.6,55.666,64.53,77.25,-30.41,69.90291262135922,-5.3729126213592195
MFG-LINE-PLT-010-01,2023-06-26,1,267.8,279.7,323.434,11.09,12.87,-51.65,13.44286781179985,-2.3528678117998503
MFG-LINE-PLT-005-05,2021-11-27,2,59.9,61.0,103.884,34.61,59.02,-41.99,60.10016694490818,-25.490166944908182
MFG-LINE-PLT-003-01,2022-11-27,1,21.2,20.5,21.516,167.26,175.61,-26.41,169.81132075471697,-2.5513207547169827
MFG-LINE-PLT-005-03,2024-01-07,3,62.1,56.6,105.546,33.97,63.6,-57.29,57.971014492753625,-24.001014492753626
MFG-LINE-PLT-003-02,2023-06-30,2,42.0,36.5,49.799,72.24,98.63,-30.15,85.71428571428571,-13.474285714285713
MFG-LINE-PLT-001-01,2021-02-04,1,25.4,20.4,32.81,109.58,176.47,-59.63,141.73228346456693,-32.152283464566935
MFG-LINE-PLT-002-01,2021-12-07,2,43.4,38.1,41.167,87.43,94.49,-18.14,82.94930875576037,4.480691244239637
MFG-LINE-PLT-005-06,2021-11-16,3,73.7,75.0,87.338,41.05,48.0,-51.58,48.846675712347356,-7.7966757123473585
MFG-LINE-PLT-003-04,2023-06-16,2,30.3,27.1,31.347,114.84,132.84,-23.48,118.8118811881188,-3.9718811881188003
MFG-LINE-PLT-002-04,2024-03-25,3,16.2,14.1,17.913,200.84,255.32,-25.49,222.22222222222223,-21.382222222222225
MFG-LINE-PLT-002-04,2024-04-14,1,16.2,14.1,15.833,227.25,255.32,-10.79,222.22222222222223,5.0277777777777715
MFG-LINE-PLT-002-04,2023-06-30,3,16.2,14.1,17.239,208.78,255.32,-18.1,222.22222222222223,-13.442222222222227
MFG-LINE-PLT-010-03,2024-08-30,3,34.2,34.8,49.733,72.2,103.45,-69.8,105.26315789473684,-33.06315789473683
MFG-LINE-PLT-004-06,2022-09-20,1,126.5,112.6,140.61,25.59,31.97,-26.64,28.458498023715414,-2.8684980237154143
MFG-LINE-PLT-006-02,2020-08-22,3,6.4,6.6,9.247,389.3,545.45,-56.57,562.5,-173.2
MFG-LINE-PLT-002-02,2022-06-21,3,14.0,12.8,14.436,249.32,281.25,-16.97,257.14285714285717,-7.822857142857174
MFG-LINE-PLT-010-04,2024-07-19,1,298.9,264.3,271.362,13.2,13.62,-11.32,12.04416192706591,1.15583807293409
MFG-LINE-PLT-006-01,2024-02-10,1,25.7,24.6,28.041,128.34,146.34,-16.04,140.07782101167317,-11.737821011673162
MFG-LINE-PLT-010-01,2020-04-29,3,267.8,279.7,334.796,10.72,12.87,-31.68,13.44286781179985,-2.7228678117998495
MFG-LINE-PLT-010-03,2023-03-28,2,34.2,34.8,41.879,85.91,103.45,-37.99,105.26315789473684,-19.35315789473684
MFG-LINE-PLT-007-02,2020-01-11,1,238.3,231.6,264.574,13.57,15.54,-16.96,15.107007973143096,-1.537007973143096
MFG-LINE-PLT-004-02,2021-05-09,2,244.9,225.0,299.806,11.93,16.0,-34.82,14.699877501020824,-2.769877501020824
MFG-LINE-PLT-010-02,2023-07-26,2,328.4,290.9,326.347,10.93,12.38,-30.85,10.962241169305726,-0.03224116930572585
MFG-LINE-PLT-004-05,2020-10-07,1,156.1,151.3,195.429,18.29,23.79,-31.18,23.062139654067906,-4.772139654067907
MFG-LINE-PLT-003-05,2020-11-19,1,39.9,39.1,43.827,82.13,92.07,-14.11,90.22556390977444,-8.095563909774441
MFG-LINE-PLT-003-01,2022-07-06,1,21.2,20.5,23.789,151.29,175.61,-24.45,169.81132075471697,-18.52132075471698
MFG-LINE-PLT-008-02,2022-11-27,1,36.9,38.7,42.831,83.99,93.02,-12.97,97.5609756097561,-13.570975609756104
MFG-LINE-PLT-009-02,2022-01-19,3,40.5,33.0,36.796,97.74,109.09,-17.43,88.88888888888889,8.85111111111111
MFG-LINE-PLT-010-01,2024-04-24,1,267.8,279.7,313.961,11.4,12.87,-34.0,13.44286781179985,-2.0428678117998498
MFG-LINE-PLT-005-04,2023-03-08,3,51.5,46.6,64.828,55.4,77.25,-41.41,69.90291262135922,-14.502912621359222
MFG-LINE-PLT-004-05,2024-04-25,3,156.1,151.3,268.524,13.32,23.79,-62.98,23.062139654067906,-9.742139654067905
MFG-LINE-PLT-006-01,2021-09-24,2,25.7,24.6,29.418,122.25,146.34,-38.93,140.07782101167317,-17.827821011673166
MFG-LINE-PLT-003-01,2023-03-21,2,21.2,20.5,22.677,158.65,175.61,-41.86,169.81132075471697,-11.161320754716968
MFG-LINE-PLT-010-01,2023-06-19,2,267.8,279.7,364.388,9.75,12.87,-33.33,13.44286781179985,-3.69286781179985
MFG-LINE-PLT-005-03,2020-12-04,1,62.1,56.6,75.068,47.91,63.6,-43.85,57.971014492753625,-10.061014492753628
MFG-LINE-PLT-010-01,2021-07-09,3,267.8,279.7,393.434,9.06,12.87,-42.7,13.44286781179985,-4.38286781179985
MFG-LINE-PLT-002-04,2021-03-20,1,16.2,14.1,14.679,245.19,255.32,-17.71,222.22222222222223,22.96777777777777
MFG-LINE-PLT-008-02,2023-09-06,3,36.9,38.7,48.543,74.09,93.02,-30.01,97.5609756097561,-23.470975609756096
MFG-LINE-PLT-010-01,2021-12-19,2,267.8,279.7,329.401,10.87,12.87,-43.43,13.44286781179985,-2.572867811799851
MFG-LINE-PLT-010-04,2020-03-15,2,298.9,264.3,306.643,11.67,13.62,-25.23,12.04416192706591,-0.37416192706590934
MFG-LINE-PLT-010-01,2020-08-17,1,267.8,279.7,307.183,11.58,12.87,-9.68,13.44286781179985,-1.86286781179985
MFG-LINE-PLT-002-02,2024-05-10,1,14.0,12.8,20.234,177.81,281.25,-47.99,257.14285714285717,-79.33285714285716
MFG-LINE-PLT-007-01,2020-01-07,3,177.7,170.1,213.928,16.8,21.16,-38.41,20.258863252673045,-3.4588632526730443
MFG-LINE-PLT-002-02,2020-10-22,1,14.0,12.8,14.606,246.31,281.25,-29.38,257.14285714285717,-10.832857142857165
MFG-LINE-PLT-004-07,2023-04-22,1,224.4,199.4,254.261,14.11,18.05,-35.11,16.0427807486631,-1.9327807486631023
MFG-LINE-PLT-004-07,2024-03-13,2,224.4,199.4,343.679,10.36,18.05,-58.45,16.0427807486631,-5.682780748663102
MFG-LINE-PLT-002-02,2021-03-26,3,14.0,12.8,18.167,198.04,281.25,-46.21,257.14285714285717,-59.102857142857175
MFG-LINE-PLT-005-05,2023-05-18,2,59.9,61.0,67.127,53.49,59.02,-28.17,60.10016694490818,-6.61016694490818
MFG-LINE-PLT-006-01,2020-08-07,1,25.7,24.6,26.988,133.29,146.34,-33.39,140.07782101167317,-6.787821011673174
MFG-LINE-PLT-004-01,2021-12-26,2,224.5,209.4,357.672,10.0,17.19,-56.91,16.035634743875278,-6.035634743875278
MFG-LINE-PLT-010-04,2023-09-03,2,298.9,264.3,351.864,10.19,13.62,-35.79,12.04416192706591,-1.8541619270659098
MFG-LINE-PLT-003-03,2024-11-08,1,11.0,9.6,10.749,334.59,375.0,-61.72,327.27272727272725,7.317272727272723
MFG-LINE-PLT-001-01,2022-02-02,1,25.4,20.4,26.543,135.54,176.47,-35.23,141.73228346456693,-6.192283464566941
MFG-LINE-PLT-003-02,2024-04-26,3,42.0,36.5,42.308,85.03,98.63,-35.94,85.71428571428571,-0.6842857142857071
MFG-LINE-PLT-010-02,2021-08-24,2,328.4,290.9,320.979,11.13,12.38,-22.47,10.962241169305726,0.16775883069427522
MFG-LINE-PLT-003-04,2024-07-26,3,30.3,27.1,33.567,107.18,132.84,-33.68,118.8118811881188,-11.631881188118797
MFG-LINE-PLT-003-02,2024-07-24,1,42.0,36.5,46.857,76.66,98.63,-43.42,85.71428571428571,-9.054285714285712
MFG-LINE-PLT-003-01,2021-02-19,2,21.2,20.5,28.677,125.5,175.61,-51.91,169.81132075471697,-44.311320754716974
MFG-LINE-PLT-006-01,2020-06-06,2,25.7,24.6,27.611,130.31,146.34,-53.76,140.07782101167317,-9.767821011673163
MFG-LINE-PLT-006-02,2020-06-22,1,6.4,6.6,8.277,434.75,545.45,-61.09,562.5,-127.75
MFG-LINE-PLT-008-01,2023-12-24,1,138.1,113.9,128.788,27.82,31.61,-22.36,26.06806661839247,1.7519333816075289
MFG-LINE-PLT-001-02,2024-06-25,2,62.4,50.8,69.099,52.08,70.87,-34.24,57.69230769230769,-5.612307692307695
MFG-LINE-PLT-005-05,2023-06-23,2,59.9,61.0,67.716,53.04,59.02,-27.75,60.10016694490818,-7.0601669449081825
MFG-LINE-PLT-007-01,2021-01-23,1,177.7,170.1,185.142,19.32,21.16,-12.2,20.258863252673045,-0.9388632526730447
MFG-LINE-PLT-002-03,2020-05-02,1,45.8,43.7,44.383,81.09,82.38,-25.23,78.60262008733625,2.487379912663755
MFG-LINE-PLT-004-05,2021-08-31,1,156.1,151.3,237.063,15.13,23.79,-39.66,23.062139654067906,-7.932139654067905
MFG-LINE-PLT-005-04,2024-04-30,2,51.5,46.6,54.454,65.98,77.25,-23.89,69.90291262135922,-3.9229126213592167
MFG-LINE-PLT-004-04,2022-04-23,1,354.2,289.7,308.757,11.6,12.43,-13.95,10.163749294184077,1.4362507058159224
MFG-LINE-PLT-007-02,2021-08-14,1,238.3,231.6,267.942,13.42,15.54,-20.16,15.107007973143096,-1.6870079731430963
MFG-LINE-PLT-004-05,2021-05-03,1,156.1,151.3,157.848,22.68,23.79,-8.05,23.062139654067906,-0.38213965406790606
MFG-LINE-PLT-004-01,2021-01-11,1,224.5,209.4,226.58,15.69,17.19,-45.38,16.035634743875278,-0.34563474387527826
MFG-LINE-PLT-010-03,2021-12-08,1,34.2,34.8,37.766,95.23,103.45,-41.19,105.26315789473684,-10.033157894736831
MFG-LINE-PLT-007-01,2024-07-23,3,177.7,170.1,214.613,16.77,21.16,-37.11,20.258863252673045,-3.4888632526730454
MFG-LINE-PLT-005-01,2024-07-08,3,33.7,34.4,39.701,90.65,104.65,-32.27,106.82492581602374,-16.17492581602373
MFG-LINE-PLT-004-07,2022-01-02,1,224.4,199.4,226.418,15.8,18.05,-16.9,16.0427807486631,-0.24278074866310106
MFG-LINE-PLT-002-01,2020-11-24,1,43.4,38.1,62.217,57.79,94.49,-52.83,82.94930875576037,-25.15930875576037
MFG-LINE-PLT-003-05,2023-11-24,3,39.9,39.1,68.418,52.53,92.07,-53.16,90.22556390977444,-37.695563909774435
MFG-LINE-PLT-005-06,2023-04-06,1,73.7,75.0,78.331,45.92,48.0,-13.6,48.846675712347356,-2.926675712347354
MFG-LINE-PLT-002-02,2023-02-17,2,14.0,12.8,21.878,164.44,281.25,-58.38,257.14285714285717,-92.70285714285717
MFG-LINE-PLT-002-03,2023-11-02,3,45.8,43.7,54.869,65.54,82.38,-25.67,78.60262008733625,-13.062620087336242
MFG-LINE-PLT-004-07,2020-03-17,2,224.4,199.4,236.24,15.1,18.05,-41.55,16.0427807486631,-0.9427807486631021
MFG-LINE-PLT-006-02,2021-05-28,2,6.4,6.6,7.272,494.89,545.45,-27.52,562.5,-67.61000000000001
MFG-LINE-PLT-002-04,2023-03-24,3,16.2,14.1,24.576,146.46,255.32,-55.64,222.22222222222223,-75.76222222222222
MFG-LINE-PLT-010-02,2020-04-10,2,328.4,290.9,507.19,7.07,12.38,-48.35,10.962241169305726,-3.8922411693057253
MFG-LINE-PLT-010-01,2021-08-07,2,267.8,279.7,478.631,7.43,12.87,-50.0,13.44286781179985,-6.01286781179985
MFG-LINE-PLT-001-01,2024-02-05,2,25.4,20.4,25.133,143.14,176.47,-28.26,141.73228346456693,1.4077165354330532
MFG-LINE-PLT-010-03,2021-03-21,1,34.2,34.8,57.329,62.63,103.45,-56.7,105.26315789473684,-42.63315789473683
MFG-LINE-PLT-001-01,2021-11-25,1,25.4,20.4,24.084,149.44,176.47,-31.14,141.73228346456693,7.707716535433065
MFG-LINE-PLT-003-04,2021-09-11,2,30.3,27.1,46.231,77.86,132.84,-41.32,118.8118811881188,-40.951881188118804
MFG-LINE-PLT-003-03,2021-12-27,3,11.0,9.6,11.015,326.49,375.0,-67.67,327.27272727272725,-0.782727272727243
MFG-LINE-PLT-006-02,2021-10-29,1,6.4,6.6,7.373,488.12,545.45,-35.26,562.5,-74.38
MFG-LINE-PLT-009-02,2022-05-04,1,40.5,33.0,38.286,94.01,109.09,-28.96,88.88888888888889,5.121111111111119
MFG-LINE-PLT-009-01,2020-01-16,2,63.4,62.8,74.846,48.1,57.32,-38.66,56.782334384858046,-8.682334384858045
MFG-LINE-PLT-008-01,2024-10-24,2,138.1,113.9,138.195,25.95,31.61,-20.0,26.06806661839247,-0.11806661839247212
MFG-LINE-PLT-003-05,2024-01-23,2,39.9,39.1,46.095,77.91,92.07,-40.45,90.22556390977444,-12.31556390977444
MFG-LINE-PLT-007-02,2023-01-23,2,238.3,231.6,284.004,12.67,15.54,-32.23,15.107007973143096,-2.4370079731430963
MFG-LINE-PLT-006-01,2022-02-04,1,25.7,24.6,28.985,124.18,146.34,-46.53,140.07782101167317,-15.897821011673159
MFG-LINE-PLT-005-01,2022-02-14,3,33.7,34.4,39.788,90.41,104.65,-24.81,106.82492581602374,-16.41492581602374
MFG-LINE-PLT-004-02,2023-10-24,1,244.9,225.0,281.998,12.67,16.0,-35.83,14.699877501020824,-2.029877501020824
MFG-LINE-PLT-001-01,2022-07-16,2,25.4,20.4,35.369,101.78,176.47,-54.9,141.73228346456693,-39.95228346456693
MFG-LINE-PLT-003-03,2023-12-10,2,11.0,9.6,13.15,273.66,375.0,-62.64,327.27272727272725,-53.61272727272723
MFG-LINE-PLT-009-01,2024-11-19,3,63.4,62.8,77.603,46.23,57.32,-33.02,56.782334384858046,-10.55233438485805
MFG-LINE-PLT-002-04,2023-11-23,2,16.2,14.1,16.722,215.12,255.32,-44.14,222.22222222222223,-7.102222222222224
MFG-LINE-PLT-007-01,2020-12-06,1,177.7,170.1,224.627,16.02,21.16,-44.0,20.258863252673045,-4.238863252673045
MFG-LINE-PLT-003-03,2022-04-13,2,11.0,9.6,10.78,333.83,375.0,-46.47,327.27272727272725,6.557272727272732
MFG-LINE-PLT-005-03,2020-08-05,2,62.1,56.6,63.511,56.61,63.6,-16.53,57.971014492753625,-1.3610144927536254
MFG-LINE-PLT-003-01,2022-11-14,3,21.2,20.5,24.008,149.93,175.61,-32.32,169.81132075471697,-19.881320754716967
MFG-LINE-PLT-004-05,2020-10-18,2,156.1,151.3,181.115,19.78,23.79,-29.95,23.062139654067906,-3.2821396540679046
MFG-LINE-PLT-007-02,2024-08-25,1,238.3,231.6,289.993,12.26,15.54,-34.51,15.107007973143096,-2.8470079731430964
MFG-LINE-PLT-008-02,2024-03-25,2,36.9,38.7,45.202,79.57,93.02,-36.39,97.5609756097561,-17.990975609756106
MFG-LINE-PLT-004-03,2021-12-20,1,138.3,132.9,173.544,20.63,27.09,-39.11,26.030368763557483,-5.400368763557484
MFG-LINE-PLT-006-02,2024-10-29,2,6.4,6.6,8.643,416.47,545.45,-25.83,562.5,-146.02999999999997
MFG-LINE-PLT-009-02,2021-03-10,2,40.5,33.0,44.555,80.67,109.09,-46.09,88.88888888888889,-8.218888888888884
MFG-LINE-PLT-004-06,2020-03-29,1,126.5,112.6,127.338,28.25,31.97,-13.88,28.458498023715414,-0.20849802371541415
MFG-LINE-PLT-002-03,2024-10-30,3,45.8,43.7,55.075,65.35,82.38,-30.39,78.60262008733625,-13.252620087336254
MFG-LINE-PLT-003-01,2022-08-05,2,21.2,20.5,23.408,153.66,175.61,-26.72,169.81132075471697,-16.151320754716977
MFG-LINE-PLT-005-06,2021-08-11,2,73.7,75.0,100.49,35.69,48.0,-59.78,48.846675712347356,-13.156675712347358
MFG-LINE-PLT-006-01,2020-06-01,3,25.7,24.6,30.54,117.73,146.34,-43.23,140.07782101167317,-22.34782101167316
MFG-LINE-PLT-005-02,2020-01-14,2,53.5,47.5,52.697,68.28,75.79,-10.87,67.28971962616822,0.99028037383178
MFG-LINE-PLT-004-07,2022-02-04,1,224.4,199.4,322.992,11.01,18.05,-52.34,16.0427807486631,-5.032780748663102
MFG-LINE-PLT-008-02,2023-02-12,1,36.9,38.7,39.282,91.55,93.02,-11.86,97.5609756097561,-6.010975609756102
MFG-LINE-PLT-002-03,2021-09-11,3,45.8,43.7,54.424,66.04,82.38,-26.32,78.60262008733625,-12.562620087336242
MFG-LINE-PLT-005-02,2021-07-11,3,53.5,47.5,58.952,61.04,75.79,-30.0,67.28971962616822,-6.249719626168222
MFG-LINE-PLT-010-03,2021-08-22,3,34.2,34.8,43.794,82.16,103.45,-33.16,105.26315789473684,-23.10315789473684
MFG-LINE-PLT-010-04,2021-01-08,2,298.9,264.3,319.452,11.15,13.62,-36.45,12.04416192706591,-0.8941619270659089
MFG-LINE-PLT-005-06,2020-02-04,1,73.7,75.0,79.419,45.27,48.0,-30.23,48.846675712347356,-3.5766757123473525
MFG-LINE-PLT-005-01,2024-08-03,2,33.7,34.4,39.608,90.85,104.65,-34.95,106.82492581602374,-15.974925816023742
MFG-LINE-PLT-004-06,2020-12-09,3,126.5,112.6,126.43,28.36,31.97,-23.58,28.458498023715414,-0.09849802371541472
MFG-LINE-PLT-004-03,2023-04-26,3,138.3,132.9,182.394,19.58,27.09,-43.72,26.030368763557483,-6.450368763557485
MFG-LINE-PLT-009-02,2021-02-08,1,40.5,33.0,53.412,67.31,109.09,-49.14,88.88888888888889,-21.578888888888883
MFG-LINE-PLT-005-02,2023-09-24,1,53.5,47.5,59.414,60.51,75.79,-51.2,67.28971962616822,-6.779719626168223
MFG-LINE-PLT-005-02,2020-12-20,3,53.5,47.5,60.039,59.9,75.79,-24.26,67.28971962616822,-7.3897196261682225
MFG-LINE-PLT-005-02,2020-01-16,3,53.5,47.5,61.045,58.94,75.79,-34.41,67.28971962616822,-8.349719626168223
MFG-LINE-PLT-003-04,2020-03-09,1,30.3,27.1,29.875,120.49,132.84,-9.25,118.8118811881188,1.6781188118811912
MFG-LINE-PLT-009-02,2023-01-22,1,40.5,33.0,37.749,95.29,109.09,-41.6,88.88888888888889,6.4011111111111205
MFG-LINE-PLT-010-04,2020-12-03,2,298.9,264.3,311.119,11.52,13.62,-18.27,12.04416192706591,-0.5241619270659097
MFG-LINE-PLT-010-01,2023-02-02,1,267.8,279.7,299.751,11.97,12.87,-10.87,13.44286781179985,-1.4728678117998495
MFG-LINE-PLT-005-05,2023-07-09,2,59.9,61.0,65.945,54.44,59.02,-20.24,60.10016694490818,-5.660166944908184
MFG-LINE-PLT-003-04,2024-01-02,3,30.3,27.1,31.375,114.62,132.84,-25.08,118.8118811881188,-4.191881188118799
MFG-LINE-PLT-005-05,2020-03-25,3,59.9,61.0,111.968,32.1,59.02,-54.44,60.10016694490818,-28.00016694490818
MFG-LINE-PLT-006-01,2020-09-04,1,25.7,24.6,28.656,125.5,146.34,-29.63,140.07782101167317,-14.577821011673166
MFG-LINE-PLT-004-04,2020-03-19,2,354.2,289.7,344.71,10.3,12.43,-35.05,10.163749294184077,0.13625070581592347
MFG-LINE-PLT-003-01,2020-08-27,3,21.2,20.5,25.133,143.11,175.61,-34.21,169.81132075471697,-26.70132075471696
MFG-LINE-PLT-010-01,2021-04-03,1,267.8,279.7,318.333,11.17,12.87,-33.33,13.44286781179985,-2.27286781179985
MFG-LINE-PLT-009-01,2020-01-05,1,63.4,62.8,81.745,44.04,57.32,-32.45,56.782334384858046,-12.742334384858047
MFG-LINE-PLT-006-02,2021-01-27,3,6.4,6.6,9.197,391.29,545.45,-61.3,562.5,-171.20999999999998
MFG-LINE-PLT-002-02,2021-12-06,2,14.0,12.8,14.938,240.86,281.25,-16.91,257.14285714285717,-16.282857142857154
MFG-LINE-PLT-001-01,2022-01-04,2,25.4,20.4,34.534,104.21,176.47,-41.98,141.73228346456693,-37.52228346456694
MFG-LINE-PLT-010-02,2021-07-07,1,328.4,290.9,304.179,11.8,12.38,-43.18,10.962241169305726,0.8377588306942751
MFG-LINE-PLT-004-01,2022-02-04,1,224.5,209.4,276.227,12.95,17.19,-30.53,16.035634743875278,-3.0856347438752785
MFG-LINE-PLT-010-01,2020-11-22,2,267.8,279.7,311.731,11.41,12.87,-17.17,13.44286781179985,-2.03286781179985
MFG-LINE-PLT-001-01,2020-10-20,3,25.4,20.4,23.551,152.73,176.47,-30.0,141.73228346456693,10.997716535433057
MFG-LINE-PLT-008-02,2022-01-06,1,36.9,38.7,43.345,82.94,93.02,-10.75,97.5609756097561,-14.620975609756101
MFG-LINE-PLT-001-02,2021-03-26,1,62.4,50.8,63.833,56.36,70.87,-57.48,57.69230769230769,-1.332307692307694
MFG-LINE-PLT-004-05,2021-07-03,1,156.1,151.3,158.786,22.66,23.79,-15.03,23.062139654067906,-0.40213965406790564
MFG-LINE-PLT-004-07,2020-10-27,1,224.4,199.4,210.841,16.97,18.05,-51.15,16.0427807486631,0.9272192513368971
MFG-LINE-PLT-004-01,2020-11-25,1,224.5,209.4,219.772,16.37,17.19,-29.77,16.035634743875278,0.33436525612472323
MFG-LINE-PLT-002-03,2024-02-14,3,45.8,43.7,51.519,69.85,82.38,-22.27,78.60262008733625,-8.752620087336254
MFG-LINE-PLT-004-07,2023-07-19,2,224.4,199.4,220.194,16.31,18.05,-23.24,16.0427807486631,0.26721925133689695
MFG-LINE-PLT-002-01,2020-07-14,3,43.4,38.1,42.95,83.8,94.49,-41.53,82.94930875576037,0.850691244239627
MFG-LINE-PLT-004-02,2020-07-11,3,244.9,225.0,279.002,12.86,16.0,-31.09,14.699877501020824,-1.8398775010208244
MFG-LINE-PLT-010-03,2022-09-17,1,34.2,34.8,40.449,88.89,103.45,-27.94,105.26315789473684,-16.373157894736835
MFG-LINE-PLT-005-01,2024-05-31,2,33.7,34.4,41.516,86.57,104.65,-32.8,106.82492581602374,-20.254925816023743
MFG-LINE-PLT-003-04,2020-09-01,2,30.3,27.1,36.116,99.58,132.84,-43.63,118.8118811881188,-19.231881188118805
MFG-LINE-PLT-004-05,2022-11-27,1,156.1,151.3,168.071,21.38,23.79,-20.24,23.062139654067906,-1.6821396540679068
MFG-LINE-PLT-004-02,2023-02-14,3,244.9,225.0,279.912,12.72,16.0,-27.93,14.699877501020824,-1.9798775010208232
MFG-LINE-PLT-001-02,2022-04-26,1,62.4,50.8,58.344,61.7,70.87,-20.53,57.69230769230769,4.007692307692309
MFG-LINE-PLT-003-04,2023-08-24,3,30.3,27.1,30.615,117.57,132.84,-27.87,118.8118811881188,-1.2418811881188105
MFG-LINE-PLT-007-02,2020-06-29,2,238.3,231.6,287.196,12.41,15.54,-27.97,15.107007973143096,-2.697007973143096
MFG-LINE-PLT-005-03,2023-12-14,3,62.1,56.6,70.694,50.88,63.6,-53.32,57.971014492753625,-7.091014492753622
MFG-LINE-PLT-002-03,2023-04-17,2,45.8,43.7,52.361,68.59,82.38,-52.2,78.60262008733625,-10.012620087336245
MFG-LINE-PLT-005-01,2024-11-26,1,33.7,34.4,35.801,100.5,104.65,-30.07,106.82492581602374,-6.324925816023736
MFG-LINE-PLT-004-06,2022-06-06,1,126.5,112.6,128.029,28.1,31.97,-38.89,28.458498023715414,-0.35849802371541273
MFG-LINE-PLT-002-04,2024-10-23,3,16.2,14.1,17.584,204.72,255.32,-23.06,222.22222222222223,-17.50222222222223
MFG-LINE-PLT-002-01,2024-10-04,2,43.4,38.1,44.201,81.38,94.49,-29.2,82.94930875576037,-1.5693087557603747
MFG-LINE-PLT-002-02,2024-12-05,1,14.0,12.8,15.773,228.14,281.25,-25.93,257.14285714285717,-29.00285714285718
MFG-LINE-PLT-006-02,2022-01-27,1,6.4,6.6,7.059,509.86,545.45,-17.45,562.5,-52.639999999999986
MFG-LINE-PLT-001-01,2023-11-18,2,25.4,20.4,23.928,150.32,176.47,-16.64,141.73228346456693,8.58771653543306
MFG-LINE-PLT-004-02,2022-03-10,1,244.9,225.0,237.957,15.04,16.0,-14.17,14.699877501020824,0.34012249897917535
MFG-LINE-PLT-009-01,2024-08-31,1,63.4,62.8,80.855,44.52,57.32,-35.66,56.782334384858046,-12.262334384858043
MFG-LINE-PLT-007-02,2020-08-29,2,238.3,231.6,282.42,12.6,15.54,-26.09,15.107007973143096,-2.5070079731430965
MFG-LINE-PLT-009-01,2022-04-12,1,63.4,62.8,70.616,50.95,57.32,-17.91,56.782334384858046,-5.832334384858044
MFG-LINE-PLT-005-06,2024-09-21,3,73.7,75.0,90.222,39.52,48.0,-75.71,48.846675712347356,-9.326675712347352
MFG-LINE-PLT-004-03,2022-10-31,2,138.3,132.9,144.041,24.93,27.09,-45.41,26.030368763557483,-1.1003687635574835
MFG-LINE-PLT-008-01,2023-12-12,1,138.1,113.9,127.228,28.25,31.61,-22.51,26.06806661839247,2.1819333816075286
MFG-LINE-PLT-009-01,2021-12-15,3,63.4,62.8,91.1,39.39,57.32,-52.57,56.782334384858046,-17.392334384858046
MFG-LINE-PLT-003-05,2022-01-25,1,39.9,39.1,39.847,90.27,92.07,-13.77,90.22556390977444,0.04443609022555961
MFG-LINE-PLT-003-03,2023-11-01,3,11.0,9.6,13.255,271.59,375.0,-51.29,327.27272727272725,-55.68272727272728
MFG-LINE-PLT-006-01,2020-01-08,1,25.7,24.6,26.77,134.48,146.34,-11.7,140.07782101167317,-5.597821011673176
MFG-LINE-PLT-002-04,2024-12-12,1,16.2,14.1,16.322,220.54,255.32,-27.35,222.22222222222223,-1.6822222222222365
MFG-LINE-PLT-005-06,2021-07-20,1,73.7,75.0,87.126,41.3,48.0,-44.64,48.846675712347356,-7.5466757123473585
MFG-LINE-PLT-001-01,2022-08-21,2,25.4,20.4,23.063,155.96,176.47,-23.62,141.73228346456693,14.227716535433075
MFG-LINE-PLT-005-01,2020-04-30,2,33.7,34.4,58.183,61.85,104.65,-51.23,106.82492581602374,-44.974925816023735
MFG-LINE-PLT-002-04,2020-07-21,1,16.2,14.1,15.414,233.43,255.32,-34.37,222.22222222222223,11.207777777777778
MFG-LINE-PLT-006-01,2022-08-01,1,25.7,24.6,27.886,129.01,146.34,-23.06,140.07782101167317,-11.067821011673175
MFG-LINE-PLT-005-04,2023-07-21,2,51.5,46.6,54.73,65.49,77.25,-66.0,69.90291262135922,-4.412912621359226
MFG-LINE-PLT-002-03,2023-08-08,3,45.8,43.7,54.388,66.1,82.38,-22.9,78.60262008733625,-12.502620087336254
MFG-LINE-PLT-004-06,2022-05-10,2,126.5,112.6,122.019,29.44,31.97,-17.84,28.458498023715414,0.9815019762845871
MFG-LINE-PLT-009-02,2024-03-27,1,40.5,33.0,38.229,94.13,109.09,-31.27,88.88888888888889,5.24111111111111
MFG-LINE-PLT-005-06,2023-10-27,3,73.7,75.0,87.144,41.21,48.0,-32.49,48.846675712347356,-7.636675712347355
MFG-LINE-PLT-006-02,2023-08-04,1,6.4,6.6,7.287,493.83,545.45,-48.88,562.5,-68.67000000000002
MFG-LINE-PLT-004-06,2023-04-04,1,126.5,112.6,144.799,24.76,31.97,-33.76,28.458498023715414,-3.6984980237154126
MFG-LINE-PLT-004-07,2024-12-05,2,224.4,199.4,220.946,16.25,18.05,-16.54,16.0427807486631,0.20721925133689822
MFG-LINE-PLT-008-02,2024-04-26,2,36.9,38.7,65.728,54.59,93.02,-62.12,97.5609756097561,-42.970975609756096
MFG-LINE-PLT-009-01,2020-05-01,1,63.4,62.8,80.124,44.71,57.32,-52.36,56.782334384858046,-12.072334384858046
MFG-LINE-PLT-003-05,2022-01-03,1,39.9,39.1,42.835,84.0,92.07,-14.87,90.22556390977444,-6.225563909774436
MFG-LINE-PLT-003-02,2024-01-25,3,42.0,36.5,45.74,78.67,98.63,-21.26,85.71428571428571,-7.0442857142857065
MFG-LINE-PLT-010-01,2021-10-27,3,267.8,279.7,350.756,10.22,12.87,-34.74,13.44286781179985,-3.2228678117998495
MFG-LINE-PLT-004-03,2023-08-23,1,138.3,132.9,153.756,23.31,27.09,-23.88,26.030368763557483,-2.7203687635574845
MFG-LINE-PLT-004-02,2021-06-05,1,244.9,225.0,252.062,14.28,16.0,-11.29,14.699877501020824,-0.41987750102082444
MFG-LINE-PLT-007-02,2021-06-27,3,238.3,231.6,263.851,13.56,15.54,-16.51,15.107007973143096,-1.5470079731430957
MFG-LINE-PLT-010-02,2024-04-27,1,328.4,290.9,336.937,10.56,12.38,-43.01,10.962241169305726,-0.40224116930572507
MFG-LINE-PLT-004-01,2024-04-15,3,224.5,209.4,268.508,13.28,17.19,-27.27,16.035634743875278,-2.7556347438752784
MFG-LINE-PLT-005-02,2023-05-07,3,53.5,47.5,58.248,61.68,75.79,-18.55,67.28971962616822,-5.609719626168221
MFG-LINE-PLT-002-02,2022-01-18,3,14.0,12.8,15.602,230.66,281.25,-41.57,257.14285714285717,-26.48285714285717
MFG-LINE-PLT-010-03,2022-08-26,1,34.2,34.8,45.049,79.87,103.45,-52.88,105.26315789473684,-25.39315789473683
MFG-LINE-PLT-003-03,2020-09-30,2,11.0,9.6,11.338,317.44,375.0,-39.2,327.27272727272725,-9.832727272727254
MFG-LINE-PLT-002-02,2021-01-12,1,14.0,12.8,13.995,257.12,281.25,-9.59,257.14285714285717,-0.02285714285716267
MFG-LINE-PLT-005-05,2022-08-27,1,59.9,61.0,69.853,51.52,59.02,-14.77,60.10016694490818,-8.580166944908179
MFG-LINE-PLT-004-04,2020-07-28,1,354.2,289.7,330.57,10.76,12.43,-19.32,10.163749294184077,0.5962507058159225
MFG-LINE-PLT-003-05,2024-05-16,2,39.9,39.1,45.719,78.69,92.07,-26.24,90.22556390977444,-11.535563909774439
MFG-LINE-PLT-008-01,2023-07-14,1,138.1,113.9,126.709,28.36,31.61,-20.9,26.06806661839247,2.291933381607528
MFG-LINE-PLT-004-06,2024-03-12,2,126.5,112.6,149.187,24.04,31.97,-23.17,28.458498023715414,-4.418498023715415
MFG-LINE-PLT-002-03,2021-04-22,1,45.8,43.7,48.031,74.9,82.38,-21.93,78.60262008733625,-3.7026200873362427
MFG-LINE-PLT-003-01,2021-07-22,3,21.2,20.5,25.758,139.73,175.61,-20.34,169.81132075471697,-30.081320754716984
MFG-LINE-PLT-005-05,2024-07-16,3,59.9,61.0,76.986,46.63,59.02,-41.93,60.10016694490818,-13.47016694490818
MFG-LINE-PLT-004-03,2021-03-17,3,138.3,132.9,169.78,21.09,27.09,-51.46,26.030368763557483,-4.940368763557483
MFG-LINE-PLT-005-04,2023-02-26,1,51.5,46.6,49.819,72.15,77.25,-9.46,69.90291262135922,2.247087378640785
MFG-LINE-PLT-005-02,2022-11-10,1,53.5,47.5,59.001,60.88,75.79,-29.69,67.28971962616822,-6.4097196261682186
MFG-LINE-PLT-002-04,2023-07-11,1,16.2,14.1,18.205,197.73,255.32,-33.64,222.22222222222223,-24.49222222222224
MFG-LINE-PLT-003-01,2024-11-23,3,21.2,20.5,24.159,148.76,175.61,-67.35,169.81132075471697,-21.051320754716983
MFG-LINE-PLT-001-02,2024-09-09,1,62.4,50.8,58.638,61.16,70.87,-52.8,57.69230769230769,3.467692307692303
MFG-LINE-PLT-004-05,2020-10-18,2,156.1,151.3,262.962,13.53,23.79,-54.49,23.062139654067906,-9.532139654067906
MFG-LINE-PLT-003-03,2023-09-07,1,11.0,9.6,12.248,293.68,375.0,-60.23,327.27272727272725,-33.592727272727245
MFG-LINE-PLT-005-02,2023-01-31,3,53.5,47.5,59.223,60.7,75.79,-28.22,67.28971962616822,-6.589719626168218
MFG-LINE-PLT-005-06,2022-07-08,2,73.7,75.0,94.178,38.09,48.0,-48.72,48.846675712347356,-10.756675712347352
MFG-LINE-PLT-001-01,2020-11-23,1,25.4,20.4,25.845,139.26,176.47,-40.1,141.73228346456693,-2.4722834645669423
MFG-LINE-PLT-005-04,2024-11-18,1,51.5,46.6,50.947,70.56,77.25,-13.17,69.90291262135922,0.6570873786407816
MFG-LINE-PLT-005-02,2024-02-16,1,53.5,47.5,50.33,71.47,75.79,-10.3,67.28971962616822,4.180280373831778
MFG-LINE-PLT-006-02,2022-05-14,3,6.4,6.6,8.182,439.88,545.45,-31.03,562.5,-122.62
MFG-LINE-PLT-005-04,2023-07-02,1,51.5,46.6,59.664,60.27,77.25,-46.57,69.90291262135922,-9.632912621359218
MFG-LINE-PLT-003-03,2022-09-25,2,11.0,9.6,13.126,274.17,375.0,-38.85,327.27272727272725,-53.102727272727236
MFG-LINE-PLT-005-04,2023-12-02,1,51.5,46.6,48.589,73.97,77.25,-48.07,69.90291262135922,4.067087378640778
MFG-LINE-PLT-008-02,2020-09-30,2,36.9,38.7,43.523,82.57,93.02,-20.33,97.5609756097561,-14.990975609756106
MFG-LINE-PLT-004-04,2020-05-11,1,354.2,289.7,327.472,10.91,12.43,-21.11,10.163749294184077,0.7462507058159229
MFG-LINE-PLT-010-04,2020-11-20,3,298.9,264.3,372.623,9.55,13.62,-43.27,12.04416192706591,-2.4941619270659086
MFG-LINE-PLT-010-03,2021-12-29,1,34.2,34.8,44.467,80.84,103.45,-41.01,105.26315789473684,-24.423157894736832
MFG-LINE-PLT-002-04,2021-10-17,1,16.2,14.1,18.239,197.28,255.32,-35.23,222.22222222222223,-24.942222222222227
MFG-LINE-PLT-003-03,2024-11-27,3,11.0,9.6,13.598,264.39,375.0,-74.76,327.27272727272725,-62.882727272727266
MFG-LINE-PLT-005-01,2023-12-10,3,33.7,34.4,48.14,74.73,104.65,-31.94,106.82492581602374,-32.09492581602373
MFG-LINE-PLT-010-01,2020-05-27,3,267.8,279.7,353.084,10.12,12.87,-24.51,13.44286781179985,-3.322867811799851
MFG-LINE-PLT-004-03,2021-08-30,1,138.3,132.9,170.63,20.92,27.09,-68.25,26.030368763557483,-5.1103687635574815
MFG-LINE-PLT-002-01,2021-03-14,2,43.4,38.1,67.019,53.63,94.49,-62.22,82.94930875576037,-29.319308755760368
MFG-LINE-PLT-003-02,2020-06-30,2,42.0,36.5,48.243,74.45,98.63,-46.04,85.71428571428571,-11.264285714285705
MFG-LINE-PLT-005-06,2020-05-06,1,73.7,75.0,99.714,35.93,48.0,-46.63,48.846675712347356,-12.916675712347356
MFG-LINE-PLT-004-04,2020-01-20,1,354.2,289.7,336.197,10.58,12.43,-27.17,10.163749294184077,0.41625070581592283
MFG-LINE-PLT-010-02,2022-01-31,2,328.4,290.9,351.314,10.13,12.38,-30.53,10.962241169305726,-0.8322411693057248
MFG-LINE-PLT-002-03,2024-01-07,1,45.8,43.7,55.49,64.78,82.38,-25.31,78.60262008733625,-13.822620087336247
MFG-LINE-PLT-005-06,2021-11-04,2,73.7,75.0,101.945,35.04,48.0,-68.65,48.846675712347356,-13.806675712347356
MFG-LINE-PLT-005-06,2024-09-11,1,73.7,75.0,98.269,36.56,48.0,-44.76,48.846675712347356,-12.286675712347353
MFG-LINE-PLT-005-02,2022-05-05,1,53.5,47.5,60.757,59.22,75.79,-24.44,67.28971962616822,-8.069719626168222
MFG-LINE-PLT-008-01,2023-08-30,2,138.1,113.9,137.059,26.22,31.61,-28.23,26.06806661839247,0.15193338160752745
MFG-LINE-PLT-005-06,2022-01-02,3,73.7,75.0,109.03,33.01,48.0,-37.97,48.846675712347356,-15.836675712347358
MFG-LINE-PLT-001-02,2024-09-04,3,62.4,50.8,65.332,54.99,70.87,-45.85,57.69230769230769,-2.7023076923076914
MFG-LINE-PLT-010-02,2024-04-07,3,328.4,290.9,343.812,10.45,12.38,-25.0,10.962241169305726,-0.5122411693057263
MFG-LINE-PLT-005-05,2021-11-07,2,59.9,61.0,67.29,53.41,59.02,-31.84,60.10016694490818,-6.690166944908185
MFG-LINE-PLT-002-01,2022-10-14,3,43.4,38.1,54.044,66.45,94.49,-51.82,82.94930875576037,-16.499308755760367
MFG-LINE-PLT-003-03,2023-03-22,1,11.0,9.6,15.699,229.29,375.0,-66.06,327.27272727272725,-97.98272727272726
MFG-LINE-PLT-009-01,2023-11-08,3,63.4,62.8,114.387,31.43,57.32,-54.34,56.782334384858046,-25.352334384858047
MFG-LINE-PLT-003-01,2023-07-11,2,21.2,20.5,23.297,154.37,175.61,-28.15,169.81132075471697,-15.441320754716969
MFG-LINE-PLT-006-01,2024-01-30,2,25.7,24.6,28.847,124.75,146.34,-25.84,140.07782101167317,-15.327821011673166
MFG-LINE-PLT-004-07,2023-04-07,3,224.4,199.4,248.673,14.4,18.05,-36.88,16.0427807486631,-1.6427807486631014
MFG-LINE-PLT-006-01,2023-02-17,2,25.7,24.6,33.428,107.48,146.34,-58.16,140.07782101167317,-32.59782101167316
MFG-LINE-PLT-003-01,2022-02-01,1,21.2,20.5,33.999,105.77,175.61,-49.6,169.81132075471697,-64.04132075471698
MFG-LINE-PLT-004-03,2022-12-05,3,138.3,132.9,166.376,21.5,27.09,-35.61,26.030368763557483,-4.530368763557483
MFG-LINE-PLT-005-02,2020-05-06,2,53.5,47.5,55.272,65.0,75.79,-28.5,67.28971962616822,-2.289719626168221
MFG-LINE-PLT-009-01,2022-07-21,2,63.4,62.8,72.482,49.62,57.32,-30.55,56.782334384858046,-7.162334384858049
MFG-LINE-PLT-005-05,2023-08-13,3,59.9,61.0,87.328,41.06,59.02,-44.42,60.10016694490818,-19.04016694490818
MFG-LINE-PLT-004-02,2021-11-26,3,244.9,225.0,270.161,13.19,16.0,-31.3,14.699877501020824,-1.5098775010208243
MFG-LINE-PLT-003-05,2021-02-24,1,39.9,39.1,40.82,88.01,92.07,-40.09,90.22556390977444,-2.2155639097744313
MFG-LINE-PLT-004-05,2021-02-15,2,156.1,151.3,163.183,22.03,23.79,-13.37,23.062139654067906,-1.0321396540679046
MFG-LINE-PLT-004-03,2020-02-27,2,138.3,132.9,160.749,22.25,27.09,-30.58,26.030368763557483,-3.780368763557483
MFG-LINE-PLT-002-04,2023-03-25,3,16.2,14.1,19.323,186.26,255.32,-37.23,222.22222222222223,-35.96222222222224
MFG-LINE-PLT-004-01,2021-08-08,2,224.5,209.4,236.604,15.21,17.19,-20.45,16.035634743875278,-0.8256347438752769
MFG-LINE-PLT-008-01,2024-07-21,3,138.1,113.9,197.585,18.16,31.61,-50.21,26.06806661839247,-7.908066618392471
MFG-LINE-PLT-004-05,2023-09-20,2,156.1,151.3,181.982,19.64,23.79,-43.01,23.062139654067906,-3.422139654067905
MFG-LINE-PLT-010-02,2023-04-22,1,328.4,290.9,330.654,10.79,12.38,-41.38,10.962241169305726,-0.17224116930572642
MFG-LINE-PLT-006-02,2021-11-19,1,6.4,6.6,6.91,520.97,545.45,-12.62,562.5,-41.52999999999997
MFG-LINE-PLT-002-01,2020-02-26,1,43.4,38.1,40.369,89.14,94.49,-27.06,82.94930875576037,6.1906912442396305
MFG-LINE-PLT-003-05,2024-06-10,3,39.9,39.1,55.195,65.22,92.07,-44.99,90.22556390977444,-25.005563909774438
MFG-LINE-PLT-010-01,2022-12-19,1,267.8,279.7,444.268,7.93,12.87,-58.24,13.44286781179985,-5.51286781179985
MFG-LINE-PLT-003-01,2021-03-20,3,21.2,20.5,25.779,139.57,175.61,-73.89,169.81132075471697,-30.24132075471698
MFG-LINE-PLT-010-01,2021-06-20,2,267.8,279.7,338.521,10.43,12.87,-60.0,13.44286781179985,-3.0128678117998504
MFG-LINE-PLT-008-02,2024-10-07,3,36.9,38.7,53.761,66.95,93.02,-29.19,97.5609756097561,-30.610975609756096
MFG-LINE-PLT-003-03,2020-07-16,2,11.0,9.6,10.425,345.23,375.0,-21.45,327.27272727272725,17.957272727272766
MFG-LINE-PLT-004-05,2021-02-07,2,156.1,151.3,197.962,18.14,23.79,-37.97,23.062139654067906,-4.922139654067905
MFG-LINE-PLT-010-04,2021-01-02,1,298.9,264.3,270.295,13.28,13.62,-16.35,12.04416192706591,1.23583807293409
MFG-LINE-PLT-005-06,2024-02-10,1,73.7,75.0,96.0,37.43,48.0,-41.51,48.846675712347356,-11.416675712347356
MFG-LINE-PLT-004-01,2023-12-14,1,224.5,209.4,241.07,14.77,17.19,-31.93,16.035634743875278,-1.2656347438752782
MFG-LINE-PLT-010-02,2023-01-06,1,328.4,290.9,337.908,10.52,12.38,-34.88,10.962241169305726,-0.442241169305726
MFG-LINE-PLT-004-07,2021-05-05,3,224.4,199.4,227.615,15.73,18.05,-41.61,16.0427807486631,-0.31278074866310135
MFG-LINE-PLT-007-01,2024-06-12,2,177.7,170.1,190.69,18.74,21.16,-46.43,20.258863252673045,-1.5188632526730466
MFG-LINE-PLT-010-03,2020-01-13,1,34.2,34.8,36.629,98.18,103.45,-38.41,105.26315789473684,-7.0831578947368286
MFG-LINE-PLT-008-01,2023-07-11,2,138.1,113.9,132.101,27.16,31.61,-24.4,26.06806661839247,1.0919333816075287
MFG-LINE-PLT-007-01,2023-01-22,1,177.7,170.1,218.531,16.36,21.16,-45.91,20.258863252673045,-3.8988632526730456
MFG-LINE-PLT-003-01,2021-10-25,2,21.2,20.5,22.811,157.74,175.61,-48.8,169.81132075471697,-12.071320754716965
MFG-LINE-PLT-009-01,2023-08-14,1,63.4,62.8,71.631,50.25,57.32,-23.94,56.782334384858046,-6.532334384858046
MFG-LINE-PLT-004-04,2024-03-21,1,354.2,289.7,326.683,10.97,12.43,-24.24,10.163749294184077,0.8062507058159234
MFG-LINE-PLT-005-04,2024-04-04,2,51.5,46.6,52.111,68.93,77.25,-36.02,69.90291262135922,-0.9729126213592139
MFG-LINE-PLT-006-02,2020-05-08,2,6.4,6.6,7.605,473.29,545.45,-31.4,562.5,-89.20999999999998
MFG-LINE-PLT-009-02,2021-10-26,1,40.5,33.0,37.299,96.42,109.09,-15.1,88.88888888888889,7.531111111111116
MFG-LINE-PLT-008-02,2024-06-07,1,36.9,38.7,45.091,79.62,93.02,-49.17,97.5609756097561,-17.940975609756094
MFG-LINE-PLT-005-04,2022-04-08,1,51.5,46.6,61.946,57.96,77.25,-55.22,69.90291262135922,-11.94291262135922
MFG-LINE-PLT-004-04,2023-03-24,2,354.2,289.7,383.195,9.27,12.43,-27.96,10.163749294184077,-0.8937492941840777
MFG-LINE-PLT-005-02,2022-07-24,2,53.5,47.5,63.361,56.8,75.79,-41.76,67.28971962616822,-10.489719626168224
MFG-LINE-PLT-004-02,2022-10-04,1,244.9,225.0,252.831,14.22,16.0,-17.65,14.699877501020824,-0.47987750102082316
MFG-LINE-PLT-009-01,2020-02-11,1,63.4,62.8,66.416,54.12,57.32,-24.13,56.782334384858046,-2.662334384858049
MFG-LINE-PLT-004-03,2022-03-14,1,138.3,132.9,141.993,25.21,27.09,-17.8,26.030368763557483,-0.8203687635574823
MFG-LINE-PLT-004-02,2022-05-22,2,244.9,225.0,299.302,11.89,16.0,-50.0,14.699877501020824,-2.8098775010208232
MFG-LINE-PLT-004-03,2021-06-03,2,138.3,132.9,228.162,15.66,27.09,-51.43,26.030368763557483,-10.370368763557483
MFG-LINE-PLT-003-02,2024-12-20,1,42.0,36.5,38.608,93.14,98.63,-17.84,85.71428571428571,7.425714285714292
MFG-LINE-PLT-008-02,2022-08-08,1,36.9,38.7,41.056,87.54,93.02,-20.05,97.5609756097561,-10.020975609756093
MFG-LINE-PLT-008-01,2023-05-24,1,138.1,113.9,119.963,29.9,31.61,-5.31,26.06806661839247,3.831933381607527
MFG-LINE-PLT-009-02,2022-01-19,3,40.5,33.0,39.267,91.66,109.09,-47.98,88.88888888888889,2.771111111111111
MFG-LINE-PLT-007-02,2024-07-13,2,238.3,231.6,310.518,11.49,15.54,-41.07,15.107007973143096,-3.617007973143096
MFG-LINE-PLT-002-04,2023-07-30,1,16.2,14.1,15.084,238.64,255.32,-10.58,222.22222222222223,16.417777777777758
MFG-LINE-PLT-003-05,2020-08-29,3,39.9,39.1,48.75,73.69,92.07,-53.65,90.22556390977444,-16.53556390977444
MFG-LINE-PLT-003-04,2020-06-24,3,30.3,27.1,37.956,94.72,132.84,-42.21,118.8118811881188,-24.091881188118805
MFG-LINE-PLT-005-04,2020-11-30,3,51.5,46.6,59.233,60.64,77.25,-39.51,69.90291262135922,-9.26291262135922
MFG-LINE-PLT-004-01,2023-12-04,1,224.5,209.4,237.368,15.03,17.19,-40.0,16.035634743875278,-1.0056347438752784
MFG-LINE-PLT-009-02,2021-04-21,1,40.5,33.0,35.87,100.22,109.09,-29.25,88.88888888888889,11.331111111111113
MFG-LINE-PLT-005-03,2024-05-02,1,62.1,56.6,72.58,49.45,63.6,-36.91,57.971014492753625,-8.521014492753622
MFG-LINE-PLT-010-04,2023-07-06,1,298.9,264.3,302.795,11.87,13.62,-23.16,12.04416192706591,-0.17416192706591005
MFG-LINE-PLT-004-05,2021-06-28,1,156.1,151.3,169.141,21.21,23.79,-22.67,23.062139654067906,-1.852139654067905
MFG-LINE-PLT-007-01,2022-02-24,1,177.7,170.1,280.512,12.71,21.16,-53.7,20.258863252673045,-7.548863252673044
MFG-LINE-PLT-003-02,2024-10-13,1,42.0,36.5,41.617,86.49,98.63,-50.92,85.71428571428571,0.7757142857142867
MFG-LINE-PLT-003-02,2021-06-01,3,42.0,36.5,46.151,77.91,98.63,-23.52,85.71428571428571,-7.804285714285712
MFG-LINE-PLT-005-04,2022-02-14,2,51.5,46.6,55.623,64.71,77.25,-32.0,69.90291262135922,-5.192912621359227
MFG-LINE-PLT-003-02,2020-01-05,2,42.0,36.5,62.886,57.17,98.63,-47.19,85.71428571428571,-28.544285714285706
MFG-LINE-PLT-010-04,2021-03-07,1,298.9,264.3,301.127,11.94,13.62,-11.43,12.04416192706591,-0.10416192706590977
MFG-LINE-PLT-004-06,2020-07-10,3,126.5,112.6,158.087,22.74,31.97,-52.07,28.458498023715414,-5.718498023715416
MFG-LINE-PLT-007-02,2022-08-18,1,238.3,231.6,258.896,13.83,15.54,-26.5,15.107007973143096,-1.277007973143096
MFG-LINE-PLT-009-02,2024-08-28,2,40.5,33.0,43.857,82.08,109.09,-29.17,88.88888888888889,-6.808888888888887
MFG-LINE-PLT-005-06,2023-03-02,2,73.7,75.0,86.44,41.5,48.0,-30.03,48.846675712347356,-7.346675712347356
MFG-LINE-PLT-009-01,2022-05-22,3,63.4,62.8,74.101,48.54,57.32,-45.21,56.782334384858046,-8.242334384858047
MFG-LINE-PLT-003-02,2024-03-13,1,42.0,36.5,46.771,76.88,98.63,-41.63,85.71428571428571,-8.834285714285713
MFG-LINE-PLT-004-02,2020-01-22,2,244.9,225.0,245.07,14.57,16.0,-20.17,14.699877501020824,-0.12987750102082352
MFG-LINE-PLT-003-03,2022-04-29,1,11.0,9.6,9.97,360.94,375.0,-27.41,327.27272727272725,33.667272727272746
MFG-LINE-PLT-006-01,2020-07-04,3,25.7,24.6,44.656,80.51,146.34,-63.49,140.07782101167317,-59.56782101167316
MFG-LINE-PLT-005-06,2020-05-30,2,73.7,75.0,102.837,34.89,48.0,-39.11,48.846675712347356,-13.956675712347355
MFG-LINE-PLT-003-05,2021-02-14,1,39.9,39.1,42.283,85.11,92.07,-17.32,90.22556390977444,-5.115563909774437
MFG-LINE-PLT-003-05,2020-06-03,1,39.9,39.1,42.982,83.58,92.07,-35.62,90.22556390977444,-6.645563909774438
MFG-LINE-PLT-010-03,2022-04-04,1,34.2,34.8,38.434,93.55,103.45,-16.29,105.26315789473684,-11.713157894736838
MFG-LINE-PLT-009-02,2024-10-03,2,40.5,33.0,38.031,94.56,109.09,-35.83,88.88888888888889,5.6711111111111165
MFG-LINE-PLT-005-05,2021-04-13,2,59.9,61.0,66.541,54.04,59.02,-16.42,60.10016694490818,-6.0601669449081825
MFG-LINE-PLT-004-04,2024-07-15,3,354.2,289.7,342.487,10.48,12.43,-29.35,10.163749294184077,0.3162507058159232
MFG-LINE-PLT-004-04,2024-04-05,1,354.2,289.7,335.067,10.74,12.43,-18.18,10.163749294184077,0.576250705815923
MFG-LINE-PLT-010-01,2024-01-07,2,267.8,279.7,333.285,10.8,12.87,-39.78,13.44286781179985,-2.6428678117998494
MFG-LINE-PLT-004-05,2023-07-15,1,156.1,151.3,190.274,18.82,23.79,-30.11,23.062139654067906,-4.2421396540679055
MFG-LINE-PLT-003-04,2020-04-18,1,30.3,27.1,31.313,114.82,132.84,-26.33,118.8118811881188,-3.9918811881188105
MFG-LINE-PLT-004-02,2021-10-09,1,244.9,225.0,230.798,15.43,16.0,-29.6,14.699877501020824,0.7301224989791759
MFG-LINE-PLT-008-01,2022-02-14,1,138.1,113.9,142.909,25.16,31.61,-28.19,26.06806661839247,-0.9080666183924713
MFG-LINE-PLT-007-02,2023-07-18,1,238.3,231.6,272.942,13.12,15.54,-35.71,15.107007973143096,-1.987007973143097
MFG-LINE-PLT-003-05,2021-05-26,1,39.9,39.1,40.239,89.43,92.07,-11.66,90.22556390977444,-0.7955639097744296
MFG-LINE-PLT-004-01,2022-12-09,3,224.5,209.4,242.91,14.75,17.19,-28.79,16.035634743875278,-1.2856347438752778
MFG-LINE-PLT-009-02,2024-10-16,1,40.5,33.0,36.494,98.58,109.09,-21.05,88.88888888888889,9.691111111111113
MFG-LINE-PLT-004-03,2020-05-21,2,138.3,132.9,160.775,22.38,27.09,-48.02,26.030368763557483,-3.650368763557484
MFG-LINE-PLT-010-02,2022-04-11,3,328.4,290.9,364.105,9.75,12.38,-31.87,10.962241169305726,-1.2122411693057256
MFG-LINE-PLT-004-05,2020-04-07,1,156.1,151.3,191.666,18.7,23.79,-41.53,23.062139654067906,-4.3621396540679065
MFG-LINE-PLT-003-05,2023-09-21,1,39.9,39.1,43.104,83.39,92.07,-26.75,90.22556390977444,-6.835563909774436
MFG-LINE-PLT-010-03,2023-11-30,1,34.2,34.8,43.492,82.75,103.45,-29.03,105.26315789473684,-22.513157894736835
MFG-LINE-PLT-004-02,2024-04-16,2,244.9,225.0,306.898,11.68,16.0,-33.6,14.699877501020824,-3.019877501020824
MFG-LINE-PLT-006-02,2022-01-31,1,6.4,6.6,7.518,478.73,545.45,-68.08,562.5,-83.76999999999998
MFG-LINE-PLT-009-02,2023-06-03,1,40.5,33.0,33.503,107.38,109.09,-31.24,88.88888888888889,18.49111111111111
MFG-LINE-PLT-010-01,2024-05-17,3,267.8,279.7,510.055,6.9,12.87,-78.35,13.44286781179985,-6.54286781179985
MFG-LINE-PLT-003-02,2022-07-26,3,42.0,36.5,45.807,78.51,98.63,-26.84,85.71428571428571,-7.204285714285703
MFG-LINE-PLT-004-07,2020-12-07,2,224.4,199.4,271.172,13.22,18.05,-43.75,16.0427807486631,-2.822780748663101
MFG-LINE-PLT-007-01,2021-09-22,1,177.7,170.1,193.264,18.62,21.16,-19.74,20.258863252673045,-1.638863252673044
MFG-LINE-PLT-010-03,2021-03-03,2,34.2,34.8,59.974,59.91,103.45,-43.42,105.26315789473684,-45.35315789473684
MFG-LINE-PLT-001-01,2023-05-14,1,25.4,20.4,23.236,154.8,176.47,-20.7,141.73228346456693,13.067716535433078
MFG-LINE-PLT-007-01,2024-09-14,1,177.7,170.1,197.69,18.2,21.16,-53.64,20.258863252673045,-2.0588632526730457
MFG-LINE-PLT-009-01,2021-12-01,2,63.4,62.8,73.973,48.51,57.32,-46.52,56.782334384858046,-8.272334384858048
MFG-LINE-PLT-003-05,2022-01-05,1,39.9,39.1,44.253,81.33,92.07,-22.5,90.22556390977444,-8.895563909774438
MFG-LINE-PLT-003-02,2023-09-26,1,42.0,36.5,38.206,94.07,98.63,-32.64,85.71428571428571,8.355714285714285
MFG-LINE-PLT-002-03,2023-06-17,3,45.8,43.7,61.055,58.85,82.38,-29.9,78.60262008733625,-19.752620087336247
MFG-LINE-PLT-004-06,2024-08-14,1,126.5,112.6,128.728,27.84,31.97,-63.37,28.458498023715414,-0.6184980237154143
MFG-LINE-PLT-001-02,2022-11-05,2,62.4,50.8,60.655,59.22,70.87,-21.79,57.69230769230769,1.5276923076923055
MFG-LINE-PLT-008-02,2023-07-14,2,36.9,38.7,51.297,70.12,93.02,-33.84,97.5609756097561,-27.440975609756094
MFG-LINE-PLT-003-05,2024-07-10,1,39.9,39.1,49.546,72.63,92.07,-30.04,90.22556390977444,-17.59556390977444
MFG-LINE-PLT-003-04,2024-08-13,2,30.3,27.1,36.612,98.19,132.84,-40.17,118.8118811881188,-20.621881188118806
MFG-LINE-PLT-005-05,2022-12-07,1,59.9,61.0,66.454,54.17,59.02,-12.28,60.10016694490818,-5.93016694490818
MFG-LINE-PLT-003-04,2020-11-29,1,30.3,27.1,30.517,117.83,132.84,-45.76,118.8118811881188,-0.9818811881188054
MFG-LINE-PLT-010-03,2022-07-10,1,34.2,34.8,35.935,100.06,103.45,-4.45,105.26315789473684,-5.203157894736833
MFG-LINE-PLT-003-05,2024-12-21,2,39.9,39.1,42.667,84.35,92.07,-33.28,90.22556390977444,-5.875563909774442
MFG-LINE-PLT-007-02,2021-01-22,2,238.3,231.6,255.211,13.97,15.54,-14.04,15.107007973143096,-1.1370079731430955
MFG-LINE-PLT-002-03,2021-09-23,1,45.8,43.7,49.798,72.16,82.38,-20.6,78.60262008733625,-6.442620087336252
MFG-LINE-PLT-003-02,2023-09-29,2,42.0,36.5,43.962,81.84,98.63,-27.54,85.71428571428571,-3.874285714285705
MFG-LINE-PLT-003-03,2023-07-07,1,11.0,9.6,10.943,328.93,375.0,-42.57,327.27272727272725,1.6572727272727548
MFG-LINE-PLT-004-05,2024-10-08,2,156.1,151.3,199.93,17.97,23.79,-28.14,23.062139654067906,-5.092139654067907
MFG-LINE-PLT-008-01,2020-06-16,3,138.1,113.9,162.197,22.13,31.61,-60.48,26.06806661839247,-3.9380666183924724
MFG-LINE-PLT-007-01,2021-09-06,1,177.7,170.1,195.717,18.39,21.16,-26.32,20.258863252673045,-1.8688632526730444
MFG-LINE-PLT-004-07,2022-04-09,2,224.4,199.4,242.319,14.73,18.05,-38.46,16.0427807486631,-1.3127807486631013
MFG-LINE-PLT-004-05,2022-04-30,1,156.1,151.3,155.184,23.15,23.79,-5.99,23.062139654067906,0.0878603459320928
MFG-LINE-PLT-003-05,2020-01-08,3,39.9,39.1,45.381,79.16,92.07,-40.03,90.22556390977444,-11.06556390977444
MFG-LINE-PLT-009-01,2021-03-29,2,63.4,62.8,70.253,51.21,57.32,-32.06,56.782334384858046,-5.5723343848580456
MFG-LINE-PLT-010-03,2020-09-30,1,34.2,34.8,36.689,98.09,103.45,-67.2,105.26315789473684,-7.173157894736832
MFG-LINE-PLT-002-04,2023-10-30,1,16.2,14.1,22.667,158.74,255.32,-54.17,222.22222222222223,-63.48222222222222
MFG-LINE-PLT-004-06,2021-04-07,2,126.5,112.6,119.998,29.85,31.97,-30.24,28.458498023715414,1.3915019762845873
MFG-LINE-PLT-010-04,2024-01-10,1,298.9,264.3,274.471,13.06,13.62,-9.62,12.04416192706591,1.0158380729340912
MFG-LINE-PLT-004-05,2022-10-30,2,156.1,151.3,160.087,22.46,23.79,-40.0,23.062139654067906,-0.6021396540679049
MFG-LINE-PLT-001-01,2023-07-07,1,25.4,20.4,23.135,155.47,176.47,-24.45,141.73228346456693,13.737716535433066
MFG-LINE-PLT-003-04,2023-02-25,3,30.3,27.1,32.831,109.56,132.84,-42.98,118.8118811881188,-9.251881188118801
MFG-LINE-PLT-008-01,2021-06-27,2,138.1,113.9,133.586,26.84,31.61,-24.21,26.06806661839247,0.7719333816075284
MFG-LINE-PLT-002-03,2022-07-18,1,45.8,43.7,46.306,77.71,82.38,-13.41,78.60262008733625,-0.8926200873362546
MFG-LINE-PLT-003-03,2022-07-30,2,11.0,9.6,11.736,306.7,375.0,-53.26,327.27272727272725,-20.572727272727263
MFG-LINE-PLT-002-02,2024-11-10,2,14.0,12.8,15.492,232.35,281.25,-19.94,257.14285714285717,-24.792857142857173
MFG-LINE-PLT-003-05,2022-10-10,2,39.9,39.1,45.531,79.06,92.07,-40.34,90.22556390977444,-11.165563909774434
MFG-LINE-PLT-010-03,2023-09-06,2,34.2,34.8,48.532,74.13,103.45,-72.69,105.26315789473684,-31.13315789473684
MFG-LINE-PLT-004-07,2022-12-18,2,224.4,199.4,341.873,10.42,18.05,-65.41,16.0427807486631,-5.622780748663102
MFG-LINE-PLT-002-02,2024-05-09,1,14.0,12.8,13.683,263.08,281.25,-9.95,257.14285714285717,5.937142857142817
MFG-LINE-PLT-003-01,2023-01-05,1,21.2,20.5,21.552,166.87,175.61,-33.76,169.81132075471697,-2.941320754716969
MFG-LINE-PLT-005-04,2023-01-24,2,51.5,46.6,55.825,64.3,77.25,-52.95,69.90291262135922,-5.6029126213592235
MFG-LINE-PLT-005-02,2023-09-17,2,53.5,47.5,64.575,55.67,75.79,-27.76,67.28971962616822,-11.61971962616822
MFG-LINE-PLT-001-02,2022-06-15,1,62.4,50.8,53.648,67.09,70.87,-25.19,57.69230769230769,9.39769230769231
MFG-LINE-PLT-010-02,2020-10-24,3,328.4,290.9,379.044,9.45,12.38,-52.08,10.962241169305726,-1.5122411693057263
MFG-LINE-PLT-004-03,2020-10-16,2,138.3,132.9,158.366,22.56,27.09,-40.93,26.030368763557483,-3.4703687635574845
MFG-LINE-PLT-009-02,2023-01-26,3,40.5,33.0,58.491,61.43,109.09,-60.41,88.88888888888889,-27.458888888888886
MFG-LINE-PLT-002-04,2020-06-23,1,16.2,14.1,15.16,237.43,255.32,-16.46,222.22222222222223,15.207777777777778
MFG-LINE-PLT-002-04,2022-12-10,2,16.2,14.1,16.413,219.3,255.32,-25.67,222.22222222222223,-2.922222222222217
MFG-LINE-PLT-004-07,2021-04-02,3,224.4,199.4,246.707,14.44,18.05,-45.71,16.0427807486631,-1.6027807486631023
MFG-LINE-PLT-005-01,2021-10-01,3,33.7,34.4,44.498,80.76,104.65,-31.27,106.82492581602374,-26.06492581602373
MFG-LINE-PLT-004-03,2024-06-23,1,138.3,132.9,142.266,25.25,27.09,-22.66,26.030368763557483,-0.7803687635574832
MFG-LINE-PLT-004-01,2023-03-31,2,224.5,209.4,222.27,16.13,17.19,-16.94,16.035634743875278,0.09436525612472124
MFG-LINE-PLT-005-06,2022-02-27,1,73.7,75.0,126.198,28.51,48.0,-55.46,48.846675712347356,-20.336675712347354
MFG-LINE-PLT-002-03,2021-10-31,1,45.8,43.7,69.663,51.48,82.38,-55.34,78.60262008733625,-27.12262008733625
MFG-LINE-PLT-001-01,2020-03-30,2,25.4,20.4,23.58,152.58,176.47,-28.21,141.73228346456693,10.84771653543308
MFG-LINE-PLT-003-02,2020-06-13,1,42.0,36.5,47.511,75.64,98.63,-27.91,85.71428571428571,-10.074285714285708
MFG-LINE-PLT-004-04,2022-08-18,3,354.2,289.7,331.977,10.75,12.43,-24.73,10.163749294184077,0.5862507058159228
MFG-LINE-PLT-001-02,2021-09-14,1,62.4,50.8,66.69,53.95,70.87,-37.18,57.69230769230769,-3.7423076923076906
MFG-LINE-PLT-003-04,2022-01-25,3,30.3,27.1,37.536,95.87,132.84,-41.36,118.8118811881188,-22.9418811881188
MFG-LINE-PLT-005-05,2020-01-12,2,59.9,61.0,81.261,44.3,59.02,-24.76,60.10016694490818,-15.800166944908185
MFG-LINE-PLT-008-01,2023-02-02,1,138.1,113.9,145.024,24.69,31.61,-37.2,26.06806661839247,-1.3780666183924701
MFG-LINE-PLT-004-07,2022-02-07,1,224.4,199.4,226.777,15.86,18.05,-34.27,16.0427807486631,-0.18278074866310234
MFG-LINE-PLT-002-02,2024-04-25,3,14.0,12.8,15.207,236.62,281.25,-26.75,257.14285714285717,-20.522857142857163
MFG-LINE-PLT-010-01,2023-04-13,1,267.8,279.7,312.924,11.44,12.87,-33.7,13.44286781179985,-2.0028678117998506
MFG-LINE-PLT-001-01,2022-03-18,2,25.4,20.4,23.82,151.04,176.47,-37.2,141.73228346456693,9.307716535433059
MFG-LINE-PLT-004-05,2020-01-04,2,156.1,151.3,170.989,21.0,23.79,-21.43,23.062139654067906,-2.062139654067906
MFG-LINE-PLT-005-06,2020-08-24,3,73.7,75.0,94.03,38.08,48.0,-60.34,48.846675712347356,-10.766675712347357
MFG-LINE-PLT-009-01,2021-02-06,2,63.4,62.8,68.053,52.77,57.32,-19.15,56.782334384858046,-4.012334384858043
MFG-LINE-PLT-002-04,2022-07-10,3,16.2,14.1,17.114,210.33,255.32,-44.96,222.22222222222223,-11.892222222222216
MFG-LINE-PLT-010-03,2020-12-25,1,34.2,34.8,45.047,79.87,103.45,-40.77,105.26315789473684,-25.39315789473683
MFG-LINE-PLT-003-01,2020-05-15,3,21.2,20.5,25.924,138.8,175.61,-44.8,169.81132075471697,-31.011320754716962
MFG-LINE-PLT-005-06,2022-04-06,1,73.7,75.0,97.018,36.98,48.0,-39.05,48.846675712347356,-11.866675712347359
MFG-LINE-PLT-005-03,2022-08-17,2,62.1,56.6,63.447,56.61,63.6,-24.03,57.971014492753625,-1.3610144927536254
MFG-LINE-PLT-003-05,2022-04-17,2,39.9,39.1,43.462,82.83,92.07,-24.71,90.22556390977444,-7.395563909774438
MFG-LINE-PLT-003-05,2022-11-08,1,39.9,39.1,49.864,72.06,92.07,-32.07,90.22556390977444,-18.165563909774434
MFG-LINE-PLT-005-03,2020-08-15,2,62.1,56.6,67.587,53.25,63.6,-38.98,57.971014492753625,-4.721014492753625
MFG-LINE-PLT-004-01,2024-03-05,2,224.5,209.4,240.272,14.98,17.19,-44.63,16.035634743875278,-1.0556347438752773
MFG-LINE-PLT-002-01,2020-03-21,3,43.4,38.1,47.33,75.95,94.49,-32.66,82.94930875576037,-6.999308755760367
MFG-LINE-PLT-004-04,2022-10-26,2,354.2,289.7,384.148,9.37,12.43,-38.54,10.163749294184077,-0.793749294184078
MFG-LINE-PLT-003-05,2020-02-19,2,39.9,39.1,43.516,82.59,92.07,-19.44,90.22556390977444,-7.635563909774433
MFG-LINE-PLT-006-02,2020-02-03,3,6.4,6.6,7.542,477.28,545.45,-46.48,562.5,-85.22000000000003
MFG-LINE-PLT-003-05,2021-09-12,1,39.9,39.1,42.16,85.31,92.07,-42.61,90.22556390977444,-4.915563909774434
MFG-LINE-PLT-010-02,2023-02-03,1,328.4,290.9,331.142,10.68,12.38,-42.22,10.962241169305726,-0.28224116930572585
MFG-LINE-PLT-009-02,2021-09-18,1,40.5,33.0,42.201,85.23,109.09,-27.39,88.88888888888889,-3.6588888888888818
MFG-LINE-PLT-003-05,2023-04-09,2,39.9,39.1,46.303,77.73,92.07,-29.24,90.22556390977444,-12.495563909774432
MFG-LINE-PLT-002-04,2020-06-30,1,16.2,14.1,16.203,222.01,255.32,-48.39,222.22222222222223,-0.21222222222223763
MFG-LINE-PLT-002-03,2021-01-29,2,45.8,43.7,48.202,74.57,82.38,-22.1,78.60262008733625,-4.032620087336255
MFG-LINE-PLT-004-03,2020-06-12,3,138.3,132.9,166.609,21.59,27.09,-40.0,26.030368763557483,-4.440368763557483
MFG-LINE-PLT-005-05,2022-04-09,1,59.9,61.0,80.342,44.69,59.02,-41.36,60.10016694490818,-15.410166944908184
MFG-LINE-PLT-005-05,2020-04-24,1,59.9,61.0,78.723,45.63,59.02,-45.08,60.10016694490818,-14.47016694490818
MFG-LINE-PLT-004-04,2021-01-10,1,354.2,289.7,372.185,9.58,12.43,-35.56,10.163749294184077,-0.5837492941840772
MFG-LINE-PLT-004-01,2022-09-15,3,224.5,209.4,291.709,12.24,17.19,-41.18,16.035634743875278,-3.7956347438752776
MFG-LINE-PLT-004-02,2024-01-14,1,244.9,225.0,256.587,13.86,16.0,-32.5,14.699877501020824,-0.8398775010208244
MFG-LINE-PLT-001-01,2022-05-12,2,25.4,20.4,29.206,123.06,176.47,-76.32,141.73228346456693,-18.67228346456693
MFG-LINE-PLT-002-01,2022-05-26,1,43.4,38.1,48.19,74.7,94.49,-35.31,82.94930875576037,-8.249308755760367
MFG-LINE-PLT-005-02,2024-07-23,3,53.5,47.5,57.792,62.26,75.79,-17.76,67.28971962616822,-5.029719626168223
MFG-LINE-PLT-004-07,2023-01-05,1,224.4,199.4,227.883,15.71,18.05,-30.6,16.0427807486631,-0.3327807486631009
MFG-LINE-PLT-003-02,2021-03-22,2,42.0,36.5,44.401,81.07,98.63,-27.87,85.71428571428571,-4.644285714285715
MFG-LINE-PLT-006-02,2024-06-28,2,6.4,6.6,7.076,508.73,545.45,-30.27,562.5,-53.76999999999998
MFG-LINE-PLT-001-01,2021-08-02,1,25.4,20.4,32.406,110.93,176.47,-58.48,141.73228346456693,-30.802283464566926
MFG-LINE-PLT-002-02,2022-09-16,1,14.0,12.8,14.458,248.94,281.25,-24.42,257.14285714285717,-8.20285714285717
MFG-LINE-PLT-010-03,2021-01-02,2,34.2,34.8,38.168,94.27,103.45,-34.82,105.26315789473684,-10.99315789473684
MFG-LINE-PLT-004-01,2021-07-15,2,224.5,209.4,255.021,14.05,17.19,-30.08,16.035634743875278,-1.985634743875277
MFG-LINE-PLT-007-02,2021-06-05,1,238.3,231.6,273.036,13.01,15.54,-52.1,15.107007973143096,-2.0970079731430964
MFG-LINE-PLT-010-04,2022-12-24,1,298.9,264.3,285.574,12.51,13.62,-15.31,12.04416192706591,0.4658380729340905
MFG-LINE-PLT-007-01,2021-12-02,2,177.7,170.1,193.502,18.47,21.16,-35.76,20.258863252673045,-1.7888632526730461
MFG-LINE-PLT-003-04,2024-05-05,2,30.3,27.1,35.993,100.01,132.84,-37.33,118.8118811881188,-18.8018811881188
MFG-LINE-PLT-003-01,2021-12-29,3,21.2,20.5,25.424,141.57,175.61,-30.53,169.81132075471697,-28.24132075471698
MFG-LINE-PLT-006-02,2023-08-30,2,6.4,6.6,9.029,398.69,545.45,-46.74,562.5,-163.81
MFG-LINE-PLT-006-01,2021-03-20,1,25.7,24.6,25.767,139.62,146.34,-15.58,140.07782101167317,-0.45782101167316114
MFG-LINE-PLT-005-04,2023-10-17,2,51.5,46.6,52.762,68.16,77.25,-29.19,69.90291262135922,-1.742912621359224
MFG-LINE-PLT-009-02,2024-05-04,3,40.5,33.0,41.204,87.34,109.09,-37.04,88.88888888888889,-1.5488888888888823
MFG-LINE-PLT-005-06,2021-07-05,2,73.7,75.0,129.387,27.79,48.0,-48.02,48.846675712347356,-21.056675712347356
MFG-LINE-PLT-005-05,2023-08-18,3,59.9,61.0,87.609,41.05,59.02,-39.74,60.10016694490818,-19.050166944908185
MFG-LINE-PLT-003-04,2024-02-17,1,30.3,27.1,30.228,119.01,132.84,-44.1,118.8118811881188,0.1981188118812014
MFG-LINE-PLT-002-01,2022-12-13,1,43.4,38.1,43.112,83.41,94.49,-45.13,82.94930875576037,0.4606912442396265
MFG-LINE-PLT-010-02,2022-06-17,1,328.4,290.9,372.969,9.51,12.38,-23.26,10.962241169305726,-1.4522411693057258
MFG-LINE-PLT-003-04,2023-02-24,1,30.3,27.1,34.386,104.63,132.84,-36.08,118.8118811881188,-14.181881188118808
MFG-LINE-PLT-005-01,2024-10-05,3,33.7,34.4,44.604,80.65,104.65,-67.65,106.82492581602374,-26.17492581602373
MFG-LINE-PLT-007-01,2021-04-01,2,177.7,170.1,231.253,15.56,21.16,-32.0,20.258863252673045,-4.6988632526730445
MFG-LINE-PLT-004-05,2020-03-13,3,156.1,151.3,183.059,19.54,23.79,-32.62,23.062139654067906,-3.5221396540679066
MFG-LINE-PLT-001-02,2020-06-22,2,62.4,50.8,56.659,63.39,70.87,-16.6,57.69230769230769,5.697692307692307
MFG-LINE-PLT-004-02,2023-11-07,1,244.9,225.0,258.968,13.77,16.0,-45.83,14.699877501020824,-0.9298775010208242
MFG-LINE-PLT-002-03,2021-07-01,2,45.8,43.7,48.822,73.65,82.38,-26.78,78.60262008733625,-4.952620087336243
MFG-LINE-PLT-004-01,2021-08-08,1,224.5,209.4,242.169,14.82,17.19,-54.96,16.035634743875278,-1.2156347438752775
MFG-LINE-PLT-004-06,2024-10-20,1,126.5,112.6,133.042,27.0,31.97,-55.79,28.458498023715414,-1.4584980237154141
MFG-LINE-PLT-005-02,2020-02-28,2,53.5,47.5,56.629,63.46,75.79,-32.92,67.28971962616822,-3.8297196261682203
MFG-LINE-PLT-001-01,2021-01-07,1,25.4,20.4,23.787,151.21,176.47,-24.82,141.73228346456693,9.477716535433075
MFG-LINE-PLT-004-02,2023-08-21,1,244.9,225.0,291.35,12.33,16.0,-31.9,14.699877501020824,-2.3698775010208237
MFG-LINE-PLT-010-02,2023-12-25,1,328.4,290.9,331.941,10.78,12.38,-28.41,10.962241169305726,-0.1822411693057262
MFG-LINE-PLT-004-01,2020-03-16,1,224.5,209.4,235.981,15.12,17.19,-21.54,16.035634743875278,-0.9156347438752785
MFG-LINE-PLT-009-01,2020-10-27,2,63.4,62.8,76.526,46.97,57.32,-28.77,56.782334384858046,-9.812334384858048
MFG-LINE-PLT-010-02,2023-03-20,2,328.4,290.9,342.069,10.49,12.38,-24.74,10.962241169305726,-0.47224116930572535
MFG-LINE-PLT-008-01,2024-08-28,1,138.1,113.9,144.664,24.84,31.61,-22.22,26.06806661839247,-1.2280666183924716
MFG-LINE-PLT-010-01,2020-12-01,3,267.8,279.7,395.681,9.03,12.87,-43.33,13.44286781179985,-4.412867811799851
MFG-LINE-PLT-003-02,2023-10-22,1,42.0,36.5,38.617,93.14,98.63,-14.33,85.71428571428571,7.425714285714292
MFG-LINE-PLT-009-01,2022-10-11,2,63.4,62.8,85.964,41.77,57.32,-49.04,56.782334384858046,-15.012334384858043
MFG-LINE-PLT-006-01,2023-06-16,2,25.7,24.6,30.177,119.12,146.34,-50.23,140.07782101167317,-20.95782101167316
MFG-LINE-PLT-002-03,2021-11-16,1,45.8,43.7,48.99,73.37,82.38,-19.87,78.60262008733625,-5.232620087336244
MFG-LINE-PLT-005-02,2024-09-13,1,53.5,47.5,75.638,47.49,75.79,-50.78,67.28971962616822,-19.79971962616822
MFG-LINE-PLT-003-02,2021-10-31,2,42.0,36.5,49.241,73.05,98.63,-33.0,85.71428571428571,-12.664285714285711
MFG-LINE-PLT-003-02,2021-03-10,1,42.0,36.5,62.242,57.82,98.63,-69.69,85.71428571428571,-27.894285714285708
MFG-LINE-PLT-005-05,2024-07-10,1,59.9,61.0,70.325,51.16,59.02,-47.53,60.10016694490818,-8.940166944908185
MFG-LINE-PLT-010-01,2021-08-23,1,267.8,279.7,352.747,10.12,12.87,-32.63,13.44286781179985,-3.322867811799851
MFG-LINE-PLT-009-02,2021-05-26,2,40.5,33.0,37.88,94.97,109.09,-36.75,88.88888888888889,6.081111111111113
MFG-LINE-PLT-008-01,2021-08-05,1,138.1,113.9,145.61,24.63,31.61,-29.91,26.06806661839247,-1.4380666183924724
MFG-LINE-PLT-010-02,2020-07-17,1,328.4,290.9,311.344,11.53,12.38,-13.83,10.962241169305726,0.5677588306942738
MFG-LINE-PLT-010-02,2021-11-13,1,328.4,290.9,331.289,10.83,12.38,-27.27,10.962241169305726,-0.1322411693057255
MFG-LINE-PLT-008-02,2023-06-10,3,36.9,38.7,54.466,66.04,93.02,-39.66,97.5609756097561,-31.520975609756093
MFG-LINE-PLT-008-02,2020-12-03,2,36.9,38.7,52.902,67.9,93.02,-43.85,97.5609756097561,-29.660975609756093
MFG-LINE-PLT-004-05,2020-06-25,1,156.1,151.3,172.213,20.77,23.79,-21.97,23.062139654067906,-2.292139654067906
MFG-LINE-PLT-002-02,2024-07-23,2,14.0,12.8,14.826,242.68,281.25,-38.27,257.14285714285717,-14.46285714285716
MFG-LINE-PLT-008-01,2021-11-04,3,138.1,113.9,139.613,25.52,31.61,-62.28,26.06806661839247,-0.5480666183924718
MFG-LINE-PLT-010-03,2022-03-19,3,34.2,34.8,49.63,72.54,103.45,-45.53,105.26315789473684,-32.72315789473683
MFG-LINE-PLT-010-02,2023-04-08,2,328.4,290.9,340.111,10.47,12.38,-29.21,10.962241169305726,-0.4922411693057249
MFG-LINE-PLT-004-02,2024-08-09,1,244.9,225.0,251.267,14.31,16.0,-21.37,14.699877501020824,-0.3898775010208233
MFG-LINE-PLT-002-03,2022-04-05,3,45.8,43.7,54.728,65.64,82.38,-39.6,78.60262008733625,-12.962620087336248
MFG-LINE-PLT-009-02,2021-02-20,2,40.5,33.0,39.097,92.01,109.09,-42.19,88.88888888888889,3.1211111111111194
MFG-LINE-PLT-003-04,2024-04-28,1,30.3,27.1,28.473,126.35,132.84,-4.75,118.8118811881188,7.538118811881191
MFG-LINE-PLT-002-02,2021-04-28,3,14.0,12.8,14.12,254.93,281.25,-22.92,257.14285714285717,-2.2128571428571604
MFG-LINE-PLT-008-02,2020-04-09,1,36.9,38.7,42.718,84.12,93.02,-23.8,97.5609756097561,-13.440975609756094
MFG-LINE-PLT-004-04,2023-07-27,2,354.2,289.7,315.388,11.31,12.43,-22.73,10.163749294184077,1.1462507058159233
MFG-LINE-PLT-003-03,2022-11-28,1,11.0,9.6,10.843,331.9,375.0,-38.17,327.27272727272725,4.627272727272725
MFG-LINE-PLT-005-05,2021-07-25,2,59.9,61.0,72.244,49.73,59.02,-44.47,60.10016694490818,-10.370166944908185
MFG-LINE-PLT-006-02,2022-07-02,1,6.4,6.6,7.452,483.0,545.45,-29.99,562.5,-79.5
MFG-LINE-PLT-005-02,2022-02-09,1,53.5,47.5,49.289,73.01,75.79,-3.63,67.28971962616822,5.720280373831784
MFG-LINE-PLT-004-07,2024-09-13,2,224.4,199.4,232.253,15.41,18.05,-63.36,16.0427807486631,-0.6327807486631016
MFG-LINE-PLT-002-03,2022-06-06,3,45.8,43.7,50.666,70.9,82.38,-46.24,78.60262008733625,-7.702620087336243
MFG-LINE-PLT-002-02,2023-01-14,1,14.0,12.8,13.771,261.33,281.25,-25.64,257.14285714285717,4.187142857142817
MFG-LINE-PLT-006-02,2023-01-24,2,6.4,6.6,11.128,323.42,545.45,-51.21,562.5,-239.07999999999998
MFG-LINE-PLT-003-05,2022-08-30,2,39.9,39.1,51.864,69.38,92.07,-34.15,90.22556390977444,-20.84556390977444
MFG-LINE-PLT-005-01,2023-01-16,2,33.7,34.4,40.841,88.09,104.65,-34.84,106.82492581602374,-18.734925816023733
MFG-LINE-PLT-008-02,2023-12-30,3,36.9,38.7,48.252,74.56,93.02,-30.52,97.5609756097561,-23.000975609756097
MFG-LINE-PLT-001-01,2022-08-21,1,25.4,20.4,23.733,151.6,176.47,-26.69,141.73228346456693,9.867716535433061
MFG-LINE-PLT-004-07,2023-08-20,3,224.4,199.4,352.599,10.07,18.05,-81.34,16.0427807486631,-5.9727807486631015
MFG-LINE-PLT-002-04,2023-11-26,2,16.2,14.1,18.97,189.72,255.32,-32.62,222.22222222222223,-32.50222222222223
MFG-LINE-PLT-010-03,2022-12-08,1,34.2,34.8,44.744,80.44,103.45,-43.35,105.26315789473684,-24.823157894736838
MFG-LINE-PLT-004-01,2023-10-25,1,224.5,209.4,236.336,15.05,17.19,-55.81,16.035634743875278,-0.985634743875277
MFG-LINE-PLT-004-04,2021-02-08,1,354.2,289.7,474.705,7.47,12.43,-51.11,10.163749294184077,-2.6937492941840775
MFG-LINE-PLT-004-04,2020-10-04,1,354.2,289.7,366.103,9.83,12.43,-41.57,10.163749294184077,-0.33374929418407717
MFG-LINE-PLT-003-03,2024-12-15,1,11.0,9.6,11.099,324.3,375.0,-31.53,327.27272727272725,-2.9727272727272407
MFG-LINE-PLT-004-03,2022-04-10,2,138.3,132.9,159.79,22.48,27.09,-43.63,26.030368763557483,-3.5503687635574828
MFG-LINE-PLT-005-02,2023-07-12,2,53.5,47.5,55.649,64.67,75.79,-18.64,67.28971962616822,-2.6197196261682194
MFG-LINE-PLT-002-01,2024-11-11,2,43.4,38.1,52.001,69.23,94.49,-51.05,82.94930875576037,-13.719308755760366
MFG-LINE-PLT-008-01,2021-11-09,1,138.1,113.9,122.128,29.4,31.61,-12.72,26.06806661839247,3.331933381607527
MFG-LINE-PLT-004-07,2020-08-10,2,224.4,199.4,222.895,15.96,18.05,-38.28,16.0427807486631,-0.08278074866310092
MFG-LINE-PLT-003-03,2022-05-05,1,11.0,9.6,12.064,298.27,375.0,-51.92,327.27272727272725,-29.00272727272727
MFG-LINE-PLT-006-02,2020-07-14,2,6.4,6.6,7.993,450.28,545.45,-44.53,562.5,-112.22000000000003
MFG-LINE-PLT-005-02,2022-10-23,2,53.5,47.5,54.785,65.64,75.79,-29.19,67.28971962616822,-1.6497196261682205
MFG-LINE-PLT-010-03,2021-07-27,3,34.2,34.8,40.472,88.84,103.45,-38.46,105.26315789473684,-16.423157894736832
MFG-LINE-PLT-003-05,2022-02-04,2,39.9,39.1,43.551,82.58,92.07,-17.03,90.22556390977444,-7.645563909774438
MFG-LINE-PLT-001-02,2020-06-03,3,62.4,50.8,94.299,38.07,70.87,-57.84,57.69230769230769,-19.622307692307693
MFG-LINE-PLT-005-05,2023-10-25,1,59.9,61.0,69.103,51.96,59.02,-40.09,60.10016694490818,-8.14016694490818
MFG-LINE-PLT-009-01,2023-05-08,1,63.4,62.8,81.775,44.02,57.32,-46.59,56.782334384858046,-12.762334384858043
MFG-LINE-PLT-010-01,2022-07-25,1,267.8,279.7,355.347,10.03,12.87,-36.36,13.44286781179985,-3.4128678117998508
MFG-LINE-PLT-005-04,2023-06-14,2,51.5,46.6,55.488,64.73,77.25,-32.53,69.90291262135922,-5.172912621359217
MFG-LINE-PLT-006-01,2023-04-28,2,25.7,24.6,27.421,131.18,146.34,-38.39,140.07782101167317,-8.897821011673159
MFG-LINE-PLT-007-01,2020-12-05,3,177.7,170.1,211.426,16.94,21.16,-28.75,20.258863252673045,-3.3188632526730437
MFG-LINE-PLT-005-06,2022-01-28,2,73.7,75.0,103.26,34.86,48.0,-43.68,48.846675712347356,-13.986675712347356
MFG-LINE-PLT-004-04,2023-01-13,1,354.2,289.7,322.499,11.03,12.43,-17.89,10.163749294184077,0.8662507058159221
MFG-LINE-PLT-005-05,2020-03-14,1,59.9,61.0,80.028,44.94,59.02,-35.28,60.10016694490818,-15.160166944908184
MFG-LINE-PLT-003-01,2022-08-14,2,21.2,20.5,22.691,158.62,175.61,-22.9,169.81132075471697,-11.191320754716969
MFG-LINE-PLT-005-01,2023-08-12,2,33.7,34.4,46.376,77.56,104.65,-36.52,106.82492581602374,-29.264925816023734
MFG-LINE-PLT-004-06,2023-09-23,1,126.5,112.6,119.571,30.04,31.97,-11.6,28.458498023715414,1.581501976284585
MFG-LINE-PLT-004-03,2021-12-17,1,138.3,132.9,139.643,25.65,27.09,-22.89,26.030368763557483,-0.3803687635574846
MFG-LINE-PLT-001-01,2023-08-04,2,25.4,20.4,24.351,147.71,176.47,-37.73,141.73228346456693,5.977716535433075
MFG-LINE-PLT-001-01,2022-08-02,1,25.4,20.4,34.287,104.87,176.47,-49.32,141.73228346456693,-36.86228346456693
MFG-LINE-PLT-004-03,2023-09-11,1,138.3,132.9,166.219,21.62,27.09,-27.27,26.030368763557483,-4.410368763557482
MFG-LINE-PLT-003-04,2022-08-25,1,30.3,27.1,30.084,119.58,132.84,-22.02,118.8118811881188,0.7681188118811946
MFG-LINE-PLT-010-04,2022-06-21,2,298.9,264.3,293.462,12.26,13.62,-14.14,12.04416192706591,0.21583807293409052
MFG-LINE-PLT-007-01,2020-01-15,2,177.7,170.1,189.404,18.93,21.16,-25.62,20.258863252673045,-1.3288632526730453
MFG-LINE-PLT-005-02,2022-02-05,1,53.5,47.5,60.302,59.57,75.79,-25.64,67.28971962616822,-7.719719626168221
MFG-LINE-PLT-005-03,2024-01-12,1,62.1,56.6,60.887,59.03,63.6,-40.24,57.971014492753625,1.0589855072463763
MFG-LINE-PLT-009-01,2023-07-31,1,63.4,62.8,71.086,50.51,57.32,-38.15,56.782334384858046,-6.272334384858048
MFG-LINE-PLT-004-06,2022-02-27,1,126.5,112.6,125.593,28.59,31.97,-26.21,28.458498023715414,0.1315019762845857
MFG-LINE-PLT-004-04,2024-03-29,1,354.2,289.7,468.331,7.54,12.43,-46.51,10.163749294184077,-2.623749294184077
MFG-LINE-PLT-004-05,2023-07-31,1,156.1,151.3,162.212,22.01,23.79,-37.43,23.062139654067906,-1.0521396540679042
MFG-LINE-PLT-004-01,2021-12-27,1,224.5,209.4,232.038,15.39,17.19,-12.78,16.035634743875278,-0.6456347438752772
MFG-LINE-PLT-010-03,2024-02-06,1,34.2,34.8,45.242,79.5,103.45,-29.63,105.26315789473684,-25.763157894736835
MFG-LINE-PLT-001-02,2021-06-07,1,62.4,50.8,65.613,54.84,70.87,-34.66,57.69230769230769,-2.85230769230769
MFG-LINE-PLT-008-01,2022-01-31,1,138.1,113.9,132.971,27.0,31.61,-31.15,26.06806661839247,0.9319333816075286
MFG-LINE-PLT-007-01,2022-01-13,1,177.7,170.1,219.636,16.27,21.16,-27.22,20.258863252673045,-3.9888632526730454
MFG-LINE-PLT-004-06,2023-01-15,3,126.5,112.6,156.501,22.91,31.97,-32.93,28.458498023715414,-5.548498023715414
MFG-LINE-PLT-004-01,2023-05-15,1,224.5,209.4,233.241,15.42,17.19,-21.14,16.035634743875278,-0.6156347438752778
MFG-LINE-PLT-009-02,2024-03-04,1,40.5,33.0,41.616,86.43,109.09,-26.56,88.88888888888889,-2.458888888888879
MFG-LINE-PLT-007-02,2020-10-09,2,238.3,231.6,316.659,11.28,15.54,-34.51,15.107007973143096,-3.827007973143097
MFG-LINE-PLT-009-01,2023-07-21,2,63.4,62.8,83.449,43.13,57.32,-42.76,56.782334384858046,-13.652334384858044
MFG-LINE-PLT-005-06,2024-07-24,1,73.7,75.0,121.093,29.65,48.0,-43.95,48.846675712347356,-19.196675712347357
MFG-LINE-PLT-003-02,2021-07-25,3,42.0,36.5,51.777,69.5,98.63,-57.14,85.71428571428571,-16.214285714285708
MFG-LINE-PLT-004-06,2021-04-12,3,126.5,112.6,130.425,27.51,31.97,-22.53,28.458498023715414,-0.9484980237154126
MFG-LINE-PLT-004-01,2024-11-21,3,224.5,209.4,243.059,14.69,17.19,-27.5,16.035634743875278,-1.3456347438752783
MFG-LINE-PLT-003-05,2023-05-04,1,39.9,39.1,61.281,58.71,92.07,-44.44,90.22556390977444,-31.515563909774436
MFG-LINE-PLT-010-01,2020-03-14,1,267.8,279.7,360.84,9.88,12.87,-27.37,13.44286781179985,-3.5628678117998493
MFG-LINE-PLT-004-04,2022-08-06,3,354.2,289.7,353.931,10.14,12.43,-37.5,10.163749294184077,-0.023749294184076675
MFG-LINE-PLT-002-04,2024-12-29,2,16.2,14.1,19.082,188.59,255.32,-53.15,222.22222222222223,-33.632222222222225
MFG-LINE-PLT-003-05,2021-04-07,2,39.9,39.1,44.315,81.17,92.07,-35.79,90.22556390977444,-9.055563909774435
MFG-LINE-PLT-010-03,2023-09-07,1,34.2,34.8,40.478,88.83,103.45,-28.54,105.26315789473684,-16.433157894736837
MFG-LINE-PLT-003-02,2024-01-12,1,42.0,36.5,41.632,86.35,98.63,-37.42,85.71428571428571,0.6357142857142861
MFG-LINE-PLT-002-01,2024-09-28,2,43.4,38.1,42.194,85.21,94.49,-17.03,82.94930875576037,2.2606912442396236
MFG-LINE-PLT-002-01,2020-09-11,3,43.4,38.1,48.249,74.61,94.49,-29.11,82.94930875576037,-8.33930875576037
MFG-LINE-PLT-004-02,2023-11-21,2,244.9,225.0,264.812,13.51,16.0,-14.78,14.699877501020824,-1.189877501020824
MFG-LINE-PLT-003-05,2024-08-22,1,39.9,39.1,44.002,81.75,92.07,-21.23,90.22556390977444,-8.475563909774436
MFG-LINE-PLT-006-02,2022-02-26,1,6.4,6.6,8.506,423.07,545.45,-38.72,562.5,-139.43
MFG-LINE-PLT-008-01,2023-05-20,3,138.1,113.9,132.726,27.12,31.61,-35.68,26.06806661839247,1.0519333816075296
MFG-LINE-PLT-003-02,2024-06-03,2,42.0,36.5,49.44,72.67,98.63,-44.09,85.71428571428571,-13.044285714285706
MFG-LINE-PLT-005-03,2023-02-16,3,62.1,56.6,66.952,53.74,63.6,-42.05,57.971014492753625,-4.231014492753623
MFG-LINE-PLT-004-01,2023-02-03,2,224.5,209.4,249.738,14.36,17.19,-39.67,16.035634743875278,-1.6756347438752783
MFG-LINE-PLT-002-04,2024-05-12,1,16.2,14.1,14.459,248.85,255.32,-17.4,222.22222222222223,26.627777777777766
MFG-LINE-PLT-004-02,2022-04-18,1,244.9,225.0,277.711,12.92,16.0,-26.61,14.699877501020824,-1.7798775010208239
MFG-LINE-PLT-004-06,2024-07-18,2,126.5,112.6,135.581,26.42,31.97,-27.59,28.458498023715414,-2.0384980237154124
MFG-LINE-PLT-005-02,2020-11-19,2,53.5,47.5,63.237,56.92,75.79,-44.06,67.28971962616822,-10.36971962616822
MFG-LINE-PLT-004-01,2023-07-02,1,224.5,209.4,241.443,14.8,17.19,-33.87,16.035634743875278,-1.235634743875277
MFG-LINE-PLT-007-02,2020-11-26,1,238.3,231.6,275.713,12.94,15.54,-43.59,15.107007973143096,-2.1670079731430967
MFG-LINE-PLT-003-04,2022-01-13,2,30.3,27.1,32.136,111.98,132.84,-22.41,118.8118811881188,-6.8318811881188
MFG-LINE-PLT-003-02,2023-04-08,1,42.0,36.5,38.902,92.51,98.63,-35.1,85.71428571428571,6.795714285714297
MFG-LINE-PLT-002-04,2020-11-14,1,16.2,14.1,18.124,198.55,255.32,-36.61,222.22222222222223,-23.672222222222217
MFG-LINE-PLT-008-01,2023-04-23,1,138.1,113.9,117.374,30.53,31.61,-11.56,26.06806661839247,4.46193338160753
MFG-LINE-PLT-010-04,2023-07-05,1,298.9,264.3,276.9,13.0,13.62,-35.0,12.04416192706591,0.9558380729340907
MFG-LINE-PLT-004-04,2021-05-26,3,354.2,289.7,530.841,6.66,12.43,-57.14,10.163749294184077,-3.503749294184077
MFG-LINE-PLT-005-06,2020-12-16,1,73.7,75.0,122.171,29.43,48.0,-47.29,48.846675712347356,-19.416675712347356
MFG-LINE-PLT-005-01,2023-10-21,1,33.7,34.4,35.971,99.94,104.65,-19.52,106.82492581602374,-6.884925816023738
MFG-LINE-PLT-006-02,2022-04-15,2,6.4,6.6,7.397,486.55,545.45,-40.17,562.5,-75.94999999999999
MFG-LINE-PLT-004-03,2020-05-11,1,138.3,132.9,154.898,22.94,27.09,-67.82,26.030368763557483,-3.090368763557482
MFG-LINE-PLT-008-02,2023-12-15,2,36.9,38.7,53.292,67.54,93.02,-39.72,97.5609756097561,-30.020975609756093
MFG-LINE-PLT-003-01,2024-07-20,3,21.2,20.5,29.048,123.89,175.61,-48.34,169.81132075471697,-45.92132075471697
MFG-LINE-PLT-005-05,2020-04-05,2,59.9,61.0,83.803,42.9,59.02,-35.81,60.10016694490818,-17.200166944908183
MFG-LINE-PLT-007-02,2024-06-16,3,238.3,231.6,320.033,11.12,15.54,-40.52,15.107007973143096,-3.987007973143097
MFG-LINE-PLT-004-05,2022-01-10,2,156.1,151.3,197.154,18.16,23.79,-27.93,23.062139654067906,-4.902139654067906
MFG-LINE-PLT-005-04,2022-05-12,1,51.5,46.6,52.253,68.73,77.25,-46.36,69.90291262135922,-1.1729126213592167
MFG-LINE-PLT-004-03,2024-09-25,2,138.3,132.9,158.833,22.59,27.09,-29.86,26.030368763557483,-3.4403687635574833
MFG-LINE-PLT-008-01,2023-08-05,1,138.1,113.9,120.883,29.63,31.61,-45.08,26.06806661839247,3.5619333816075276
MFG-LINE-PLT-003-04,2021-10-10,3,30.3,27.1,34.755,103.45,132.84,-33.17,118.8118811881188,-15.3618811881188
MFG-LINE-PLT-005-04,2024-10-21,3,51.5,46.6,65.364,55.06,77.25,-39.9,69.90291262135922,-14.842912621359218
MFG-LINE-PLT-010-01,2022-04-10,1,267.8,279.7,294.555,12.05,12.87,-42.39,13.44286781179985,-1.3928678117998494
MFG-LINE-PLT-005-01,2023-09-01,2,33.7,34.4,37.262,96.55,104.65,-16.53,106.82492581602374,-10.274925816023739
MFG-LINE-PLT-003-01,2024-07-08,1,21.2,20.5,22.283,161.24,175.61,-69.98,169.81132075471697,-8.571320754716965
MFG-LINE-PLT-006-01,2024-12-15,3,25.7,24.6,29.182,123.34,146.34,-48.65,140.07782101167317,-16.737821011673162
MFG-LINE-PLT-010-04,2023-07-09,2,298.9,264.3,305.841,11.69,13.62,-13.4,12.04416192706591,-0.35416192706590977
MFG-LINE-PLT-003-02,2020-10-12,2,42.0,36.5,48.625,74.03,98.63,-51.14,85.71428571428571,-11.684285714285707
MFG-LINE-PLT-004-02,2023-02-23,1,244.9,225.0,258.478,13.91,16.0,-34.15,14.699877501020824,-0.7898775010208237
MFG-LINE-PLT-006-02,2024-03-10,2,6.4,6.6,8.071,445.86,545.45,-45.78,562.5,-116.63999999999999
MFG-LINE-PLT-001-01,2021-02-06,1,25.4,20.4,21.408,168.14,176.47,-17.28,141.73228346456693,26.407716535433053
MFG-LINE-PLT-004-05,2020-05-29,1,156.1,151.3,172.062,20.88,23.79,-40.0,23.062139654067906,-2.1821396540679068
MFG-LINE-PLT-005-02,2020-02-29,2,53.5,47.5,55.122,65.19,75.79,-58.46,67.28971962616822,-2.0997196261682234
MFG-LINE-PLT-004-01,2023-07-31,1,224.5,209.4,281.035,12.8,17.19,-47.69,16.035634743875278,-3.235634743875277
MFG-LINE-PLT-004-07,2024-06-26,2,224.4,199.4,223.282,16.03,18.05,-28.91,16.0427807486631,-0.012780748663100638
MFG-LINE-PLT-008-02,2022-09-03,1,36.9,38.7,48.87,73.59,93.02,-49.86,97.5609756097561,-23.970975609756096
MFG-LINE-PLT-010-01,2022-10-13,1,267.8,279.7,311.127,11.52,12.87,-21.05,13.44286781179985,-1.9228678117998506
MFG-LINE-PLT-002-04,2022-09-10,2,16.2,14.1,16.861,213.44,255.32,-33.46,222.22222222222223,-8.78222222222223
MFG-LINE-PLT-009-01,2020-04-12,1,63.4,62.8,66.882,53.64,57.32,-35.84,56.782334384858046,-3.142334384858046
MFG-LINE-PLT-008-02,2024-01-29,2,36.9,38.7,45.724,78.67,93.02,-35.33,97.5609756097561,-18.890975609756097
MFG-LINE-PLT-002-03,2022-07-16,1,45.8,43.7,49.015,73.31,82.38,-24.78,78.60262008733625,-5.292620087336246
MFG-LINE-PLT-003-05,2020-09-20,1,39.9,39.1,39.805,90.4,92.07,-2.99,90.22556390977444,0.17443609022556927
MFG-LINE-PLT-003-01,2023-01-21,2,21.2,20.5,35.823,100.46,175.61,-80.92,169.81132075471697,-69.35132075471698
MFG-LINE-PLT-010-04,2022-03-28,2,298.9,264.3,291.444,12.33,13.62,-11.76,12.04416192706591,0.2858380729340908
MFG-LINE-PLT-003-03,2024-10-23,1,11.0,9.6,10.637,338.32,375.0,-33.73,327.27272727272725,11.047272727272741
MFG-LINE-PLT-008-02,2021-09-22,3,36.9,38.7,48.209,74.67,93.02,-31.52,97.5609756097561,-22.890975609756097
MFG-LINE-PLT-004-06,2024-01-14,2,126.5,112.6,150.901,23.73,31.97,-53.88,28.458498023715414,-4.728498023715414
MFG-LINE-PLT-005-02,2024-03-01,3,53.5,47.5,65.956,54.57,75.79,-36.27,67.28971962616822,-12.71971962616822
MFG-LINE-PLT-006-02,2023-06-30,1,6.4,6.6,7.347,489.88,545.45,-15.65,562.5,-72.62
MFG-LINE-PLT-004-02,2020-07-04,1,244.9,225.0,258.002,13.9,16.0,-23.42,14.699877501020824,-0.7998775010208234
MFG-LINE-PLT-005-04,2020-03-17,1,51.5,46.6,52.183,68.96,77.25,-31.69,69.90291262135922,-0.9429126213592269
MFG-LINE-PLT-003-04,2022-04-03,2,30.3,27.1,36.283,99.05,132.84,-46.69,118.8118811881188,-19.761881188118807
MFG-LINE-PLT-005-05,2022-05-28,3,59.9,61.0,71.493,50.17,59.02,-56.7,60.10016694490818,-9.93016694490818
MFG-LINE-PLT-004-05,2023-03-02,2,156.1,151.3,171.18,20.96,23.79,-37.43,23.062139654067906,-2.102139654067905
MFG-LINE-PLT-009-01,2023-10-03,1,63.4,62.8,72.815,49.41,57.32,-40.13,56.782334384858046,-7.37233438485805
MFG-LINE-PLT-004-01,2020-07-18,2,224.5,209.4,249.787,14.3,17.19,-32.26,16.035634743875278,-1.735634743875277
MFG-LINE-PLT-002-02,2020-03-02,1,14.0,12.8,13.946,258.13,281.25,-25.29,257.14285714285717,0.9871428571428282
MFG-LINE-PLT-005-04,2024-04-09,1,51.5,46.6,52.883,67.94,77.25,-22.66,69.90291262135922,-1.962912621359223
MFG-LINE-PLT-008-02,2024-04-07,3,36.9,38.7,47.65,75.54,93.02,-28.9,97.5609756097561,-22.020975609756093
MFG-LINE-PLT-003-04,2023-04-23,1,30.3,27.1,44.998,79.98,132.84,-55.72,118.8118811881188,-38.8318811881188
MFG-LINE-PLT-001-01,2020-05-07,1,25.4,20.4,25.923,138.79,176.47,-31.29,141.73228346456693,-2.942283464566941
MFG-LINE-PLT-004-04,2024-04-24,1,354.2,289.7,335.981,10.58,12.43,-21.11,10.163749294184077,0.41625070581592283
MFG-LINE-PLT-005-02,2023-10-18,2,53.5,47.5,62.649,57.33,75.79,-54.55,67.28971962616822,-9.959719626168223
MFG-LINE-PLT-010-03,2022-06-11,2,34.2,34.8,41.958,85.61,103.45,-72.34,105.26315789473684,-19.653157894736836
MFG-LINE-PLT-004-02,2024-01-15,1,244.9,225.0,234.107,15.32,16.0,-8.73,14.699877501020824,0.6201224989791765
MFG-LINE-PLT-005-05,2020-01-26,1,59.9,61.0,78.254,45.92,59.02,-29.01,60.10016694490818,-14.18016694490818
MFG-LINE-PLT-004-04,2024-01-25,2,354.2,289.7,326.12,10.94,12.43,-11.34,10.163749294184077,0.7762507058159223
MFG-LINE-PLT-005-01,2020-02-04,1,33.7,34.4,39.733,90.47,104.65,-28.1,106.82492581602374,-16.354925816023737
MFG-LINE-PLT-007-01,2021-04-06,1,177.7,170.1,176.539,20.36,21.16,-31.17,20.258863252673045,0.10113674732695443
MFG-LINE-PLT-010-02,2024-06-29,3,328.4,290.9,332.736,10.76,12.38,-23.33,10.962241169305726,-0.20224116930572578
MFG-LINE-PLT-010-01,2020-12-29,1,267.8,279.7,293.002,12.23,12.87,-26.8,13.44286781179985,-1.2128678117998497
MFG-LINE-PLT-005-03,2021-09-03,1,62.1,56.6,62.384,57.7,63.6,-31.21,57.971014492753625,-0.271014492753622
MFG-LINE-PLT-005-04,2020-11-30,1,51.5,46.6,53.11,67.67,77.25,-33.22,69.90291262135922,-2.232912621359219
MFG-LINE-PLT-009-01,2021-09-04,1,63.4,62.8,70.597,50.81,57.32,-36.16,56.782334384858046,-5.972334384858044
MFG-LINE-PLT-001-02,2023-08-06,3,62.4,50.8,62.16,57.79,70.87,-27.88,57.69230769230769,0.09769230769230575
MFG-LINE-PLT-004-04,2023-05-17,2,354.2,289.7,347.969,10.29,12.43,-21.51,10.163749294184077,0.1262507058159219
MFG-LINE-PLT-005-04,2022-07-25,2,51.5,46.6,51.028,70.38,77.25,-36.67,69.90291262135922,0.4770873786407748
MFG-LINE-PLT-010-02,2020-05-19,3,328.4,290.9,416.029,8.55,12.38,-38.54,10.962241169305726,-2.412241169305725
MFG-LINE-PLT-005-06,2021-10-21,1,73.7,75.0,78.58,45.7,48.0,-15.69,48.846675712347356,-3.1466757123473528
MFG-LINE-PLT-007-01,2022-02-28,1,177.7,170.1,192.713,18.54,21.16,-35.19,20.258863252673045,-1.7188632526730458
MFG-LINE-PLT-004-03,2024-10-27,2,138.3,132.9,180.176,19.88,27.09,-52.13,26.030368763557483,-6.150368763557484
MFG-LINE-PLT-007-01,2024-01-15,1,177.7,170.1,222.399,16.15,21.16,-48.32,20.258863252673045,-4.108863252673046
MFG-LINE-PLT-004-03,2024-09-04,1,138.3,132.9,139.892,25.58,27.09,-33.33,26.030368763557483,-0.4503687635574849
MFG-LINE-PLT-002-03,2024-11-21,2,45.8,43.7,60.999,58.88,82.38,-77.64,78.60262008733625,-19.722620087336246
MFG-LINE-PLT-004-02,2020-01-05,2,244.9,225.0,267.138,13.44,16.0,-27.78,14.699877501020824,-1.2598775010208243
MFG-LINE-PLT-005-03,2024-03-30,2,62.1,56.6,78.033,45.82,63.6,-69.47,57.971014492753625,-12.151014492753625
MFG-LINE-PLT-008-02,2022-01-30,1,36.9,38.7,39.541,90.9,93.02,-9.96,97.5609756097561,-6.660975609756093
MFG-LINE-PLT-010-03,2021-12-06,1,34.2,34.8,40.103,89.72,103.45,-40.79,105.26315789473684,-15.543157894736837
MFG-LINE-PLT-003-01,2023-02-09,3,21.2,20.5,29.256,122.86,175.61,-54.18,169.81132075471697,-46.951320754716974
MFG-LINE-PLT-010-04,2021-03-26,2,298.9,264.3,346.052,10.35,13.62,-42.06,12.04416192706591,-1.6941619270659096
MFG-LINE-PLT-008-02,2024-08-09,1,36.9,38.7,42.009,85.69,93.02,-27.47,97.5609756097561,-11.870975609756101
MFG-LINE-PLT-004-04,2021-11-07,2,354.2,289.7,321.401,11.07,12.43,-47.73,10.163749294184077,0.906250705815923
MFG-LINE-PLT-002-01,2020-08-26,2,43.4,38.1,51.778,69.52,94.49,-49.78,82.94930875576037,-13.429308755760374
MFG-LINE-PLT-010-01,2024-01-14,3,267.8,279.7,361.39,9.9,12.87,-30.61,13.44286781179985,-3.5428678117998498
MFG-LINE-PLT-004-04,2022-11-24,1,354.2,289.7,310.044,11.54,12.43,-14.58,10.163749294184077,1.376250705815922
MFG-LINE-PLT-009-02,2023-11-03,1,40.5,33.0,33.941,106.04,109.09,-29.83,88.88888888888889,17.15111111111112
MFG-LINE-PLT-004-05,2020-08-24,1,156.1,151.3,169.045,21.28,23.79,-49.72,23.062139654067906,-1.7821396540679046
MFG-LINE-PLT-003-03,2023-07-18,2,11.0,9.6,11.526,312.27,375.0,-27.57,327.27272727272725,-15.00272727272727
MFG-LINE-PLT-002-02,2023-03-20,2,14.0,12.8,14.087,255.55,281.25,-19.54,257.14285714285717,-1.5928571428571558
MFG-LINE-PLT-005-01,2020-05-05,1,33.7,34.4,36.153,99.48,104.65,-18.37,106.82492581602374,-7.344925816023732
MFG-LINE-PLT-004-04,2020-01-30,2,354.2,289.7,342.898,10.44,12.43,-28.42,10.163749294184077,0.27625070581592226
MFG-LINE-PLT-003-04,2020-04-26,2,30.3,27.1,34.441,104.38,132.84,-68.6,118.8118811881188,-14.431881188118808
MFG-LINE-PLT-004-03,2020-04-02,2,138.3,132.9,159.114,22.57,27.09,-26.56,26.030368763557483,-3.460368763557483
MFG-LINE-PLT-008-01,2021-06-14,2,138.1,113.9,150.431,23.89,31.61,-26.11,26.06806661839247,-2.178066618392471
MFG-LINE-PLT-008-01,2020-09-06,2,138.1,113.9,151.778,23.69,31.61,-48.31,26.06806661839247,-2.37806661839247
MFG-LINE-PLT-005-04,2020-08-19,2,51.5,46.6,51.844,69.31,77.25,-27.73,69.90291262135922,-0.5929126213592184
MFG-LINE-PLT-007-02,2022-06-13,1,238.3,231.6,265.681,13.54,15.54,-44.55,15.107007973143096,-1.567007973143097
MFG-LINE-PLT-005-01,2021-01-08,3,33.7,34.4,42.561,84.53,104.65,-29.04,106.82492581602374,-22.294925816023735
MFG-LINE-PLT-005-04,2023-05-29,3,51.5,46.6,57.88,62.12,77.25,-28.52,69.90291262135922,-7.782912621359223
MFG-LINE-PLT-001-02,2022-08-13,2,62.4,50.8,68.808,52.3,70.87,-32.94,57.69230769230769,-5.392307692307696
MFG-LINE-PLT-005-04,2023-11-25,1,51.5,46.6,49.801,72.22,77.25,-21.55,69.90291262135922,2.317087378640778
MFG-LINE-PLT-004-03,2021-11-02,1,138.3,132.9,149.665,23.91,27.09,-32.39,26.030368763557483,-2.120368763557483
MFG-LINE-PLT-010-04,2021-08-12,1,298.9,264.3,285.387,12.57,13.62,-23.47,12.04416192706591,0.525838072934091
MFG-LINE-PLT-010-03,2022-11-08,1,34.2,34.8,38.377,93.65,103.45,-33.47,105.26315789473684,-11.61315789473683
MFG-LINE-PLT-004-04,2020-08-17,1,354.2,289.7,312.894,11.39,12.43,-15.73,10.163749294184077,1.2262507058159233
MFG-LINE-PLT-005-06,2024-07-02,1,73.7,75.0,85.209,41.98,48.0,-64.74,48.846675712347356,-6.866675712347359
MFG-LINE-PLT-010-02,2021-03-18,2,328.4,290.9,332.526,10.78,12.38,-26.04,10.962241169305726,-0.1822411693057262
MFG-LINE-PLT-005-06,2022-07-17,1,73.7,75.0,95.73,37.59,48.0,-42.74,48.846675712347356,-11.256675712347352
MFG-LINE-PLT-002-03,2022-01-01,1,45.8,43.7,48.772,73.67,82.38,-18.14,78.60262008733625,-4.932620087336247
MFG-LINE-PLT-008-02,2022-11-16,3,36.9,38.7,48.104,74.73,93.02,-23.28,97.5609756097561,-22.830975609756095
MFG-LINE-PLT-007-02,2022-06-26,1,238.3,231.6,301.949,11.79,15.54,-28.81,15.107007973143096,-3.317007973143097
MFG-LINE-PLT-005-02,2023-08-27,1,53.5,47.5,59.748,60.15,75.79,-50.0,67.28971962616822,-7.1397196261682225
MFG-LINE-PLT-008-02,2023-01-09,2,36.9,38.7,43.84,82.03,93.02,-23.44,97.5609756097561,-15.530975609756098
MFG-LINE-PLT-002-01,2020-06-06,1,43.4,38.1,40.378,89.01,94.49,-20.33,82.94930875576037,6.060691244239635
MFG-LINE-PLT-004-03,2020-07-27,2,138.3,132.9,232.608,15.43,27.09,-59.7,26.030368763557483,-10.600368763557483
MFG-LINE-PLT-010-02,2021-11-03,2,328.4,290.9,393.744,9.09,12.38,-44.94,10.962241169305726,-1.8722411693057257
MFG-LINE-PLT-004-03,2022-12-18,1,138.3,132.9,150.188,23.93,27.09,-28.22,26.030368763557483,-2.1003687635574835
MFG-LINE-PLT-006-02,2020-08-07,2,6.4,6.6,7.731,465.62,545.45,-49.19,562.5,-96.88
MFG-LINE-PLT-010-02,2021-11-28,1,328.4,290.9,383.489,9.23,12.38,-45.56,10.962241169305726,-1.7322411693057251
MFG-LINE-PLT-008-02,2024-05-25,2,36.9,38.7,45.008,79.96,93.02,-20.17,97.5609756097561,-17.600975609756105
MFG-LINE-PLT-004-06,2021-10-17,2,126.5,112.6,122.785,29.3,31.97,-31.12,28.458498023715414,0.8415019762845866
MFG-LINE-PLT-006-01,2023-04-22,1,25.7,24.6,28.422,126.63,146.34,-29.49,140.07782101167317,-13.44782101167317
MFG-LINE-PLT-003-03,2024-06-04,3,11.0,9.6,12.074,298.06,375.0,-48.35,327.27272727272725,-29.21272727272725
MFG-LINE-PLT-005-02,2022-03-03,1,53.5,47.5,52.965,67.94,75.79,-25.92,67.28971962616822,0.6502803738317766
MFG-LINE-PLT-004-05,2022-11-24,1,156.1,151.3,164.457,21.89,23.79,-34.08,23.062139654067906,-1.1721396540679052
MFG-LINE-PLT-003-02,2020-04-30,2,42.0,36.5,44.825,80.28,98.63,-26.92,85.71428571428571,-5.434285714285707
MFG-LINE-PLT-004-03,2022-11-03,1,138.3,132.9,176.267,20.24,27.09,-84.42,26.030368763557483,-5.790368763557485
MFG-LINE-PLT-008-01,2020-07-29,1,138.1,113.9,128.032,28.06,31.61,-18.67,26.06806661839247,1.9919333816075273
MFG-LINE-PLT-002-02,2020-04-25,3,14.0,12.8,15.637,230.2,281.25,-28.75,257.14285714285717,-26.94285714285718
MFG-LINE-PLT-010-03,2021-01-26,1,34.2,34.8,39.232,91.66,103.45,-31.99,105.26315789473684,-13.603157894736839
MFG-LINE-PLT-006-01,2020-07-25,2,25.7,24.6,30.486,118.07,146.34,-21.71,140.07782101167317,-22.007821011673173
MFG-LINE-PLT-002-01,2024-08-07,1,43.4,38.1,43.116,83.37,94.49,-29.24,82.94930875576037,0.42069124423963444
MFG-LINE-PLT-007-01,2022-08-05,1,177.7,170.1,198.093,18.07,21.16,-47.74,20.258863252673045,-2.1888632526730447
MFG-LINE-PLT-003-05,2023-01-18,1,39.9,39.1,40.029,89.93,92.07,-22.71,90.22556390977444,-0.2955639097744296
MFG-LINE-PLT-002-04,2024-11-26,1,16.2,14.1,14.615,246.25,255.32,-29.31,222.22222222222223,24.02777777777777
MFG-LINE-PLT-005-02,2023-10-01,2,53.5,47.5,54.989,65.43,75.79,-16.3,67.28971962616822,-1.8597196261682143
MFG-LINE-PLT-005-06,2024-02-04,3,73.7,75.0,92.629,38.83,48.0,-40.33,48.846675712347356,-10.016675712347357
MFG-LINE-PLT-004-06,2020-12-19,1,126.5,112.6,128.163,28.06,31.97,-32.59,28.458498023715414,-0.39849802371541543
MFG-LINE-PLT-005-06,2020-01-22,1,73.7,75.0,94.702,37.95,48.0,-30.42,48.846675712347356,-10.896675712347353
MFG-LINE-PLT-004-03,2023-08-25,1,138.3,132.9,168.581,21.32,27.09,-43.0,26.030368763557483,-4.710368763557483
MFG-LINE-PLT-002-03,2020-11-28,1,45.8,43.7,46.247,77.67,82.38,-31.2,78.60262008733625,-0.9326200873362467
MFG-LINE-PLT-005-05,2023-07-15,2,59.9,61.0,71.059,50.63,59.02,-21.83,60.10016694490818,-9.47016694490818
MFG-LINE-PLT-001-02,2023-09-23,3,62.4,50.8,63.916,56.28,70.87,-44.95,57.69230769230769,-1.4123076923076923
MFG-LINE-PLT-010-03,2020-07-04,1,34.2,34.8,38.954,92.29,103.45,-16.25,105.26315789473684,-12.97315789473683
MFG-LINE-PLT-005-06,2020-06-28,1,73.7,75.0,87.469,40.99,48.0,-44.08,48.846675712347356,-7.856675712347354
MFG-LINE-PLT-010-02,2023-08-20,1,328.4,290.9,309.152,11.53,12.38,-13.54,10.962241169305726,0.5677588306942738
MFG-LINE-PLT-005-02,2021-09-12,2,53.5,47.5,63.443,56.65,75.79,-42.91,67.28971962616822,-10.639719626168223
MFG-LINE-PLT-008-01,2020-12-06,1,138.1,113.9,116.922,30.51,31.61,-59.82,26.06806661839247,4.44193338160753
MFG-LINE-PLT-002-03,2024-03-04,2,45.8,43.7,74.013,48.59,82.38,-45.19,78.60262008733625,-30.012620087336245
MFG-LINE-PLT-009-01,2022-09-16,1,63.4,62.8,73.221,49.03,57.32,-22.22,56.782334384858046,-7.752334384858045
MFG-LINE-PLT-007-01,2023-01-12,3,177.7,170.1,199.054,17.98,21.16,-16.67,20.258863252673045,-2.2788632526730446
MFG-LINE-PLT-005-03,2024-11-12,1,62.1,56.6,74.31,48.39,63.6,-61.92,57.971014492753625,-9.581014492753624
MFG-LINE-PLT-010-04,2022-03-29,3,298.9,264.3,291.311,12.33,13.62,-20.0,12.04416192706591,0.2858380729340908
MFG-LINE-PLT-009-01,2024-01-25,1,63.4,62.8,82.717,43.48,57.32,-38.75,56.782334384858046,-13.30233438485805
MFG-LINE-PLT-008-01,2020-04-02,1,138.1,113.9,124.71,28.73,31.61,-20.27,26.06806661839247,2.661933381607529
MFG-LINE-PLT-003-04,2021-06-08,3,30.3,27.1,37.961,94.67,132.84,-44.05,118.8118811881188,-24.141881188118802
MFG-LINE-PLT-006-01,2021-01-12,1,25.7,24.6,27.78,129.54,146.34,-31.71,140.07782101167317,-10.537821011673174
MFG-LINE-PLT-004-01,2020-11-12,2,224.5,209.4,232.429,15.38,17.19,-37.01,16.035634743875278,-0.655634743875277
MFG-LINE-PLT-008-01,2021-09-29,2,138.1,113.9,191.11,18.73,31.61,-45.83,26.06806661839247,-7.338066618392471
MFG-LINE-PLT-002-04,2021-10-21,3,16.2,14.1,19.523,184.38,255.32,-29.75,222.22222222222223,-37.84222222222223
MFG-LINE-PLT-004-01,2020-01-23,1,224.5,209.4,243.143,14.72,17.19,-30.88,16.035634743875278,-1.3156347438752771
MFG-LINE-PLT-003-04,2023-05-25,3,30.3,27.1,33.368,107.74,132.84,-39.89,118.8118811881188,-11.071881188118809
MFG-LINE-PLT-002-03,2021-04-10,2,45.8,43.7,58.22,61.72,82.38,-29.87,78.60262008733625,-16.88262008733625
MFG-LINE-PLT-004-01,2020-02-20,1,224.5,209.4,241.374,14.75,17.19,-35.2,16.035634743875278,-1.2856347438752778
MFG-LINE-PLT-004-04,2023-07-23,2,354.2,289.7,340.486,10.53,12.43,-39.36,10.163749294184077,0.3662507058159221
MFG-LINE-PLT-004-02,2023-08-30,1,244.9,225.0,252.747,14.17,16.0,-31.03,14.699877501020824,-0.5298775010208239
MFG-LINE-PLT-004-02,2021-12-31,2,244.9,225.0,262.744,13.6,16.0,-14.78,14.699877501020824,-1.0998775010208242
MFG-LINE-PLT-005-06,2023-10-18,1,73.7,75.0,97.514,36.89,48.0,-41.71,48.846675712347356,-11.956675712347355
MFG-LINE-PLT-009-02,2024-01-24,1,40.5,33.0,43.089,83.44,109.09,-39.61,88.88888888888889,-5.448888888888888
MFG-LINE-PLT-002-03,2021-06-08,2,45.8,43.7,50.988,70.19,82.38,-73.58,78.60262008733625,-8.41262008733625
MFG-LINE-PLT-007-02,2022-12-17,3,238.3,231.6,330.306,10.89,15.54,-50.0,15.107007973143096,-4.217007973143096
MFG-LINE-PLT-009-01,2022-05-23,1,63.4,62.8,71.7,50.08,57.32,-27.27,56.782334384858046,-6.702334384858048
MFG-LINE-PLT-009-01,2023-07-06,1,63.4,62.8,71.221,50.32,57.32,-51.44,56.782334384858046,-6.462334384858046
MFG-LINE-PLT-001-02,2021-03-08,1,62.4,50.8,65.356,55.02,70.87,-45.54,57.69230769230769,-2.6723076923076903
MFG-LINE-PLT-009-01,2022-09-15,1,63.4,62.8,63.744,56.38,57.32,-11.58,56.782334384858046,-0.40233438485804385
MFG-LINE-PLT-010-02,2020-08-06,2,328.4,290.9,355.7,10.11,12.38,-23.96,10.962241169305726,-0.8522411693057261
MFG-LINE-PLT-010-02,2024-07-14,3,328.4,290.9,413.982,8.62,12.38,-38.2,10.962241169305726,-2.3422411693057263
MFG-LINE-PLT-004-03,2024-04-10,1,138.3,132.9,143.691,24.92,27.09,-31.55,26.030368763557483,-1.1103687635574815
MFG-LINE-PLT-005-03,2024-07-22,3,62.1,56.6,71.97,49.93,63.6,-38.83,57.971014492753625,-8.041014492753625
MFG-LINE-PLT-002-01,2021-02-23,3,43.4,38.1,43.298,83.09,94.49,-42.78,82.94930875576037,0.1406912442396333
MFG-LINE-PLT-008-01,2020-09-29,2,138.1,113.9,135.777,26.49,31.61,-19.68,26.06806661839247,0.421933381607527
MFG-LINE-PLT-001-02,2020-09-12,2,62.4,50.8,56.721,63.41,70.87,-23.27,57.69230769230769,5.717692307692303
MFG-LINE-PLT-006-01,2020-05-17,1,25.7,24.6,26.951,133.44,146.34,-34.2,140.07782101167317,-6.637821011673168
MFG-LINE-PLT-004-02,2022-04-18,3,244.9,225.0,287.933,12.4,16.0,-22.88,14.699877501020824,-2.2998775010208234
MFG-LINE-PLT-003-04,2021-08-30,1,30.3,27.1,34.216,105.17,132.84,-30.24,118.8118811881188,-13.641881188118802
MFG-LINE-PLT-004-07,2021-04-14,1,224.4,199.4,250.414,14.23,18.05,-54.41,16.0427807486631,-1.8127807486631013
MFG-LINE-PLT-002-03,2021-10-15,1,45.8,43.7,49.548,72.64,82.38,-17.48,78.60262008733625,-5.962620087336248
MFG-LINE-PLT-010-01,2024-10-21,1,267.8,279.7,322.309,11.15,12.87,-31.0,13.44286781179985,-2.2928678117998498
MFG-LINE-PLT-010-04,2022-08-07,3,298.9,264.3,365.37,9.73,13.62,-48.42,12.04416192706591,-2.314161927065909
MFG-LINE-PLT-001-02,2023-07-06,2,62.4,50.8,60.005,59.92,70.87,-18.22,57.69230769230769,2.2276923076923083
MFG-LINE-PLT-006-01,2021-09-18,3,25.7,24.6,43.95,81.9,146.34,-55.33,140.07782101167317,-58.17782101167316
MFG-LINE-PLT-002-03,2022-05-30,2,45.8,43.7,50.583,71.17,82.38,-16.67,78.60262008733625,-7.432620087336247
MFG-LINE-PLT-004-01,2022-04-08,1,224.5,209.4,240.449,14.96,17.19,-59.02,16.035634743875278,-1.075634743875277
MFG-LINE-PLT-009-02,2021-05-28,3,40.5,33.0,46.207,77.76,109.09,-67.41,88.88888888888889,-11.12888888888888
MFG-LINE-PLT-005-01,2020-06-02,2,33.7,34.4,46.481,77.4,104.65,-40.46,106.82492581602374,-29.42492581602373
MFG-LINE-PLT-003-03,2023-07-13,1,11.0,9.6,10.343,347.99,375.0,-22.07,327.27272727272725,20.717272727272757
MFG-LINE-PLT-004-04,2024-03-31,3,354.2,289.7,364.829,9.75,12.43,-20.65,10.163749294184077,-0.41374929418407724
MFG-LINE-PLT-003-05,2024-01-04,2,39.9,39.1,52.235,68.91,92.07,-37.76,90.22556390977444,-21.31556390977444
MFG-LINE-PLT-004-03,2024-12-05,1,138.3,132.9,141.505,25.32,27.09,-48.7,26.030368763557483,-0.7103687635574829
MFG-LINE-PLT-010-04,2020-01-03,1,298.9,264.3,275.993,12.94,13.62,-14.58,12.04416192706591,0.8958380729340902
MFG-LINE-PLT-005-01,2022-04-01,1,33.7,34.4,44.95,79.97,104.65,-29.02,106.82492581602374,-26.854925816023737
MFG-LINE-PLT-010-01,2021-03-01,1,267.8,279.7,356.959,9.96,12.87,-24.73,13.44286781179985,-3.4828678117998493
MFG-LINE-PLT-002-04,2021-01-27,3,16.2,14.1,16.213,221.99,255.32,-20.27,222.22222222222223,-0.23222222222221944
MFG-LINE-PLT-003-05,2020-04-20,1,39.9,39.1,63.357,56.75,92.07,-45.35,90.22556390977444,-33.475563909774436
MFG-LINE-PLT-002-04,2020-03-04,1,16.2,14.1,14.936,240.94,255.32,-14.06,222.22222222222223,18.71777777777777
MFG-LINE-PLT-003-03,2024-03-22,2,11.0,9.6,16.163,222.69,375.0,-45.02,327.27272727272725,-104.58272727272725
MFG-LINE-PLT-005-02,2020-12-01,2,53.5,47.5,54.153,66.42,75.79,-19.39,67.28971962616822,-0.8697196261682194
MFG-LINE-PLT-003-05,2023-08-18,2,39.9,39.1,42.55,84.51,92.07,-33.38,90.22556390977444,-5.715563909774431
MFG-LINE-PLT-004-06,2021-11-08,1,126.5,112.6,178.377,20.06,31.97,-42.86,28.458498023715414,-8.398498023715415
MFG-LINE-PLT-005-03,2022-04-27,3,62.1,56.6,72.47,49.57,63.6,-29.05,57.971014492753625,-8.401014492753625
MFG-LINE-PLT-003-01,2023-01-06,1,21.2,20.5,22.449,160.24,175.61,-32.51,169.81132075471697,-9.571320754716965
MFG-LINE-PLT-007-01,2023-03-14,1,177.7,170.1,180.528,19.91,21.16,-7.05,20.258863252673045,-0.34886325267304485
MFG-LINE-PLT-004-05,2020-03-26,3,156.1,151.3,262.898,13.6,23.79,-50.8,23.062139654067906,-9.462139654067906
MFG-LINE-PLT-004-01,2023-03-14,1,224.5,209.4,233.596,15.14,17.19,-54.55,16.035634743875278,-0.8956347438752772
MFG-LINE-PLT-002-02,2021-11-05,3,14.0,12.8,15.611,230.5,281.25,-18.01,257.14285714285717,-26.642857142857167
MFG-LINE-PLT-005-05,2023-05-07,1,59.9,61.0,66.217,54.26,59.02,-29.45,60.10016694490818,-5.840166944908184
MFG-LINE-PLT-007-02,2024-10-28,3,238.3,231.6,291.919,12.33,15.54,-55.46,15.107007973143096,-2.777007973143096
MFG-LINE-PLT-004-03,2024-01-31,2,138.3,132.9,221.346,16.25,27.09,-45.31,26.030368763557483,-9.780368763557483
MFG-LINE-PLT-004-06,2024-10-25,2,126.5,112.6,125.327,28.64,31.97,-10.0,28.458498023715414,0.18150197628458642
MFG-LINE-PLT-010-01,2024-10-04,1,267.8,279.7,317.714,11.25,12.87,-26.37,13.44286781179985,-2.19286781179985
MFG-LINE-PLT-002-01,2021-06-17,1,43.4,38.1,48.94,73.54,94.49,-38.83,82.94930875576037,-9.409308755760364
MFG-LINE-PLT-002-01,2022-08-14,1,43.4,38.1,44.988,79.86,94.49,-35.83,82.94930875576037,-3.0893087557603707
MFG-LINE-PLT-006-01,2021-05-28,3,25.7,24.6,31.314,114.84,146.34,-65.85,140.07782101167317,-25.237821011673162
MFG-LINE-PLT-004-02,2022-08-25,3,244.9,225.0,306.621,11.61,16.0,-29.2,14.699877501020824,-3.0898775010208244
MFG-LINE-PLT-009-02,2023-07-15,2,40.5,33.0,44.077,81.54,109.09,-54.16,88.88888888888889,-7.3488888888888795
MFG-LINE-PLT-004-04,2023-03-16,2,354.2,289.7,346.155,10.25,12.43,-26.88,10.163749294184077,0.08625070581592276
MFG-LINE-PLT-004-06,2024-12-21,1,126.5,112.6,127.154,28.1,31.97,-51.74,28.458498023715414,-0.35849802371541273
MFG-LINE-PLT-006-01,2022-12-06,3,25.7,24.6,29.137,123.5,146.34,-38.53,140.07782101167317,-16.577821011673166
MFG-LINE-PLT-002-01,2023-03-03,1,43.4,38.1,50.069,71.76,94.49,-35.29,82.94930875576037,-11.189308755760365
MFG-LINE-PLT-004-04,2023-02-18,1,354.2,289.7,321.547,11.16,12.43,-20.45,10.163749294184077,0.9962507058159229
MFG-LINE-PLT-004-02,2023-09-22,1,244.9,225.0,244.985,14.66,16.0,-11.61,14.699877501020824,-0.03987750102082366
MFG-LINE-PLT-003-04,2024-12-05,1,30.3,27.1,30.628,117.44,132.84,-26.85,118.8118811881188,-1.371881188118806
MFG-LINE-PLT-004-01,2024-05-15,1,224.5,209.4,277.01,12.95,17.19,-34.92,16.035634743875278,-3.0856347438752785
MFG-LINE-PLT-003-02,2020-07-24,2,42.0,36.5,40.807,88.2,98.63,-29.88,85.71428571428571,2.4857142857142946
MFG-LINE-PLT-010-02,2021-04-03,1,328.4,290.9,297.136,12.02,12.38,-16.84,10.962241169305726,1.057758830694274
MFG-LINE-PLT-005-03,2023-10-28,1,62.1,56.6,59.157,60.77,63.6,-47.08,57.971014492753625,2.7989855072463783
MFG-LINE-PLT-010-03,2020-01-10,2,34.2,34.8,41.776,85.78,103.45,-73.99,105.26315789473684,-19.483157894736834
MFG-LINE-PLT-005-03,2023-08-11,1,62.1,56.6,74.209,48.37,63.6,-36.17,57.971014492753625,-9.601014492753627
MFG-LINE-PLT-010-04,2023-05-31,1,298.9,264.3,338.986,10.46,13.62,-33.33,12.04416192706591,-1.5841619270659084
MFG-LINE-PLT-005-05,2020-02-07,1,59.9,61.0,100.201,35.87,59.02,-41.14,60.10016694490818,-24.230166944908184
MFG-LINE-PLT-010-01,2020-10-19,1,267.8,279.7,315.509,11.3,12.87,-58.06,13.44286781179985,-2.1428678117998494
MFG-LINE-PLT-004-03,2024-02-07,3,138.3,132.9,186.027,19.29,27.09,-43.0,26.030368763557483,-6.740368763557484
MFG-LINE-PLT-004-01,2020-09-24,2,224.5,209.4,225.581,15.87,17.19,-37.8,16.035634743875278,-0.16563474387527855
MFG-LINE-PLT-003-05,2021-11-24,2,39.9,39.1,41.935,85.8,92.07,-30.56,90.22556390977444,-4.425563909774439
MFG-LINE-PLT-004-05,2021-08-18,1,156.1,151.3,156.722,22.89,23.79,-6.94,23.062139654067906,-0.1721396540679052
MFG-LINE-PLT-010-02,2022-09-30,3,328.4,290.9,360.429,9.88,12.38,-28.57,10.962241169305726,-1.0822411693057248
MFG-LINE-PLT-010-01,2024-12-23,1,267.8,279.7,354.627,10.07,12.87,-30.21,13.44286781179985,-3.37286781179985
MFG-LINE-PLT-002-03,2021-10-03,2,45.8,43.7,48.989,73.4,82.38,-21.07,78.60262008733625,-5.202620087336243
MFG-LINE-PLT-007-01,2020-11-20,1,177.7,170.1,189.953,18.85,21.16,-28.3,20.258863252673045,-1.4088632526730436
MFG-LINE-PLT-004-07,2020-01-15,2,224.4,199.4,269.771,13.22,18.05,-64.06,16.0427807486631,-2.822780748663101
MFG-LINE-PLT-005-03,2022-10-17,3,62.1,56.6,80.769,44.46,63.6,-55.38,57.971014492753625,-13.511014492753624
MFG-LINE-PLT-005-01,2024-02-17,2,33.7,34.4,40.771,88.29,104.65,-38.08,106.82492581602374,-18.53492581602373
MFG-LINE-PLT-002-04,2024-09-29,3,16.2,14.1,20.314,177.15,255.32,-49.9,222.22222222222223,-45.07222222222222
MFG-LINE-PLT-010-03,2020-09-13,1,34.2,34.8,40.544,88.75,103.45,-32.27,105.26315789473684,-16.513157894736835
MFG-LINE-PLT-008-02,2023-08-28,1,36.9,38.7,61.656,58.24,93.02,-48.56,97.5609756097561,-39.3209756097561
MFG-LINE-PLT-009-02,2021-04-03,1,40.5,33.0,37.26,96.51,109.09,-29.39,88.88888888888889,7.621111111111119
MFG-LINE-PLT-004-02,2022-10-22,2,244.9,225.0,302.488,11.88,16.0,-33.61,14.699877501020824,-2.819877501020823
MFG-LINE-PLT-003-01,2023-01-30,2,21.2,20.5,36.706,98.07,175.61,-68.11,169.81132075471697,-71.74132075471698
MFG-LINE-PLT-003-02,2024-04-06,1,42.0,36.5,59.128,60.81,98.63,-48.37,85.71428571428571,-24.904285714285706
MFG-LINE-PLT-001-02,2020-07-15,2,62.4,50.8,55.25,65.14,70.87,-16.05,57.69230769230769,7.447692307692307
MFG-LINE-PLT-010-01,2024-01-17,3,267.8,279.7,348.702,10.22,12.87,-29.7,13.44286781179985,-3.2228678117998495
MFG-LINE-PLT-002-01,2022-01-09,1,43.4,38.1,47.621,75.52,94.49,-30.43,82.94930875576037,-7.429308755760374
MFG-LINE-PLT-002-02,2023-06-26,2,14.0,12.8,14.614,246.29,281.25,-14.84,257.14285714285717,-10.852857142857175
MFG-LINE-PLT-008-01,2023-09-19,3,138.1,113.9,138.872,25.9,31.61,-23.48,26.06806661839247,-0.16806661839247283
MFG-LINE-PLT-002-02,2022-05-10,2,14.0,12.8,13.931,258.38,281.25,-8.09,257.14285714285717,1.2371428571428282
MFG-LINE-PLT-002-02,2022-06-14,1,14.0,12.8,13.979,257.49,281.25,-15.45,257.14285714285717,0.3471428571428419
MFG-LINE-PLT-004-04,2020-07-22,1,354.2,289.7,374.199,9.61,12.43,-29.89,10.163749294184077,-0.5537492941840778
MFG-LINE-PLT-004-04,2020-07-27,1,354.2,289.7,328.973,10.87,12.43,-26.8,10.163749294184077,0.706250705815922
MFG-LINE-PLT-006-02,2023-12-12,2,6.4,6.6,7.885,456.46,545.45,-23.59,562.5,-106.04000000000002
MFG-LINE-PLT-003-02,2020-01-23,2,42.0,36.5,43.427,82.82,98.63,-46.44,85.71428571428571,-2.894285714285715
MFG-LINE-PLT-003-01,2024-03-31,1,21.2,20.5,26.475,135.94,175.61,-31.84,169.81132075471697,-33.871320754716976
MFG-LINE-PLT-005-06,2020-06-08,2,73.7,75.0,84.544,42.52,48.0,-30.27,48.846675712347356,-6.3266757123473525
MFG-LINE-PLT-003-03,2020-04-01,3,11.0,9.6,10.92,329.59,375.0,-29.81,327.27272727272725,2.317272727272723
MFG-LINE-PLT-009-02,2020-07-10,1,40.5,33.0,53.713,66.96,109.09,-53.34,88.88888888888889,-21.928888888888892
MFG-LINE-PLT-008-01,2022-10-13,1,138.1,113.9,121.759,29.44,31.61,-16.17,26.06806661839247,3.37193338160753
MFG-LINE-PLT-009-01,2022-01-05,1,63.4,62.8,69.759,51.57,57.32,-42.14,56.782334384858046,-5.212334384858046
MFG-LINE-PLT-010-03,2021-12-31,1,34.2,34.8,41.312,86.97,103.45,-47.66,105.26315789473684,-18.293157894736837
MFG-LINE-PLT-004-05,2024-07-12,1,156.1,151.3,245.404,14.55,23.79,-43.5,23.062139654067906,-8.512139654067905
MFG-LINE-PLT-005-01,2023-05-30,2,33.7,34.4,40.009,89.97,104.65,-26.56,106.82492581602374,-16.854925816023737
MFG-LINE-PLT-003-03,2023-10-01,2,11.0,9.6,12.709,283.19,375.0,-51.64,327.27272727272725,-44.082727272727254
MFG-LINE-PLT-004-03,2022-04-23,2,138.3,132.9,149.012,24.13,27.09,-15.62,26.030368763557483,-1.9003687635574842
MFG-LINE-PLT-004-01,2022-01-30,1,224.5,209.4,210.47,17.01,17.19,-42.97,16.035634743875278,0.9743652561247238
MFG-LINE-PLT-002-04,2024-09-14,2,16.2,14.1,16.498,218.07,255.32,-21.76,222.22222222222223,-4.152222222222235
MFG-LINE-PLT-005-06,2020-09-19,1,73.7,75.0,85.458,41.95,48.0,-46.7,48.846675712347356,-6.896675712347353
MFG-LINE-PLT-009-02,2023-02-05,1,40.5,33.0,38.015,94.56,109.09,-38.95,88.88888888888889,5.6711111111111165
MFG-LINE-PLT-008-02,2022-05-31,1,36.9,38.7,49.861,72.2,93.02,-33.74,97.5609756097561,-25.360975609756096
MFG-LINE-PLT-010-02,2022-07-09,1,328.4,290.9,310.914,11.51,12.38,-12.22,10.962241169305726,0.5477588306942742
MFG-LINE-PLT-005-02,2021-03-27,3,53.5,47.5,57.29,62.66,75.79,-42.63,67.28971962616822,-4.6297196261682245
MFG-LINE-PLT-008-02,2024-08-22,1,36.9,38.7,48.734,73.73,93.02,-30.42,97.5609756097561,-23.830975609756095
MFG-LINE-PLT-005-04,2022-08-13,3,51.5,46.6,66.515,53.95,77.25,-48.28,69.90291262135922,-15.952912621359218
MFG-LINE-PLT-009-02,2022-01-12,1,40.5,33.0,34.937,102.91,109.09,-33.33,88.88888888888889,14.02111111111111
MFG-LINE-PLT-005-06,2024-10-08,2,73.7,75.0,102.806,34.87,48.0,-45.16,48.846675712347356,-13.976675712347358
MFG-LINE-PLT-006-02,2020-02-20,1,6.4,6.6,6.872,523.74,545.45,-9.26,562.5,-38.75999999999999
MFG-LINE-PLT-004-02,2020-11-16,2,244.9,225.0,297.675,12.02,16.0,-45.95,14.699877501020824,-2.6798775010208242
MFG-LINE-PLT-010-04,2021-06-01,3,298.9,264.3,363.592,9.86,13.62,-41.18,12.04416192706591,-2.18416192706591
MFG-LINE-PLT-005-04,2023-01-09,3,51.5,46.6,66.594,54.0,77.25,-32.94,69.90291262135922,-15.90291262135922
MFG-LINE-PLT-010-02,2023-03-12,1,328.4,290.9,325.616,11.05,12.38,-12.24,10.962241169305726,0.08775883069427515
MFG-LINE-PLT-001-02,2021-11-24,3,62.4,50.8,90.039,39.92,70.87,-47.33,57.69230769230769,-17.77230769230769
MFG-LINE-PLT-003-04,2023-12-01,2,30.3,27.1,32.136,111.96,132.84,-18.75,118.8118811881188,-6.85188118811881
MFG-LINE-PLT-007-01,2021-07-09,1,177.7,170.1,197.061,18.27,21.16,-20.0,20.258863252673045,-1.9888632526730454
MFG-LINE-PLT-003-02,2022-06-03,2,42.0,36.5,43.918,81.75,98.63,-57.51,85.71428571428571,-3.964285714285708
MFG-LINE-PLT-007-02,2022-06-10,1,238.3,231.6,254.105,14.11,15.54,-22.81,15.107007973143096,-0.9970079731430967
MFG-LINE-PLT-009-01,2024-05-27,1,63.4,62.8,80.132,44.9,57.32,-38.5,56.782334384858046,-11.882334384858048
MFG-LINE-PLT-004-07,2022-08-05,1,224.4,199.4,326.607,10.79,18.05,-70.15,16.0427807486631,-5.252780748663103
MFG-LINE-PLT-010-01,2022-03-19,1,267.8,279.7,355.702,10.07,12.87,-41.24,13.44286781179985,-3.37286781179985
MFG-LINE-PLT-010-01,2023-10-22,2,267.8,279.7,307.987,11.58,12.87,-18.89,13.44286781179985,-1.86286781179985
MFG-LINE-PLT-010-01,2021-02-16,2,267.8,279.7,508.538,6.89,12.87,-80.61,13.44286781179985,-6.5528678117998505
MFG-LINE-PLT-004-02,2023-05-19,1,244.9,225.0,252.628,14.18,16.0,-29.27,14.699877501020824,-0.5198775010208241
MFG-LINE-PLT-004-01,2021-07-04,1,224.5,209.4,223.071,15.67,17.19,-81.06,16.035634743875278,-0.36563474387527783
MFG-LINE-PLT-008-01,2024-09-17,2,138.1,113.9,153.598,23.25,31.61,-56.68,26.06806661839247,-2.8180666183924714
MFG-LINE-PLT-009-01,2021-08-22,1,63.4,62.8,82.097,43.84,57.32,-46.27,56.782334384858046,-12.942334384858043
MFG-LINE-PLT-006-02,2021-02-14,2,6.4,6.6,7.348,489.87,545.45,-13.65,562.5,-72.63
MFG-LINE-PLT-005-06,2024-02-10,3,73.7,75.0,87.812,40.99,48.0,-47.34,48.846675712347356,-7.856675712347354
MFG-LINE-PLT-010-04,2020-12-21,1,298.9,264.3,340.722,10.56,13.62,-39.62,12.04416192706591,-1.4841619270659088
MFG-LINE-PLT-008-01,2021-03-24,2,138.1,113.9,154.3,23.28,31.61,-37.66,26.06806661839247,-2.7880666183924703
MFG-LINE-PLT-009-02,2021-02-16,2,40.5,33.0,39.125,91.97,109.09,-36.06,88.88888888888889,3.081111111111113
MFG-LINE-PLT-003-01,2022-12-24,2,21.2,20.5,22.865,157.37,175.61,-18.53,169.81132075471697,-12.441320754716969
MFG-LINE-PLT-002-01,2024-09-21,2,43.4,38.1,50.733,70.95,94.49,-30.98,82.94930875576037,-11.999308755760367
MFG-LINE-PLT-001-02,2023-09-24,2,62.4,50.8,61.706,58.3,70.87,-29.33,57.69230769230769,0.6076923076923038
MFG-LINE-PLT-001-02,2022-08-10,1,62.4,50.8,53.494,67.14,70.87,-23.95,57.69230769230769,9.447692307692307
MFG-LINE-PLT-005-04,2021-06-30,1,51.5,46.6,48.659,73.95,77.25,-18.43,69.90291262135922,4.047087378640782
MFG-LINE-PLT-003-03,2024-01-08,2,11.0,9.6,10.778,333.82,375.0,-50.19,327.27272727272725,6.547272727272741
MFG-LINE-PLT-002-03,2022-03-11,1,45.8,43.7,45.946,78.28,82.38,-18.12,78.60262008733625,-0.32262008733624725
MFG-LINE-PLT-010-03,2023-10-02,1,34.2,34.8,57.314,62.76,103.45,-51.81,105.26315789473684,-42.50315789473684
MFG-LINE-PLT-005-02,2023-06-14,2,53.5,47.5,52.322,68.7,75.79,-20.5,67.28971962616822,1.4102803738317817
MFG-LINE-PLT-009-02,2023-10-15,3,40.5,33.0,40.92,87.88,109.09,-28.2,88.88888888888889,-1.0088888888888903
MFG-LINE-PLT-004-02,2024-01-17,1,244.9,225.0,238.63,14.93,16.0,-31.3,14.699877501020824,0.23012249897917592
MFG-LINE-PLT-004-03,2024-08-23,1,138.3,132.9,147.863,24.21,27.09,-29.17,26.030368763557483,-1.8203687635574823
MFG-LINE-PLT-001-02,2022-05-07,1,62.4,50.8,53.644,67.01,70.87,-9.04,57.69230769230769,9.317692307692312
MFG-LINE-PLT-009-02,2024-02-06,2,40.5,33.0,40.188,89.48,109.09,-24.25,88.88888888888889,0.5911111111111182
MFG-LINE-PLT-003-02,2023-09-21,3,42.0,36.5,52.526,68.49,98.63,-62.06,85.71428571428571,-17.224285714285713
MFG-LINE-PLT-002-04,2022-03-05,3,16.2,14.1,24.523,146.7,255.32,-56.81,222.22222222222223,-75.52222222222224
MFG-LINE-PLT-001-02,2021-05-04,1,62.4,50.8,64.725,55.53,70.87,-39.96,57.69230769230769,-2.1623076923076923
MFG-LINE-PLT-005-03,2024-07-23,2,62.1,56.6,61.74,58.22,63.6,-26.06,57.971014492753625,0.24898550724637403
MFG-LINE-PLT-005-02,2020-08-19,3,53.5,47.5,61.136,58.88,75.79,-28.24,67.28971962616822,-8.409719626168219
MFG-LINE-PLT-005-04,2022-01-03,1,51.5,46.6,50.961,70.48,77.25,-50.18,69.90291262135922,0.5770873786407833
MFG-LINE-PLT-004-01,2020-05-25,1,224.5,209.4,238.077,15.01,17.19,-26.36,16.035634743875278,-1.025634743875278
MFG-LINE-PLT-005-01,2021-01-26,1,33.7,34.4,37.188,96.69,104.65,-11.91,106.82492581602374,-10.134925816023738
MFG-LINE-PLT-007-02,2024-11-15,1,238.3,231.6,254.535,14.13,15.54,-33.63,15.107007973143096,-0.9770079731430954
MFG-LINE-PLT-010-02,2023-08-24,3,328.4,290.9,364.594,9.66,12.38,-56.32,10.962241169305726,-1.3022411693057254
MFG-LINE-PLT-006-01,2020-08-28,1,25.7,24.6,26.241,137.02,146.34,-45.29,140.07782101167317,-3.0578210116731555
MFG-LINE-PLT-004-03,2021-01-05,1,138.3,132.9,150.138,23.85,27.09,-34.76,26.030368763557483,-2.1803687635574818
MFG-LINE-PLT-008-02,2021-12-07,2,36.9,38.7,44.51,80.76,93.02,-15.2,97.5609756097561,-16.800975609756094
MFG-LINE-PLT-004-07,2021-05-16,2,224.4,199.4,222.678,16.0,18.05,-40.94,16.0427807486631,-0.042780748663101775
MFG-LINE-PLT-010-03,2021-01-07,1,34.2,34.8,39.123,91.94,103.45,-15.22,105.26315789473684,-13.323157894736838
MFG-LINE-PLT-004-03,2023-02-21,3,138.3,132.9,170.83,20.83,27.09,-59.43,26.030368763557483,-5.200368763557485
MFG-LINE-PLT-005-05,2023-04-22,1,59.9,61.0,101.135,35.59,59.02,-44.87,60.10016694490818,-24.51016694490818
MFG-LINE-PLT-010-02,2020-06-12,2,328.4,290.9,327.042,10.9,12.38,-21.51,10.962241169305726,-0.06224116930572521
MFG-LINE-PLT-003-02,2020-03-12,1,42.0,36.5,38.132,94.35,98.63,-18.42,85.71428571428571,8.635714285714286
MFG-LINE-PLT-001-01,2024-07-29,3,25.4,20.4,23.474,153.31,176.47,-28.28,141.73228346456693,11.577716535433069
MFG-LINE-PLT-002-01,2021-03-02,3,43.4,38.1,43.851,82.03,94.49,-40.36,82.94930875576037,-0.919308755760369
MFG-LINE-PLT-010-03,2022-08-24,1,34.2,34.8,40.271,89.3,103.45,-36.02,105.26315789473684,-15.963157894736838
MFG-LINE-PLT-005-04,2024-01-07,1,51.5,46.6,76.031,47.2,77.25,-58.2,69.90291262135922,-22.702912621359218
MFG-LINE-PLT-010-04,2024-12-09,1,298.9,264.3,298.066,11.96,13.62,-27.62,12.04416192706591,-0.08416192706590842
MFG-LINE-PLT-004-05,2022-01-04,3,156.1,151.3,212.568,16.89,23.79,-33.14,23.062139654067906,-6.172139654067905
MFG-LINE-PLT-003-05,2024-05-02,2,39.9,39.1,45.865,78.36,92.07,-19.94,90.22556390977444,-11.865563909774437
MFG-LINE-PLT-005-04,2023-08-10,2,51.5,46.6,79.116,45.49,77.25,-46.32,69.90291262135922,-24.41291262135922
MFG-LINE-PLT-002-02,2024-05-15,1,14.0,12.8,13.636,263.91,281.25,-17.57,257.14285714285717,6.767142857142858
MFG-LINE-PLT-005-06,2024-02-01,2,73.7,75.0,90.6,39.71,48.0,-34.29,48.846675712347356,-9.136675712347355
MFG-LINE-PLT-003-02,2023-05-01,2,42.0,36.5,45.201,79.6,98.63,-38.71,85.71428571428571,-6.114285714285714
MFG-LINE-PLT-005-02,2022-07-26,1,53.5,47.5,60.34,59.65,75.79,-22.74,67.28971962616822,-7.6397196261682225
MFG-LINE-PLT-009-01,2021-08-06,1,63.4,62.8,70.869,50.78,57.32,-18.54,56.782334384858046,-6.002334384858045
MFG-LINE-PLT-005-03,2024-06-04,1,62.1,56.6,73.746,48.67,63.6,-47.73,57.971014492753625,-9.301014492753623
MFG-LINE-PLT-001-01,2020-01-05,3,25.4,20.4,24.718,145.63,176.47,-34.21,141.73228346456693,3.8977165354330623
MFG-LINE-PLT-006-01,2024-11-29,1,25.7,24.6,32.943,109.18,146.34,-43.3,140.07782101167317,-30.89782101167316
MFG-LINE-PLT-006-02,2020-08-31,1,6.4,6.6,6.844,525.92,545.45,-10.87,562.5,-36.58000000000004
MFG-LINE-PLT-010-01,2020-07-15,1,267.8,279.7,354.49,10.1,12.87,-36.73,13.44286781179985,-3.3428678117998505
MFG-LINE-PLT-001-02,2022-09-11,1,62.4,50.8,65.656,54.8,70.87,-29.19,57.69230769230769,-2.8923076923076962
MFG-LINE-PLT-004-06,2021-11-03,1,126.5,112.6,127.256,28.25,31.97,-24.3,28.458498023715414,-0.20849802371541415
MFG-LINE-PLT-005-05,2021-12-28,1,59.9,61.0,76.511,47.01,59.02,-27.25,60.10016694490818,-13.090166944908184
MFG-LINE-PLT-002-03,2024-01-25,2,45.8,43.7,48.367,74.42,82.38,-20.32,78.60262008733625,-4.182620087336247
MFG-LINE-PLT-004-06,2024-05-10,3,126.5,112.6,155.734,23.08,31.97,-28.82,28.458498023715414,-5.378498023715416
MFG-LINE-PLT-007-01,2022-02-01,1,177.7,170.1,177.493,20.28,21.16,-13.5,20.258863252673045,0.02113674732695614
MFG-LINE-PLT-003-01,2024-01-28,3,21.2,20.5,23.836,151.0,175.61,-27.6,169.81132075471697,-18.811320754716974
MFG-LINE-PLT-002-03,2020-04-02,2,45.8,43.7,56.386,63.74,82.38,-34.83,78.60262008733625,-14.862620087336246
MFG-LINE-PLT-010-02,2020-01-25,2,328.4,290.9,352.89,10.1,12.38,-26.8,10.962241169305726,-0.8622411693057259
MFG-LINE-PLT-004-07,2020-05-05,2,224.4,199.4,236.139,15.24,18.05,-29.41,16.0427807486631,-0.8027807486631016
MFG-LINE-PLT-006-01,2021-05-16,1,25.7,24.6,27.657,130.15,146.34,-48.61,140.07782101167317,-9.92782101167316
MFG-LINE-PLT-002-02,2021-12-28,1,14.0,12.8,14.583,246.82,281.25,-22.57,257.14285714285717,-10.322857142857174
MFG-LINE-PLT-003-05,2022-01-20,1,39.9,39.1,40.996,87.71,92.07,-18.71,90.22556390977444,-2.5155639097744427
MFG-LINE-PLT-010-03,2021-05-12,1,34.2,34.8,40.039,89.76,103.45,-28.67,105.26315789473684,-15.50315789473683
MFG-LINE-PLT-009-02,2021-12-08,1,40.5,33.0,35.167,102.21,109.09,-22.22,88.88888888888889,13.321111111111108
MFG-LINE-PLT-005-04,2021-04-12,3,51.5,46.6,65.121,55.24,77.25,-41.55,69.90291262135922,-14.662912621359219
MFG-LINE-PLT-002-01,2020-09-12,2,43.4,38.1,42.235,85.23,94.49,-34.29,82.94930875576037,2.280691244239634
MFG-LINE-PLT-003-04,2024-10-13,2,30.3,27.1,29.704,121.16,132.84,-19.74,118.8118811881188,2.348118811881193
MFG-LINE-PLT-002-02,2020-07-18,3,14.0,12.8,15.753,228.42,281.25,-23.45,257.14285714285717,-28.72285714285718
MFG-LINE-PLT-005-04,2024-04-24,1,51.5,46.6,54.089,66.53,77.25,-28.49,69.90291262135922,-3.3729126213592195
MFG-LINE-PLT-005-04,2023-10-15,1,51.5,46.6,59.649,60.25,77.25,-40.83,69.90291262135922,-9.65291262135922
MFG-LINE-PLT-002-02,2020-12-28,2,14.0,12.8,21.343,168.65,281.25,-46.55,257.14285714285717,-88.49285714285716
MFG-LINE-PLT-004-03,2022-10-17,1,138.3,132.9,171.828,20.83,27.09,-39.91,26.030368763557483,-5.200368763557485
MFG-LINE-PLT-010-01,2023-07-15,3,267.8,279.7,353.211,10.17,12.87,-47.47,13.44286781179985,-3.27286781179985
MFG-LINE-PLT-003-02,2023-01-21,2,42.0,36.5,44.406,80.92,98.63,-33.94,85.71428571428571,-4.7942857142857065
MFG-LINE-PLT-005-04,2020-11-24,1,51.5,46.6,47.781,75.26,77.25,-7.83,69.90291262135922,5.357087378640784
MFG-LINE-PLT-006-02,2021-10-23,1,6.4,6.6,8.307,433.27,545.45,-29.08,562.5,-129.23000000000002
MFG-LINE-PLT-003-02,2022-04-27,2,42.0,36.5,51.034,70.48,98.63,-69.59,85.71428571428571,-15.234285714285704
MFG-LINE-PLT-005-06,2020-08-07,2,73.7,75.0,91.626,39.19,48.0,-46.67,48.846675712347356,-9.656675712347358
MFG-LINE-PLT-010-02,2023-02-10,3,328.4,290.9,347.366,10.2,12.38,-42.05,10.962241169305726,-0.7622411693057263
MFG-LINE-PLT-002-02,2024-12-29,2,14.0,12.8,16.792,214.3,281.25,-27.34,257.14285714285717,-42.842857142857156
MFG-LINE-PLT-010-01,2020-06-12,2,267.8,279.7,333.264,10.67,12.87,-42.27,13.44286781179985,-2.77286781179985
MFG-LINE-PLT-005-04,2020-04-22,1,51.5,46.6,52.848,67.99,77.25,-48.27,69.90291262135922,-1.9129126213592258
MFG-LINE-PLT-007-02,2021-07-21,2,238.3,231.6,276.61,12.9,15.54,-45.45,15.107007973143096,-2.207007973143096
MFG-LINE-PLT-005-02,2023-06-05,3,53.5,47.5,66.731,53.94,75.79,-30.0,67.28971962616822,-13.349719626168223
MFG-LINE-PLT-007-01,2021-10-11,2,177.7,170.1,223.103,16.04,21.16,-38.16,20.258863252673045,-4.218863252673046
MFG-LINE-PLT-005-03,2022-03-09,2,62.1,56.6,68.636,52.35,63.6,-30.63,57.971014492753625,-5.621014492753623
MFG-LINE-PLT-010-04,2022-07-11,2,298.9,264.3,286.996,12.47,13.62,-18.18,12.04416192706591,0.42583807293409137
MFG-LINE-PLT-005-01,2024-03-21,2,33.7,34.4,45.988,78.23,104.65,-30.59,106.82492581602374,-28.594925816023732
MFG-LINE-PLT-002-04,2023-09-28,1,16.2,14.1,14.847,242.46,255.32,-13.22,222.22222222222223,20.23777777777778
MFG-LINE-PLT-004-02,2024-11-25,2,244.9,225.0,294.037,12.19,16.0,-35.48,14.699877501020824,-2.5098775010208243
MFG-LINE-PLT-003-03,2024-02-17,1,11.0,9.6,15.61,230.56,375.0,-45.28,327.27272727272725,-96.71272727272725
MFG-LINE-PLT-001-01,2021-08-23,1,25.4,20.4,24.039,149.65,176.47,-29.29,141.73228346456693,7.9177165354330725
MFG-LINE-PLT-010-02,2021-10-05,1,328.4,290.9,314.447,11.36,12.38,-15.62,10.962241169305726,0.39775883069427387
MFG-LINE-PLT-003-04,2021-07-24,3,30.3,27.1,34.313,104.81,132.84,-34.14,118.8118811881188,-14.001881188118801
MFG-LINE-PLT-005-02,2022-03-04,1,53.5,47.5,53.239,67.49,75.79,-14.44,67.28971962616822,0.20028037383177377
MFG-LINE-PLT-002-03,2021-04-22,3,45.8,43.7,50.572,71.13,82.38,-26.32,78.60262008733625,-7.472620087336253
MFG-LINE-PLT-002-02,2023-09-17,2,14.0,12.8,14.736,244.26,281.25,-13.12,257.14285714285717,-12.882857142857176
MFG-LINE-PLT-004-01,2021-05-08,2,224.5,209.4,247.536,14.41,17.19,-42.86,16.035634743875278,-1.6256347438752776
MFG-LINE-PLT-002-02,2021-02-11,1,14.0,12.8,13.5,266.54,281.25,-5.2,257.14285714285717,9.397142857142853
MFG-LINE-PLT-004-01,2022-08-01,2,224.5,209.4,232.077,15.45,17.19,-32.03,16.035634743875278,-0.5856347438752785
MFG-LINE-PLT-004-07,2021-05-22,1,224.4,199.4,221.177,16.14,18.05,-50.0,16.0427807486631,0.0972192513368988
MFG-LINE-PLT-004-01,2024-12-22,1,224.5,209.4,241.255,14.84,17.19,-24.41,16.035634743875278,-1.195634743875278
MFG-LINE-PLT-002-04,2021-02-17,1,16.2,14.1,16.281,221.11,255.32,-32.22,222.22222222222223,-1.112222222222215
MFG-LINE-PLT-003-02,2022-02-04,2,42.0,36.5,40.154,89.6,98.63,-24.44,85.71428571428571,3.885714285714286
MFG-LINE-PLT-010-02,2024-07-28,2,328.4,290.9,348.238,10.24,12.38,-32.61,10.962241169305726,-0.7222411693057254
MFG-LINE-PLT-005-02,2021-07-01,1,53.5,47.5,60.353,59.53,75.79,-24.31,67.28971962616822,-7.75971962616822
MFG-LINE-PLT-008-01,2021-01-15,2,138.1,113.9,122.755,29.17,31.61,-32.48,26.06806661839247,3.1019333816075303
MFG-LINE-PLT-010-04,2021-02-15,2,298.9,264.3,315.096,11.41,13.62,-26.85,12.04416192706591,-0.6341619270659091
MFG-LINE-PLT-006-01,2024-09-20,1,25.7,24.6,31.173,115.45,146.34,-34.39,140.07782101167317,-24.627821011673163
MFG-LINE-PLT-004-03,2022-03-20,2,138.3,132.9,160.614,22.31,27.09,-54.72,26.030368763557483,-3.7203687635574845
MFG-LINE-PLT-008-02,2023-07-14,2,36.9,38.7,46.277,77.76,93.02,-18.86,97.5609756097561,-19.800975609756094
MFG-LINE-PLT-010-04,2022-02-03,1,298.9,264.3,428.901,8.25,13.62,-45.74,12.04416192706591,-3.7941619270659093
MFG-LINE-PLT-004-02,2020-12-14,1,244.9,225.0,251.989,14.26,16.0,-27.56,14.699877501020824,-0.439877501020824
MFG-LINE-PLT-002-04,2022-07-06,3,16.2,14.1,16.507,217.95,255.32,-45.42,222.22222222222223,-4.27222222222224
MFG-LINE-PLT-002-01,2023-04-13,3,43.4,38.1,48.101,74.73,94.49,-36.2,82.94930875576037,-8.219308755760366
MFG-LINE-PLT-004-07,2024-06-29,1,224.4,199.4,227.565,15.78,18.05,-28.57,16.0427807486631,-0.2627807486631024
MFG-LINE-PLT-005-02,2021-06-24,3,53.5,47.5,59.865,60.0,75.79,-36.44,67.28971962616822,-7.289719626168221
MFG-LINE-PLT-009-01,2021-08-19,3,63.4,62.8,88.264,40.69,57.32,-48.58,56.782334384858046,-16.09233438485805
MFG-LINE-PLT-004-06,2024-02-04,1,126.5,112.6,140.776,25.52,31.97,-26.89,28.458498023715414,-2.9384980237154146
MFG-LINE-PLT-004-03,2022-05-24,1,138.3,132.9,145.595,24.68,27.09,-40.28,26.030368763557483,-1.3503687635574835
MFG-LINE-PLT-006-02,2020-03-10,2,6.4,6.6,7.205,499.55,545.45,-22.92,562.5,-62.94999999999999
MFG-LINE-PLT-002-03,2024-08-31,2,45.8,43.7,51.14,70.39,82.38,-33.73,78.60262008733625,-8.212620087336248
MFG-LINE-PLT-005-02,2020-04-07,1,53.5,47.5,58.165,61.88,75.79,-18.32,67.28971962616822,-5.4097196261682186
MFG-LINE-PLT-005-03,2020-01-01,1,62.1,56.6,65.447,55.0,63.6,-38.02,57.971014492753625,-2.971014492753625
MFG-LINE-PLT-004-01,2023-12-07,3,224.5,209.4,268.82,13.36,17.19,-29.46,16.035634743875278,-2.6756347438752783
MFG-LINE-PLT-003-01,2020-02-12,2,21.2,20.5,27.787,129.53,175.61,-39.43,169.81132075471697,-40.28132075471697
MFG-LINE-PLT-005-04,2023-07-01,2,51.5,46.6,56.696,63.31,77.25,-53.86,69.90291262135922,-6.592912621359218
MFG-LINE-PLT-006-01,2024-09-13,2,25.7,24.6,27.268,131.96,146.34,-46.83,140.07782101167317,-8.117821011673158
MFG-LINE-PLT-005-04,2023-07-26,1,51.5,46.6,52.398,68.67,77.25,-33.82,69.90291262135922,-1.232912621359219
MFG-LINE-PLT-010-01,2023-07-03,2,267.8,279.7,312.595,11.46,12.87,-20.2,13.44286781179985,-1.9828678117998493
MFG-LINE-PLT-002-04,2022-07-26,1,16.2,14.1,22.818,157.72,255.32,-40.05,222.22222222222223,-64.50222222222223
MFG-LINE-PLT-001-02,2020-12-29,1,62.4,50.8,66.053,54.37,70.87,-37.79,57.69230769230769,-3.322307692307696
MFG-LINE-PLT-010-03,2021-01-22,2,34.2,34.8,47.406,75.94,103.45,-27.67,105.26315789473684,-29.323157894736838
MFG-LINE-PLT-004-03,2020-01-19,2,138.3,132.9,184.071,19.38,27.09,-57.21,26.030368763557483,-6.650368763557484
MFG-LINE-PLT-002-04,2022-11-24,3,16.2,14.1,25.917,138.81,255.32,-57.27,222.22222222222223,-83.41222222222223
MFG-LINE-PLT-010-01,2021-08-25,2,267.8,279.7,301.67,11.79,12.87,-18.75,13.44286781179985,-1.652867811799851
MFG-LINE-PLT-004-01,2020-01-05,2,224.5,209.4,229.672,15.59,17.19,-31.82,16.035634743875278,-0.4456347438752779
MFG-LINE-PLT-002-04,2021-07-29,3,16.2,14.1,17.417,206.56,255.32,-25.45,222.22222222222223,-15.662222222222226
MFG-LINE-PLT-005-06,2021-10-29,2,73.7,75.0,88.407,40.66,48.0,-26.19,48.846675712347356,-8.186675712347359
MFG-LINE-PLT-005-04,2023-12-10,1,51.5,46.6,52.161,68.94,77.25,-43.73,69.90291262135922,-0.962912621359223
MFG-LINE-PLT-009-02,2023-03-12,1,40.5,33.0,37.161,96.75,109.09,-21.41,88.88888888888889,7.861111111111114
MFG-LINE-PLT-006-01,2024-06-01,2,25.7,24.6,29.237,123.03,146.34,-26.68,140.07782101167317,-17.047821011673165
MFG-LINE-PLT-007-01,2024-05-20,2,177.7,170.1,225.561,15.94,21.16,-42.38,20.258863252673045,-4.3188632526730455
MFG-LINE-PLT-004-02,2022-02-12,1,244.9,225.0,250.242,14.32,16.0,-15.93,14.699877501020824,-0.3798775010208235
MFG-LINE-PLT-010-03,2024-03-12,1,34.2,34.8,39.425,91.16,103.45,-49.18,105.26315789473684,-14.103157894736839
MFG-LINE-PLT-005-02,2021-01-28,3,53.5,47.5,57.969,62.04,75.79,-27.86,67.28971962616822,-5.249719626168222
MFG-LINE-PLT-008-01,2022-02-23,3,138.1,113.9,207.769,17.18,31.61,-58.87,26.06806661839247,-8.888066618392472
MFG-LINE-PLT-007-01,2021-09-16,3,177.7,170.1,217.062,16.49,21.16,-31.01,20.258863252673045,-3.7688632526730466
MFG-LINE-PLT-003-05,2022-04-06,2,39.9,39.1,45.45,79.19,92.07,-20.22,90.22556390977444,-11.035563909774439
MFG-LINE-PLT-005-04,2020-09-21,2,51.5,46.6,52.881,67.94,77.25,-26.63,69.90291262135922,-1.962912621359223
MFG-LINE-PLT-010-01,2021-09-01,3,267.8,279.7,349.921,10.16,12.87,-34.02,13.44286781179985,-3.28286781179985
MFG-LINE-PLT-009-02,2022-06-24,1,40.5,33.0,42.086,85.38,109.09,-62.38,88.88888888888889,-3.5088888888888903
MFG-LINE-PLT-004-03,2024-04-04,2,138.3,132.9,178.047,20.17,27.09,-31.31,26.030368763557483,-5.8603687635574815
MFG-LINE-PLT-003-02,2020-03-30,2,42.0,36.5,48.819,73.55,98.63,-52.97,85.71428571428571,-12.164285714285711
MFG-LINE-PLT-010-02,2023-07-26,1,328.4,290.9,487.0,7.31,12.38,-60.23,10.962241169305726,-3.652241169305726
MFG-LINE-PLT-004-01,2023-08-19,1,224.5,209.4,240.39,14.87,17.19,-46.34,16.035634743875278,-1.1656347438752785
MFG-LINE-PLT-008-02,2023-08-19,2,36.9,38.7,44.973,79.93,93.02,-41.62,97.5609756097561,-17.630975609756092
MFG-LINE-PLT-004-01,2020-07-19,1,224.5,209.4,224.926,15.92,17.19,-33.59,16.035634743875278,-0.11563474387527783
MFG-LINE-PLT-002-03,2020-09-10,3,45.8,43.7,54.411,66.12,82.38,-38.98,78.60262008733625,-12.482620087336244
MFG-LINE-PLT-005-05,2024-03-23,1,59.9,61.0,78.154,45.93,59.02,-42.73,60.10016694490818,-14.170166944908182
MFG-LINE-PLT-006-02,2020-11-21,1,6.4,6.6,7.424,484.9,545.45,-35.46,562.5,-77.60000000000002
MFG-LINE-PLT-001-01,2022-12-02,1,25.4,20.4,32.912,109.34,176.47,-49.77,141.73228346456693,-32.39228346456693
MFG-LINE-PLT-003-03,2021-09-12,1,11.0,9.6,12.083,297.91,375.0,-61.77,327.27272727272725,-29.362727272727227
MFG-LINE-PLT-009-01,2022-12-20,2,63.4,62.8,75.08,47.94,57.32,-37.56,56.782334384858046,-8.842334384858049
MFG-LINE-PLT-005-02,2020-11-27,1,53.5,47.5,61.122,58.84,75.79,-27.49,67.28971962616822,-8.449719626168218
MFG-LINE-PLT-005-01,2022-06-16,1,33.7,34.4,56.946,63.13,104.65,-55.6,106.82492581602374,-43.69492581602373
MFG-LINE-PLT-004-07,2021-05-14,2,224.4,199.4,222.206,16.12,18.05,-27.13,16.0427807486631,0.07721925133689922
MFG-LINE-PLT-010-04,2024-12-30,3,298.9,264.3,366.937,9.65,13.62,-45.0,12.04416192706591,-2.394161927065909
MFG-LINE-PLT-005-01,2021-08-20,3,33.7,34.4,42.143,85.36,104.65,-37.76,106.82492581602374,-21.464925816023737
MFG-LINE-PLT-002-01,2021-04-18,1,43.4,38.1,49.099,73.26,94.49,-51.44,82.94930875576037,-9.689308755760365
MFG-LINE-PLT-004-03,2023-08-18,3,138.3,132.9,169.668,21.09,27.09,-45.58,26.030368763557483,-4.940368763557483
MFG-LINE-PLT-003-02,2024-12-10,3,42.0,36.5,66.594,53.92,98.63,-54.84,85.71428571428571,-31.794285714285706
MFG-LINE-PLT-005-05,2020-07-24,3,59.9,61.0,70.723,50.75,59.02,-25.3,60.10016694490818,-9.350166944908182
MFG-LINE-PLT-009-02,2022-05-06,1,40.5,33.0,37.764,95.28,109.09,-19.79,88.88888888888889,6.391111111111115
MFG-LINE-PLT-003-02,2020-12-14,2,42.0,36.5,41.096,87.48,98.63,-37.86,85.71428571428571,1.7657142857142958
MFG-LINE-PLT-001-01,2021-07-05,3,25.4,20.4,24.763,145.3,176.47,-24.34,141.73228346456693,3.567716535433078
MFG-LINE-PLT-002-02,2022-04-23,3,14.0,12.8,17.966,200.19,281.25,-49.87,257.14285714285717,-56.95285714285717
MFG-LINE-PLT-003-04,2024-05-03,2,30.3,27.1,35.697,100.81,132.84,-35.19,118.8118811881188,-18.0018811881188
MFG-LINE-PLT-005-02,2021-10-25,3,53.5,47.5,84.518,42.56,75.79,-49.82,67.28971962616822,-24.72971962616822
MFG-LINE-PLT-005-01,2022-04-02,2,33.7,34.4,37.181,96.69,104.65,-19.68,106.82492581602374,-10.134925816023738
MFG-LINE-PLT-005-04,2024-03-05,1,51.5,46.6,52.006,69.17,77.25,-27.13,69.90291262135922,-0.732912621359219
MFG-LINE-PLT-005-03,2024-03-31,2,62.1,56.6,68.716,52.36,63.6,-41.62,57.971014492753625,-5.611014492753625
MFG-LINE-PLT-003-05,2020-03-03,2,39.9,39.1,43.59,82.49,92.07,-20.88,90.22556390977444,-7.7355639097744415
MFG-LINE-PLT-006-02,2024-07-05,3,6.4,6.6,7.791,461.94,545.45,-33.79,562.5,-100.56
MFG-LINE-PLT-005-03,2022-11-09,1,62.1,56.6,63.849,56.37,63.6,-39.75,57.971014492753625,-1.6010144927536274
MFG-LINE-PLT-005-05,2021-02-21,1,59.9,61.0,68.433,52.45,59.02,-32.04,60.10016694490818,-7.650166944908179
MFG-LINE-PLT-003-04,2020-06-14,2,30.3,27.1,30.065,119.72,132.84,-24.22,118.8118811881188,0.9081188118811951
MFG-LINE-PLT-004-07,2024-12-09,2,224.4,199.4,218.874,16.33,18.05,-18.52,16.0427807486631,0.2872192513368965
MFG-LINE-PLT-005-02,2020-10-05,1,53.5,47.5,54.879,65.6,75.79,-14.93,67.28971962616822,-1.6897196261682268
MFG-LINE-PLT-002-01,2023-06-05,2,43.4,38.1,41.001,87.8,94.49,-23.38,82.94930875576037,4.850691244239627
MFG-LINE-PLT-005-03,2020-03-04,2,62.1,56.6,96.474,37.31,63.6,-50.42,57.971014492753625,-20.661014492753623
MFG-LINE-PLT-008-02,2024-12-07,1,36.9,38.7,43.645,82.46,93.02,-38.05,97.5609756097561,-15.100975609756105
MFG-LINE-PLT-008-02,2021-03-20,1,36.9,38.7,48.589,74.03,93.02,-26.73,97.5609756097561,-23.530975609756098
MFG-LINE-PLT-008-01,2020-07-15,2,138.1,113.9,130.646,27.52,31.61,-31.06,26.06806661839247,1.4519333816075282
MFG-LINE-PLT-002-02,2020-06-13,3,14.0,12.8,18.3,196.63,281.25,-32.83,257.14285714285717,-60.51285714285717
MFG-LINE-PLT-006-01,2023-09-15,2,25.7,24.6,27.596,130.36,146.34,-22.73,140.07782101167317,-9.717821011673152
MFG-LINE-PLT-005-02,2022-05-14,3,53.5,47.5,67.502,53.2,75.79,-38.62,67.28971962616822,-14.089719626168218
MFG-LINE-PLT-004-07,2024-01-14,2,224.4,199.4,265.15,13.17,18.05,-85.04,16.0427807486631,-2.872780748663102
MFG-LINE-PLT-003-04,2024-05-01,1,30.3,27.1,28.123,127.89,132.84,-26.97,118.8118811881188,9.078118811881197
MFG-LINE-PLT-010-01,2024-02-06,1,267.8,279.7,296.086,12.04,12.87,-28.12,13.44286781179985,-1.402867811799851
MFG-LINE-PLT-001-01,2020-01-27,3,25.4,20.4,30.052,119.62,176.47,-57.12,141.73228346456693,-22.11228346456693
MFG-LINE-PLT-008-02,2024-11-14,3,36.9,38.7,48.208,74.59,93.02,-24.1,97.5609756097561,-22.970975609756096
MFG-LINE-PLT-003-01,2024-07-08,1,21.2,20.5,23.32,154.28,175.61,-36.89,169.81132075471697,-15.531320754716972
MFG-LINE-PLT-004-07,2023-06-17,3,224.4,199.4,288.007,12.44,18.05,-48.53,16.0427807486631,-3.6027807486631023
MFG-LINE-PLT-008-02,2022-09-21,1,36.9,38.7,40.768,88.2,93.02,-10.12,97.5609756097561,-9.360975609756096
MFG-LINE-PLT-005-04,2024-03-20,3,51.5,46.6,54.093,66.51,77.25,-46.98,69.90291262135922,-3.3929126213592156
MFG-LINE-PLT-010-01,2022-03-26,3,267.8,279.7,346.25,10.31,12.87,-25.81,13.44286781179985,-3.1328678117998496
MFG-LINE-PLT-004-06,2020-07-23,2,126.5,112.6,190.992,18.83,31.97,-42.69,28.458498023715414,-9.628498023715416
MFG-LINE-PLT-003-04,2021-08-18,1,30.3,27.1,34.319,104.77,132.84,-35.1,118.8118811881188,-14.041881188118808
MFG-LINE-PLT-004-01,2020-04-21,3,224.5,209.4,268.406,13.4,17.19,-26.56,16.035634743875278,-2.6356347438752774
MFG-LINE-PLT-008-02,2024-08-17,2,36.9,38.7,45.553,78.96,93.02,-44.32,97.5609756097561,-18.600975609756105
MFG-LINE-PLT-007-01,2022-04-12,1,177.7,170.1,190.443,18.78,21.16,-23.81,20.258863252673045,-1.4788632526730439
MFG-LINE-PLT-005-03,2024-04-03,2,62.1,56.6,63.693,56.52,63.6,-21.1,57.971014492753625,-1.4510144927536217
MFG-LINE-PLT-002-02,2021-09-24,1,14.0,12.8,13.031,276.24,281.25,-36.23,257.14285714285717,19.097142857142842
MFG-LINE-PLT-003-02,2023-02-21,1,42.0,36.5,47.088,76.43,98.63,-50.21,85.71428571428571,-9.284285714285701
