Supplier_ID,Manufacturer_ID,Forecasted_Demand,Raw_Material_Availability,Reliability_Score,Delivery_Delay,Supplier_High_Risk_Probability,Supplier_Risk_Level
S039,M002,856,726,0.88,2,1.3912259e-06,Low
S029,M022,1005,320,0.73,-1,0.99984264,High
S015,M013,947,706,0.8,0,0.0010527355,Low
S043,M012,1078,918,0.73,-1,1.2084947e-05,Low
S008,M015,1089,635,0.99,-3,6.59222e-05,Low
S021,M027,820,416,0.94,1,0.003607843,Low
S039,M009,936,423,0.84,-1,0.0055676647,Low
S019,M002,809,698,0.77,0,3.8211274e-06,Low
S023,M017,844,350,0.98,1,0.00022903213,Low
S011,M027,1048,623,0.8,-3,4.088175e-05,Low
S011,M029,829,440,0.75,3,3.1504653e-06,Low
S024,M005,1024,769,0.87,1,1.8270755e-05,Low
S036,M011,976,633,0.98,-1,0.652747,Medium
S040,M022,895,672,0.7,2,0.00019334586,Low
S024,M019,816,863,0.77,1,0.00012047352,Low
S003,M024,827,793,0.98,0,1.9269937e-05,Low
S022,M007,925,838,0.75,-2,8.458465e-05,Low
S002,M002,1072,968,0.73,4,5.7364264e-06,Low
S024,M016,986,455,0.87,0,0.8586958,High
S044,M012,941,590,0.96,0,4.025865e-06,Low
S030,M023,937,947,0.84,0,3.4524905e-06,Low
S038,M015,1028,443,1.0,2,1.0776545e-06,Low
S002,M001,1013,405,0.9,0,0.80470455,High
S021,M025,1073,719,0.72,-1,3.2782966e-06,Low
S033,M013,1090,969,1.0,-1,0.0014786771,Low
S012,M023,857,957,0.82,1,0.00011638752,Low
S022,M006,817,301,0.79,-1,0.99935967,High
S044,M013,979,888,0.87,-2,1.0630703e-05,Low
S025,M018,957,943,0.79,1,0.0005008822,Low
S049,M003,1055,389,0.73,2,6.889105e-05,Low
S027,M001,836,644,0.7,1,3.7412934e-05,Low
S042,M015,1095,649,0.83,4,8.025361e-06,Low
S028,M026,1061,758,0.95,0,1.0933962e-05,Low
S016,M013,878,562,0.87,-2,8.056292e-05,Low
S015,M005,953,650,1.0,0,0.00038363924,Low
S047,M025,957,407,0.79,2,1.200232e-05,Low
S044,M013,874,885,0.78,0,0.0006983112,Low
S003,M022,854,338,0.75,1,1.0961085e-05,Low
S037,M005,1005,458,0.75,0,0.000108703316,Low
S007,M028,1014,882,0.79,3,1.4923381e-06,Low
S021,M019,808,611,0.94,2,1.9936513e-06,Low
S009,M021,905,540,0.97,2,1.5938346e-06,Low
S039,M024,1044,744,0.99,2,4.3707673e-06,Low
S018,M028,902,597,0.77,2,0.00027885978,Low
S004,M018,1074,335,0.96,-2,0.9863288,High
S025,M021,832,383,0.8,4,0.006412207,Low
S014,M022,907,751,0.73,2,3.2592432e-06,Low
S050,M010,1068,684,0.96,1,2.3456816e-05,Low
S009,M024,872,471,0.89,1,0.00034688564,Low
S026,M008,980,675,0.75,0,2.5941914e-05,Low
S002,M015,1067,984,0.83,-1,1.51616605e-05,Low
S020,M021,951,661,0.79,2,9.916938e-06,Low
S028,M025,867,858,0.92,2,1.9941755e-05,Low
S047,M020,996,440,0.84,-2,0.011655477,Low
S007,M028,1094,417,1.0,4,9.464502e-05,Low
S044,M025,831,576,0.72,1,1.0597421e-05,Low
S008,M027,907,519,0.81,1,0.95114994,High
S047,M023,878,325,0.84,-2,0.013950625,Low
S035,M022,1058,820,0.85,3,2.0118764e-06,Low
S014,M004,974,309,0.79,3,0.99608636,High
S017,M002,814,677,0.92,2,0.0003089133,Low
S036,M024,850,932,0.96,2,3.858791e-06,Low
S050,M006,906,936,0.98,1,3.0033957e-06,Low
S040,M028,1009,981,0.94,-2,3.7296482e-05,Low
S004,M003,1001,883,0.96,0,1.169269e-05,Low
S002,M007,1076,451,0.87,3,0.00022291101,Low
S006,M010,1017,348,0.95,2,0.00013416442,Low
S042,M023,840,453,0.79,-1,0.00010378946,Low
S004,M006,1058,592,0.82,-2,0.00023600527,Low
S029,M016,1002,879,0.8,1,5.399798e-06,Low
S018,M002,898,349,0.84,2,0.015878515,Low
S026,M024,948,963,0.79,1,4.484336e-06,Low
S044,M017,904,830,0.99,-1,3.286634e-05,Low
S034,M013,1002,911,0.79,-1,7.2205826e-06,Low
S010,M001,894,359,0.73,2,0.99230945,High
S036,M006,976,466,0.86,2,0.004083326,Low
S014,M005,864,501,0.72,-2,4.3986247e-06,Low
S031,M025,840,445,0.73,4,3.2586713e-06,Low
S048,M013,1023,975,0.77,0,1.0198056e-05,Low
S015,M028,866,738,0.84,1,9.5204516e-05,Low
S008,M023,1054,541,0.83,2,9.932553e-05,Low
S014,M018,1097,880,0.94,1,3.0427564e-05,Low
S023,M029,868,986,0.92,3,3.2039222e-06,Low
S040,M012,970,860,0.83,2,1.6459658e-06,Low
S021,M007,900,782,0.8,-3,5.3318327e-05,Low
S016,M015,939,407,0.79,2,7.839153e-05,Low
S045,M003,1005,525,0.93,0,0.0002932059,Low
S018,M016,872,972,0.72,2,1.3355717e-06,Low
S047,M001,859,930,0.7,-1,8.491735e-06,Low
S024,M027,955,960,0.94,3,1.6319641e-06,Low
S026,M016,923,961,0.84,2,8.78711e-07,Low
S025,M024,813,731,0.74,0,2.208412e-05,Low
S045,M030,1063,954,0.77,-2,0.0012561177,Low
S041,M012,826,718,0.98,2,0.00030839158,Low
S029,M019,1044,754,0.96,3,3.3047374e-05,Low
S015,M027,849,459,0.91,3,0.00011926853,Low
S045,M008,986,822,0.84,-1,9.733944e-06,Low
S001,M023,856,949,0.86,2,2.1341098e-06,Low
S025,M012,1058,889,0.99,0,1.6309608e-05,Low
S007,M015,954,376,0.99,0,0.001624537,Low
S009,M002,833,808,0.76,3,3.9492447e-06,Low
S024,M029,825,740,0.94,4,2.2900194e-06,Low
S001,M030,1049,553,0.76,2,0.00056835596,Low
S044,M030,885,619,0.76,-1,8.868064e-06,Low
S008,M017,959,562,0.9,3,8.5334744e-07,Low
S024,M007,999,896,0.82,2,3.7408572e-06,Low
S011,M013,905,957,0.98,0,4.3939544e-05,Low
S017,M001,1074,853,0.73,-1,0.0001431318,Low
S008,M006,1088,673,0.85,0,6.807247e-05,Low
S035,M013,1057,936,0.98,0,2.5287618e-06,Low
S035,M011,1019,466,0.97,-1,0.98984396,High
S033,M010,814,758,0.75,-1,8.114945e-05,Low
S005,M016,820,579,0.81,-2,3.1386437e-06,Low
S042,M027,858,999,0.89,1,1.0594576e-06,Low
S039,M026,881,601,0.75,1,4.052966e-06,Low
S041,M024,917,830,0.99,0,2.0757261e-05,Low
S028,M023,912,879,0.97,2,1.3513508e-05,Low
S007,M020,1094,517,0.75,2,7.5745106e-06,Low
S009,M017,1075,401,0.74,0,0.0008158273,Low
S008,M017,1056,853,0.73,2,1.1039974e-06,Low
S012,M004,1064,587,0.97,-2,8.621883e-05,Low
S034,M005,1034,466,0.76,1,0.031647738,Low
S033,M028,850,920,0.82,3,9.0129043e-07,Low
S048,M023,965,335,0.83,-1,0.99957424,High
S023,M014,1030,652,0.88,-2,0.00019142126,Low
S024,M020,1020,975,0.72,-2,0.00027337766,Low
S037,M010,1070,372,0.77,4,5.288301e-06,Low
S035,M014,883,947,0.98,-1,0.00033591426,Low
S044,M028,1029,652,0.97,0,3.5428002e-06,Low
S040,M001,1096,369,0.93,1,2.7845628e-05,Low
S022,M011,1021,724,0.71,0,1.2918012e-05,Low
S027,M026,953,860,0.8,-2,3.0108145e-06,Low
S035,M023,853,941,0.89,2,5.8441492e-05,Low
S001,M018,918,816,0.78,0,2.9242883e-05,Low
S035,M016,997,727,0.97,0,9.8482094e-05,Low
S037,M029,1072,838,0.89,1,7.0451442e-06,Low
S047,M027,997,459,0.72,1,0.0011543834,Low
S014,M018,927,448,0.97,3,0.000106570646,Low
S003,M008,891,529,0.99,-1,0.0043212012,Low
S001,M028,808,861,0.72,2,2.6823989e-06,Low
S005,M010,1026,366,0.86,1,0.89573675,High
S026,M026,845,680,0.79,1,4.219366e-05,Low
S014,M010,933,357,0.82,3,8.960591e-06,Low
S039,M005,815,558,0.75,-1,3.8283165e-06,Low
S027,M010,1014,641,0.87,1,5.1654583e-06,Low
S009,M018,911,429,0.99,-1,2.2799452e-06,Low
S015,M021,956,471,0.85,-1,0.0042179283,Low
S015,M024,1095,913,0.72,4,2.5810875e-06,Low
S026,M006,997,508,0.89,1,9.2931975e-07,Low
S042,M003,857,653,0.8,-1,0.00021629025,Low
S013,M008,877,770,0.96,3,1.6510406e-06,Low
S032,M030,1041,415,0.83,4,0.002617162,Low
S039,M009,898,563,0.76,4,9.125879e-07,Low
S049,M005,805,961,0.76,3,6.879923e-07,Low
S032,M029,1078,741,0.93,-1,0.00012945036,Low
S004,M002,1011,847,0.78,-2,9.675637e-06,Low
S030,M002,1072,752,0.93,1,0.00034882,Low
S037,M007,883,776,0.76,-2,0.00072236155,Low
S023,M017,911,586,0.8,3,1.5437665e-05,Low
S039,M010,997,602,0.84,3,1.5325595e-05,Low
S045,M012,827,610,0.98,0,2.1828628e-05,Low
S015,M002,940,507,0.98,3,2.7413969e-06,Low
S043,M010,972,917,0.76,2,1.070351e-05,Low
S029,M020,819,745,0.81,3,1.7236976e-06,Low
S036,M001,916,969,0.74,-1,0.00012168372,Low
S013,M004,853,932,0.85,2,1.2635846e-05,Low
S032,M013,1026,354,0.84,0,0.11140445,Low
S007,M012,908,311,0.97,-1,0.9999702,High
S022,M011,1030,956,0.98,-1,0.00015105965,Low
S028,M029,1028,699,0.82,-2,1.6757582e-05,Low
S002,M010,1098,947,0.85,1,2.2492159e-06,Low
S042,M015,886,814,0.97,-2,0.0013997522,Low
S045,M005,1073,955,0.94,-2,0.0008432499,Low
S006,M025,1027,841,0.7,2,7.641078e-06,Low
S028,M017,870,536,0.8,4,4.618616e-06,Low
S028,M028,1027,578,0.83,2,0.0003242491,Low
S044,M005,912,647,0.77,2,3.6819126e-06,Low
S044,M002,1092,926,0.76,-1,8.16343e-05,Low
S020,M009,1090,403,0.71,0,0.0026673833,Low
S030,M006,904,929,0.89,-2,4.3084788e-06,Low
S011,M018,1090,816,0.78,-3,0.0002008509,Low
S028,M014,808,547,0.72,-3,0.0009425985,Low
S025,M019,964,663,0.77,1,7.4890704e-05,Low
S039,M014,859,620,0.94,1,6.958626e-07,Low
S033,M008,905,932,0.96,3,3.402858e-05,Low
S001,M017,910,585,0.84,2,4.474037e-06,Low
S027,M028,888,448,0.82,-1,0.8113829,High
S013,M003,1067,383,0.99,3,7.662056e-06,Low
S041,M029,1029,705,0.76,1,1.6195066e-06,Low
S003,M010,870,755,0.76,-1,1.2191664e-05,Low
S039,M017,918,460,0.79,4,1.7726462e-06,Low
S006,M027,902,759,0.75,1,5.739617e-06,Low
S008,M011,1001,849,0.81,2,7.638277e-07,Low
S027,M008,822,799,0.97,-2,0.00016304798,Low
S009,M001,889,808,0.88,1,6.0704856e-06,Low
S037,M013,892,953,0.82,2,2.0672157e-06,Low
S033,M021,1063,780,0.98,3,4.0057505e-05,Low
S042,M004,1084,962,0.71,0,0.0024116028,Low
S044,M007,970,413,0.76,1,0.96810305,High
S024,M014,1020,877,0.87,2,1.5112446e-06,Low
S015,M005,823,660,0.88,-1,5.235366e-06,Low
S032,M024,1001,640,0.71,2,2.6248927e-05,Low
S032,M028,923,748,0.82,4,1.9463862e-06,Low
S024,M030,941,479,0.89,2,7.58152e-05,Low
S041,M011,851,706,0.91,-1,0.0002427755,Low
S049,M017,869,965,0.89,3,9.273559e-06,Low
S049,M005,1059,495,0.8,0,0.9498012,High
S012,M020,985,765,0.73,-1,7.879647e-05,Low
S039,M003,1006,610,0.83,-2,0.00030592558,Low
S002,M005,1092,561,0.74,3,5.932969e-06,Low
S003,M026,838,718,0.98,-1,0.00021147402,Low
S049,M015,865,705,0.84,3,5.142367e-05,Low
S037,M019,812,442,0.8,0,0.014601517,Low
S049,M016,993,641,0.93,4,3.2330874e-05,Low
S017,M008,1087,615,0.85,-3,0.0011743584,Low
S049,M013,932,400,0.79,0,0.9962315,High
S002,M016,994,543,0.94,0,1.4469258e-05,Low
S002,M003,877,789,0.96,-1,6.3905804e-06,Low
S028,M001,1049,311,0.9,-3,0.9958825,High
S023,M009,1031,538,0.71,3,9.525176e-06,Low
S037,M009,979,860,0.87,-1,1.6603992e-05,Low
S032,M022,976,341,0.93,-1,0.0039430577,Low
S033,M026,828,977,0.74,-2,0.00024444362,Low
S001,M017,965,893,0.77,0,4.934626e-06,Low
S019,M024,1025,728,0.96,-1,3.670284e-06,Low
S002,M002,935,457,0.71,1,2.049158e-05,Low
S044,M009,986,515,0.93,-1,3.0744663e-06,Low
S026,M030,854,969,0.84,-3,3.4459379e-06,Low
S032,M024,801,761,0.83,1,1.1896454e-05,Low
S006,M019,816,433,0.7,3,0.0116297975,Low
S032,M013,858,366,0.95,3,0.0011616667,Low
S004,M005,887,306,0.81,2,0.0032503759,Low
S011,M009,1022,825,0.86,-1,8.406862e-06,Low
S017,M013,1071,372,0.9,0,9.275558e-06,Low
S038,M001,857,698,0.91,-1,0.00010290077,Low
S024,M025,991,704,0.99,-1,2.1518263e-06,Low
S005,M015,849,974,0.86,-1,3.140506e-06,Low
S034,M004,1012,877,0.82,1,1.39947e-05,Low
S006,M004,1029,429,0.99,3,0.00021355416,Low
S022,M020,953,765,0.89,0,6.8555332e-06,Low
S011,M010,1072,505,0.79,-2,3.7146071e-06,Low
S048,M028,845,565,0.74,0,1.3472113e-05,Low
S016,M025,917,836,0.95,2,3.4053824e-06,Low
S033,M030,975,552,0.81,0,1.4706421e-05,Low
S009,M006,867,588,0.9,3,7.053608e-05,Low
S006,M027,1050,463,0.84,3,6.0573584e-06,Low
S016,M024,1029,394,0.76,4,9.012934e-05,Low
S029,M012,999,409,0.88,-1,0.5655678,Medium
S003,M030,945,635,0.72,2,1.9752786e-05,Low
S020,M020,850,537,0.82,-1,1.1602362e-05,Low
S036,M016,985,680,0.86,-2,1.9396306e-05,Low
S019,M003,998,735,0.83,0,4.3765995e-05,Low
S026,M014,944,782,0.92,2,8.428573e-07,Low
S003,M001,858,324,0.95,-2,0.9961391,High
S019,M010,994,952,0.93,2,1.2285738e-06,Low
S020,M015,942,416,0.71,2,0.009980837,Low
S032,M007,1022,781,0.76,-3,5.3595595e-05,Low
S007,M004,899,691,0.86,1,0.00027565125,Low
S041,M014,825,836,0.98,-2,3.697394e-05,Low
S033,M024,813,378,0.95,-3,0.22887175,Low
S040,M016,921,879,0.95,4,1.8980408e-06,Low
S039,M014,1064,472,0.79,-3,0.00016136814,Low
S018,M003,806,311,0.83,-1,0.99953485,High
S040,M017,1018,427,0.84,2,1.5703636e-05,Low
S001,M021,1019,907,0.75,-1,6.405921e-05,Low
S011,M014,982,391,0.71,0,0.9936965,High
S028,M018,907,952,0.98,3,1.0837117e-05,Low
S025,M003,923,842,0.77,2,1.6500459e-05,Low
S050,M030,969,831,0.77,-2,1.9399322e-05,Low
S023,M022,1056,957,0.73,3,1.995725e-06,Low
S031,M019,808,746,0.98,1,0.00011864307,Low
S030,M003,1079,689,0.87,4,8.369246e-05,Low
S042,M012,924,971,0.9,2,5.2562727e-06,Low
S035,M022,961,342,0.97,0,0.0012667213,Low
S007,M005,835,553,0.8,4,2.8075663e-06,Low
S016,M010,803,429,0.89,-2,0.23383117,Low
S026,M009,886,359,0.71,2,0.00026426706,Low
S048,M001,1063,962,0.76,2,4.833592e-06,Low
S049,M013,890,766,0.95,0,3.117984e-05,Low
S002,M003,1094,586,0.93,2,1.0066709e-05,Low
S001,M019,857,816,0.81,-3,4.171524e-05,Low
S048,M011,939,766,0.81,-2,3.5806726e-05,Low
S012,M016,971,644,0.86,0,1.7986974e-06,Low
S005,M006,1059,941,0.7,0,4.633987e-06,Low
S037,M024,824,681,0.77,3,4.218771e-05,Low
S032,M003,997,989,0.76,0,1.1865047e-05,Low
S009,M019,866,552,0.78,-3,1.15058065e-05,Low
S041,M006,917,355,0.94,-2,0.90874994,High
S035,M008,1079,762,0.78,2,1.4972556e-05,Low
S019,M022,805,756,0.76,2,2.975204e-06,Low
S048,M013,896,382,0.85,2,1.8000197e-05,Low
S016,M012,871,398,0.96,1,4.6149394e-06,Low
S003,M030,1057,448,0.77,2,0.08370371,Low
S020,M010,837,628,0.72,0,4.831334e-06,Low
S024,M003,1095,455,0.81,-1,0.95397884,High
S033,M004,855,489,0.92,3,1.142006e-06,Low
S024,M001,902,793,0.87,-2,1.2509391e-06,Low
S011,M013,902,562,0.95,2,0.00041305574,Low
S049,M024,1015,379,0.99,1,0.00019128552,Low
S008,M004,820,699,0.94,1,1.1980327e-06,Low
S036,M022,914,908,0.88,-2,2.1459802e-05,Low
S038,M011,1009,559,0.85,2,6.380761e-07,Low
S040,M019,1090,914,0.71,2,6.2675444e-06,Low
S020,M011,1002,851,1.0,-2,1.6017726e-05,Low
S035,M012,987,400,0.82,2,1.6892021e-05,Low
S048,M011,950,658,0.75,3,4.0250284e-06,Low
S025,M006,990,679,0.9,2,2.9531914e-06,Low
S035,M012,1013,520,0.79,1,0.008345646,Low
S025,M027,841,719,0.88,-2,6.208316e-05,Low
S029,M009,993,423,0.88,2,0.009179159,Low
S018,M025,1049,721,0.83,1,1.6749118e-06,Low
S046,M010,880,530,0.95,3,3.7766565e-06,Low
S018,M003,840,989,0.78,2,1.3801511e-05,Low
S002,M003,819,362,0.83,-2,0.80307466,High
S035,M020,808,784,0.86,-1,8.881225e-06,Low
S016,M028,923,927,0.9,0,1.0951076e-05,Low
S041,M023,1002,873,0.94,2,3.325092e-06,Low
S036,M016,877,782,0.82,-3,0.00027502936,Low
S033,M003,1009,818,0.89,0,3.0445478e-06,Low
S004,M010,817,454,0.75,3,0.00028010414,Low
S033,M024,1035,391,0.98,-1,0.9499213,High
S014,M011,999,825,0.81,-1,0.00021093995,Low
S021,M008,1081,754,0.92,-1,0.0002149703,Low
S048,M006,1051,897,0.71,-2,8.380371e-05,Low
S020,M020,1038,944,0.76,0,3.942392e-06,Low
S008,M011,1068,809,0.85,-2,6.783339e-06,Low
S007,M028,918,482,0.96,1,2.2711327e-05,Low
S003,M027,1081,685,0.86,-1,0.0014535361,Low
S017,M021,806,873,0.98,2,7.592452e-05,Low
S033,M012,1072,704,0.85,1,2.0886134e-06,Low
S048,M016,1052,545,0.85,3,2.0646269e-06,Low
S012,M018,927,890,0.74,1,4.336132e-05,Low
S022,M013,891,960,0.94,4,4.113745e-06,Low
S022,M022,805,949,0.77,3,7.783806e-06,Low
S046,M003,873,770,0.97,-3,0.0005450929,Low
S030,M015,855,722,0.97,1,8.758724e-06,Low
S038,M022,1094,364,0.98,3,8.278983e-06,Low
S038,M028,1037,312,0.86,3,0.9901453,High
S045,M021,821,512,0.9,1,2.053857e-06,Low
S008,M014,840,541,0.93,0,5.4147906e-05,Low
S027,M018,1065,792,0.74,3,4.5459096e-06,Low
S027,M028,1057,512,0.88,2,3.8632684e-06,Low
S034,M029,847,992,0.71,0,7.765833e-06,Low
S021,M014,1097,637,0.85,1,0.00013688943,Low
S030,M005,938,472,0.75,-3,0.97393554,High
S033,M021,1001,971,0.75,-2,0.00019949673,Low
S028,M014,939,463,0.81,1,1.8469733e-05,Low
S047,M025,941,764,0.83,-1,0.00036452909,Low
S033,M027,1085,796,0.89,2,2.453688e-05,Low
S005,M008,1032,999,0.72,-1,0.0021740277,Low
S048,M028,957,694,0.85,0,1.0538141e-05,Low
S019,M028,837,607,0.75,2,8.3780134e-05,Low
S004,M023,874,482,0.87,-1,9.375761e-05,Low
S035,M015,974,928,0.89,1,4.253044e-06,Low
S049,M028,838,809,0.87,4,2.1232083e-06,Low
S017,M029,872,845,0.92,1,1.1502452e-06,Low
S044,M015,857,863,0.8,4,1.0963362e-06,Low
S028,M030,888,923,0.93,-3,3.339549e-05,Low
S030,M019,1072,893,0.83,2,1.3280793e-05,Low
S029,M026,933,526,0.85,-1,0.00021811038,Low
S046,M020,942,735,0.89,3,3.8044373e-06,Low
S006,M006,894,721,0.71,-1,8.970022e-06,Low
S035,M019,955,853,0.9,2,1.4203385e-06,Low
S041,M027,1000,320,0.89,3,0.0116935875,Low
S037,M025,959,853,0.79,1,1.819282e-06,Low
S024,M008,1010,696,0.73,3,2.7923245e-06,Low
S029,M006,971,924,0.73,-1,2.1069962e-05,Low
S049,M020,869,404,0.98,1,0.95717585,High
S046,M023,944,491,0.91,2,3.4128764e-06,Low
S031,M029,966,316,0.74,1,0.99975854,High
S035,M015,916,419,0.81,0,3.5250974e-05,Low
S033,M027,984,692,0.88,0,3.3786403e-06,Low
S021,M003,1002,724,0.95,2,2.2443776e-06,Low
S032,M010,961,428,0.71,3,3.416655e-05,Low
S023,M015,987,429,0.77,-2,0.004101592,Low
S033,M024,842,871,0.97,1,6.9803864e-06,Low
S003,M016,1000,859,0.7,2,2.7505573e-06,Low
S018,M017,1030,328,0.76,3,0.99236417,High
S025,M019,803,396,0.99,0,0.9715304,High
S042,M011,1039,309,0.88,2,0.004646358,Low
S031,M016,1005,541,0.78,3,0.0010450772,Low
S003,M005,893,531,0.72,1,1.9308857e-06,Low
S040,M005,1031,583,0.71,3,9.494749e-06,Low
S046,M026,959,499,0.77,3,4.1029327e-07,Low
S024,M014,912,378,0.96,4,0.0005411619,Low
S050,M018,1051,472,0.82,-1,4.9745835e-05,Low
S032,M026,1021,766,0.92,0,1.852742e-06,Low
S047,M008,893,880,0.98,-1,2.9147774e-05,Low
S022,M005,966,715,0.82,-2,2.3470957e-05,Low
S023,M007,937,748,0.76,0,9.271835e-05,Low
S002,M016,1009,386,0.86,4,3.1203577e-05,Low
S027,M023,1055,400,0.97,-1,0.939911,High
S042,M014,872,307,0.94,-3,0.9968002,High
S002,M005,1013,499,0.72,4,1.0064271e-05,Low
S026,M024,1065,804,0.91,1,2.457048e-05,Low
S017,M009,950,386,0.87,1,0.0053879065,Low
S040,M004,1034,342,0.97,0,0.010068577,Low
S033,M004,1015,684,0.74,2,7.009959e-06,Low
S009,M016,908,920,0.86,-2,0.00013960944,Low
S043,M024,1099,734,0.96,-1,4.271475e-05,Low
S048,M017,1095,707,0.82,-2,0.00957058,Low
S039,M015,919,782,0.84,-2,6.107905e-05,Low
S029,M004,897,963,0.72,2,2.160733e-05,Low
S042,M006,1009,316,0.78,-1,0.09807243,Low
S026,M016,831,944,0.8,0,1.2956296e-05,Low
S035,M029,1025,447,0.98,1,0.03590197,Low
S050,M004,1014,576,0.78,0,3.2548326e-06,Low
S025,M006,922,531,0.84,1,3.5112545e-05,Low
S024,M005,946,665,0.9,-3,0.0011950772,Low
S013,M016,851,527,0.75,-1,0.0008956174,Low
S007,M030,979,950,0.85,2,5.857516e-06,Low
S036,M025,1089,735,0.92,3,1.1231508e-05,Low
S045,M016,986,698,0.96,-1,1.2848914e-05,Low
S020,M010,907,510,0.89,2,2.0802601e-05,Low
S001,M009,925,690,0.9,3,1.2987392e-06,Low
S008,M004,1060,798,0.74,0,0.0013260128,Low
S046,M029,993,839,0.98,-3,0.003103104,Low
S016,M014,1096,862,0.74,1,1.8661283e-05,Low
S014,M004,833,790,0.93,-3,5.6084864e-05,Low
S012,M012,1075,741,0.78,3,3.999968e-06,Low
S023,M024,981,560,0.98,-2,0.013397418,Low
S015,M010,1038,649,0.92,-3,0.0002823747,Low
S028,M004,945,651,0.93,-3,4.4845765e-05,Low
S034,M018,843,819,0.77,1,3.1401855e-06,Low
S002,M013,1090,619,0.83,0,0.00089630537,Low
S032,M013,1094,437,0.89,4,3.6889385e-06,Low
S023,M014,1058,849,0.93,2,0.00011079085,Low
S022,M018,818,922,0.73,3,6.151122e-06,Low
S025,M001,1014,667,0.99,3,1.988919e-06,Low
S022,M021,1010,519,0.97,0,6.997319e-05,Low
S022,M016,1030,636,0.78,2,1.1316154e-05,Low
S049,M015,804,522,0.95,1,6.004639e-05,Low
S042,M022,1068,947,0.86,2,1.7129117e-06,Low
S006,M025,961,659,0.84,4,8.693272e-07,Low
S015,M005,1015,628,0.79,-3,3.6564878e-05,Low
S043,M029,1073,762,0.87,2,8.8222456e-05,Low
S037,M006,899,860,0.92,0,4.1461517e-06,Low
S033,M006,970,681,0.82,2,4.071146e-05,Low
S008,M003,1051,889,0.89,-2,8.607241e-06,Low
S044,M016,968,916,0.91,-1,3.2709006e-05,Low
S044,M012,837,468,0.91,4,3.877734e-05,Low
S005,M004,1027,516,0.72,-1,3.7925738e-06,Low
S039,M001,924,677,0.96,-2,7.148681e-05,Low
S004,M004,1077,418,0.84,0,0.9986407,High
S006,M001,1084,489,0.78,-2,0.9542583,High
S045,M021,936,669,0.77,-2,2.5251798e-05,Low
S032,M027,907,448,0.84,-2,0.9527594,High
S030,M027,867,975,0.97,1,1.1751766e-06,Low
S047,M008,903,951,0.81,-1,2.2798236e-05,Low
S035,M024,1045,787,0.92,-3,8.016633e-05,Low
S040,M005,964,673,0.73,-3,1.0000018e-05,Low
S016,M030,991,992,0.84,2,2.7236792e-06,Low
S013,M026,994,459,1.0,2,0.0002758445,Low
S050,M002,931,650,0.93,4,1.3109416e-06,Low
S042,M012,1095,587,0.76,3,9.7858356e-05,Low
S030,M022,943,587,0.85,2,9.9161525e-06,Low
S019,M017,1018,525,0.77,2,4.3635555e-05,Low
S017,M007,825,822,0.82,0,6.8511085e-06,Low
S019,M011,1050,821,0.93,4,8.6169047e-07,Low
S028,M004,894,572,0.93,1,1.0191804e-05,Low
S026,M005,999,701,0.77,1,2.2970007e-05,Low
S037,M006,902,482,0.98,0,1.5821939e-05,Low
S026,M011,992,964,0.88,4,1.1518424e-06,Low
S023,M001,801,787,0.81,-1,2.9183905e-06,Low
S009,M025,1046,423,0.85,-2,0.0026960329,Low
S012,M010,890,925,0.88,0,1.7067112e-05,Low
S001,M020,844,713,0.87,-1,0.00017998493,Low
S001,M024,802,471,0.85,1,0.0038747631,Low
S047,M021,863,587,0.85,0,0.0007106094,Low
S034,M011,934,734,0.75,-1,3.928592e-06,Low
S032,M024,1090,985,0.94,-1,1.7382925e-05,Low
S048,M017,1077,412,0.86,1,6.1156816e-06,Low
S025,M008,975,421,0.74,3,2.220466e-05,Low
S040,M027,1081,843,0.93,-1,2.960107e-05,Low
S045,M013,919,521,0.98,-1,0.00012610547,Low
S001,M027,1061,930,0.98,-1,0.000108727676,Low
S016,M020,973,338,0.81,2,4.0697523e-06,Low
S039,M018,917,796,0.74,4,7.2708317e-06,Low
S005,M027,984,532,0.86,2,4.5373467e-06,Low
S022,M022,1042,829,0.73,2,2.9832674e-06,Low
S029,M016,1013,448,0.98,0,7.88027e-06,Low
S003,M002,920,696,0.76,0,0.00011396699,Low
S012,M005,862,960,0.78,0,2.3654835e-05,Low
S026,M018,948,937,0.82,4,7.820875e-07,Low
S016,M003,1075,601,0.81,1,7.472421e-05,Low
S037,M027,828,659,0.94,2,1.1965027e-06,Low
S022,M022,1098,537,0.84,3,2.5249006e-05,Low
S029,M017,1024,946,0.75,3,1.9155507e-06,Low
S014,M016,972,962,0.78,2,1.4839803e-06,Low
S028,M006,1043,535,0.85,0,4.385653e-05,Low
S005,M019,930,502,0.74,2,1.6969838e-06,Low
S047,M007,819,555,0.88,-1,0.0004340953,Low
S049,M018,880,897,0.87,1,4.147291e-06,Low
S030,M014,1092,961,0.91,-2,1.2360787e-05,Low
S046,M006,1093,534,0.98,3,0.00016056527,Low
S005,M008,1034,644,0.97,0,4.7517875e-05,Low
S012,M015,1020,833,0.98,0,4.4681245e-05,Low
S016,M015,969,765,0.77,2,3.2745833e-05,Low
S026,M015,845,840,0.74,-3,0.00021699462,Low
S026,M016,859,512,0.79,3,4.323189e-06,Low
S048,M001,895,762,0.97,3,1.897013e-06,Low
S021,M011,1068,735,0.99,-1,0.00017388619,Low
S039,M027,830,582,0.96,-2,0.00022274593,Low
S036,M029,915,861,0.73,-2,9.7743705e-06,Low
S033,M025,861,906,0.98,0,8.446296e-06,Low
S030,M005,945,762,0.83,-2,3.3411954e-05,Low
S037,M005,852,706,0.7,0,7.5014163e-06,Low
S023,M029,850,387,0.83,1,2.7376836e-05,Low
S010,M028,968,343,0.71,2,0.0007510544,Low
S005,M021,994,760,0.86,-2,4.554652e-05,Low
S036,M006,882,577,0.8,-2,6.0030593e-06,Low
S034,M002,933,982,0.84,0,0.000114752795,Low
S031,M006,1067,720,0.88,-1,1.8516892e-05,Low
S010,M014,880,652,0.96,-3,0.00011833993,Low
S019,M011,1018,995,0.9,1,3.978853e-06,Low
S032,M004,801,814,0.83,0,0.00014596888,Low
S001,M024,1050,929,0.95,0,1.7210124e-05,Low
S005,M029,1035,318,0.97,0,0.99934524,High
S045,M027,955,322,0.74,1,0.011756255,Low
S004,M025,836,712,0.86,2,1.9875197e-06,Low
S016,M009,1028,329,0.79,1,2.7811207e-05,Low
S024,M024,944,407,0.71,3,1.0486331e-05,Low
S016,M003,855,666,0.9,1,3.8000462e-06,Low
S002,M026,920,580,0.96,-1,0.0026439894,Low
S049,M016,1010,427,0.75,3,2.1541222e-05,Low
S028,M011,1059,528,0.94,0,2.2121343e-05,Low
S032,M027,902,410,0.96,-2,0.0013064818,Low
S027,M004,1034,435,0.97,-2,0.9255534,High
S020,M001,837,661,0.78,2,2.9963862e-06,Low
S024,M025,907,485,0.97,2,1.4875844e-05,Low
S012,M021,1023,955,0.8,-1,1.2382342e-05,Low
S050,M022,1092,883,0.87,-3,0.00016196548,Low
S035,M016,983,428,0.72,-2,0.00200931,Low
S033,M019,954,560,0.71,-1,0.00035985943,Low
S033,M016,831,814,0.92,0,0.00035910445,Low
S043,M011,1033,748,0.83,2,1.2573531e-05,Low
S037,M026,1049,403,0.78,1,4.6890536e-06,Low
S012,M008,857,782,0.76,0,9.359298e-05,Low
S003,M023,962,523,0.9,-1,8.172785e-05,Low
S001,M001,816,790,0.7,-3,0.0012723713,Low
S033,M026,1053,772,0.94,-2,0.0023764635,Low
S040,M028,945,309,0.72,-1,0.99974805,High
S010,M021,1028,704,0.76,4,1.1753605e-06,Low
S043,M026,1039,601,0.82,4,4.546916e-06,Low
S044,M009,1085,530,0.85,0,9.900911e-06,Low
S029,M028,815,365,0.81,0,0.14835116,Low
S013,M027,874,411,0.8,0,0.9996443,High
S012,M012,1059,312,0.99,1,0.0008854715,Low
S031,M022,803,692,0.89,-3,0.0002433537,Low
S046,M008,1050,799,0.71,2,1.9879803e-06,Low
S002,M026,884,897,0.83,3,9.458662e-06,Low
S050,M017,862,533,0.96,-1,0.00019199871,Low
S035,M010,899,901,0.79,2,1.9845802e-06,Low
S023,M027,1042,613,0.73,0,2.4139008e-06,Low
S017,M007,1094,865,0.93,-2,8.7558336e-05,Low
S026,M019,961,311,0.88,2,0.0011663807,Low
S008,M025,977,508,0.87,4,5.1301363e-06,Low
S029,M006,1051,313,0.72,4,0.00010829598,Low
S026,M021,841,932,0.74,0,8.16542e-06,Low
S010,M024,1041,717,0.89,-1,0.00017211882,Low
S026,M024,890,736,0.76,1,2.3262971e-06,Low
S034,M028,827,676,0.85,0,9.018394e-05,Low
S041,M028,954,319,0.86,-2,0.9985481,High
S007,M019,918,886,0.79,3,4.826549e-06,Low
S004,M018,1019,369,0.98,3,5.609291e-06,Low
S050,M015,1063,510,0.95,0,9.368288e-06,Low
S045,M002,920,400,0.92,3,0.0029790506,Low
S011,M014,845,997,0.72,-1,9.658434e-06,Low
S029,M021,1079,431,0.73,1,0.00011498698,Low
S036,M010,914,922,0.85,-3,2.9218186e-06,Low
S025,M028,967,680,0.75,-1,1.8170704e-05,Low
S021,M016,1045,431,0.99,1,0.000927731,Low
S036,M007,1079,319,0.75,-1,0.9444801,High
S010,M008,1033,835,0.85,-1,2.8575409e-05,Low
S037,M010,821,526,0.81,2,0.008968986,Low
S009,M015,1001,453,0.89,-2,0.34909686,Low
S024,M008,867,768,0.74,3,2.3657136e-05,Low
S035,M013,935,704,0.83,2,7.132201e-06,Low
S049,M012,1030,501,0.78,-2,0.003254624,Low
S035,M008,857,337,0.97,2,0.001223334,Low
S048,M015,814,487,0.71,-2,0.99847835,High
S036,M026,1063,356,0.97,3,5.3701347e-06,Low
S018,M012,969,319,0.95,4,0.001276364,Low
S049,M011,1090,572,0.79,-1,0.9688334,High
S039,M019,968,418,0.94,-3,0.9604782,High
S032,M014,847,882,0.71,1,4.922283e-06,Low
S024,M027,895,815,0.99,1,5.036643e-05,Low
S023,M018,843,520,0.86,1,0.00021343795,Low
S032,M013,1039,825,0.79,-2,0.0007066715,Low
S037,M004,1090,814,0.81,-3,3.7027712e-05,Low
S012,M017,1082,635,0.72,1,5.1190227e-06,Low
S049,M019,869,997,1.0,-1,9.749068e-06,Low
S013,M027,1052,354,0.71,-1,0.0047485633,Low
S023,M009,865,799,0.9,0,1.8033357e-05,Low
S025,M023,1084,835,0.83,3,1.3204338e-05,Low
S035,M007,830,461,0.98,2,5.5438335e-07,Low
S041,M001,1013,969,0.77,2,8.035945e-06,Low
S030,M007,980,893,0.86,2,5.4753193e-05,Low
S017,M026,1001,458,0.84,1,0.00030666936,Low
S049,M007,867,487,0.91,2,1.4781944e-05,Low
S020,M020,824,359,0.72,2,0.40507984,Medium
S048,M007,1047,618,0.76,0,0.010610566,Low
S025,M008,959,510,0.76,2,4.0145283e-06,Low
S022,M016,1079,705,0.92,1,2.5306242e-06,Low
S013,M003,1056,963,0.76,-2,0.00019528458,Low
S019,M013,910,408,0.87,4,2.5116037e-06,Low
S049,M010,846,375,0.76,2,0.00024666378,Low
S036,M018,978,841,0.96,0,1.10433875e-05,Low
S012,M007,835,613,0.98,0,3.660217e-05,Low
S041,M021,997,416,0.86,-2,0.99796814,High
S019,M021,841,318,0.81,1,0.9764861,High
S012,M030,889,731,0.77,4,3.3321044e-06,Low
S009,M005,867,984,0.71,0,2.0531701e-05,Low
S007,M023,869,649,0.78,-2,0.0008140699,Low
S028,M025,909,482,0.9,0,0.0028874194,Low
S014,M027,821,412,0.86,-1,0.9709603,High
S031,M024,1076,482,0.98,1,0.0113604935,Low
S019,M022,994,780,0.82,-3,4.121566e-05,Low
S047,M007,844,445,0.91,2,5.2788168e-05,Low
S016,M025,910,927,0.85,0,0.00020121087,Low
S005,M030,1008,412,0.85,2,3.1167767e-06,Low
S035,M027,1029,775,0.78,1,1.4657435e-06,Low
S012,M022,977,602,0.84,1,1.0361466e-05,Low
S025,M017,1049,417,0.84,0,0.000120793644,Low
S021,M004,810,460,0.91,-1,0.99899584,High
S036,M024,1051,700,0.98,2,4.531375e-06,Low
S023,M023,1034,497,0.8,1,5.50106e-06,Low
S016,M016,935,559,0.71,-2,0.014742957,Low
S039,M019,1053,959,0.85,-3,4.2594387e-05,Low
S045,M010,853,346,0.86,-1,0.00048054566,Low
S042,M003,928,698,0.75,1,6.1330575e-06,Low
S039,M027,1025,858,0.93,-1,8.4967405e-06,Low
S014,M003,819,377,1.0,1,6.848202e-06,Low
S031,M028,899,423,0.98,1,0.95837474,High
S005,M017,1089,374,0.76,1,0.9903589,High
S035,M010,856,436,0.96,0,5.2330256e-06,Low
S023,M017,1025,901,0.91,2,6.406333e-07,Low
S029,M022,940,699,0.84,2,1.1562282e-06,Low
S043,M030,924,804,0.86,2,1.6164253e-06,Low
S011,M030,851,799,0.95,-2,5.4223947e-06,Low
S018,M017,933,872,0.84,3,3.0665951e-06,Low
S047,M021,1091,437,0.81,-2,0.012743371,Low
S012,M004,952,349,0.85,1,0.99714607,High
S009,M021,985,918,0.87,2,6.3768243e-07,Low
S010,M023,1038,924,0.76,2,6.09328e-05,Low
S044,M006,982,553,0.97,3,1.4793203e-06,Low
S017,M012,802,929,0.9,2,1.1345992e-06,Low
S038,M025,1083,862,0.89,-2,9.936229e-05,Low
S007,M022,995,725,0.73,2,8.8450213e-07,Low
S046,M025,965,846,0.88,4,2.1621115e-06,Low
S013,M020,1089,601,0.74,-1,6.2473496e-06,Low
S040,M017,940,880,0.72,-2,3.192442e-06,Low
S042,M017,910,648,0.86,3,6.590006e-06,Low
S009,M010,1060,348,0.82,2,0.9933809,High
S050,M007,987,373,0.88,2,8.688061e-06,Low
S027,M029,1072,560,0.73,2,5.099664e-06,Low
S002,M016,984,655,0.83,-1,0.000150128,Low
S005,M029,1086,881,0.75,0,1.4506784e-05,Low
S029,M013,891,901,1.0,-2,0.00010398591,Low
S037,M003,993,559,0.87,0,0.0009213484,Low
S038,M002,846,937,0.91,2,8.419342e-07,Low
S019,M016,943,594,0.8,1,0.00030767883,Low
S008,M030,948,940,0.73,-2,0.0009143105,Low
S048,M006,919,612,0.99,3,4.2587195e-05,Low
S045,M006,933,911,0.79,3,2.562895e-06,Low
S001,M013,996,481,0.83,1,4.890603e-05,Low
S022,M007,836,985,0.89,2,7.7570974e-07,Low
S017,M005,986,663,0.71,1,2.682665e-06,Low
S007,M024,1012,487,0.94,3,0.0016677545,Low
S025,M007,909,868,0.86,-1,0.00011021267,Low
S045,M002,986,842,0.78,-1,1.4501183e-05,Low
S004,M017,877,895,0.72,1,9.6500225e-05,Low
S036,M013,1097,963,0.75,0,2.2981007e-05,Low
S006,M030,924,847,0.97,-1,1.5623764e-05,Low
S031,M025,801,707,0.91,-2,1.722142e-05,Low
S019,M021,870,917,0.77,1,1.086316e-05,Low
S044,M028,1011,713,0.72,1,2.3375174e-05,Low
S039,M027,807,641,0.91,2,2.6682592e-06,Low
S027,M021,983,519,0.87,-1,0.005150616,Low
S010,M028,963,462,0.82,-2,0.000112495865,Low
S026,M016,1068,519,0.81,0,6.302536e-05,Low
S019,M026,1094,569,0.77,1,2.3542505e-06,Low
S039,M020,880,931,0.9,0,0.00016743851,Low
S003,M002,1061,699,0.99,-2,0.00047724028,Low
S045,M005,1074,481,0.75,-2,0.0002443989,Low
S013,M018,904,917,0.88,0,7.100315e-05,Low
S050,M028,827,504,0.83,0,0.81602705,High
S028,M007,846,881,0.83,-2,3.541821e-05,Low
S020,M011,854,855,0.78,-1,5.9115795e-05,Low
S028,M025,878,527,0.95,-2,5.6189037e-05,Low
S008,M025,800,995,0.85,-2,0.0010707522,Low
S041,M011,967,918,0.86,3,1.6099929e-06,Low
S039,M022,822,895,0.79,2,7.3949645e-06,Low
S001,M017,1027,549,0.75,-1,5.4277493e-06,Low
S003,M016,1097,740,0.73,-2,1.4276543e-05,Low
S013,M013,1059,832,0.91,1,3.8944822e-06,Low
S028,M022,1063,495,0.76,-1,0.0135932965,Low
S049,M005,963,989,0.91,2,3.0209387e-06,Low
S025,M020,809,818,0.82,3,1.2391333e-06,Low
S033,M016,915,369,0.82,2,2.3158262e-05,Low
S038,M028,957,938,0.84,1,2.2695824e-05,Low
S006,M022,1071,698,0.81,3,1.5498765e-05,Low
S044,M022,957,971,0.73,0,6.965524e-06,Low
S045,M016,1001,502,0.79,2,2.3130915e-05,Low
S032,M016,920,447,0.9,0,0.831524,High
S045,M014,938,771,0.9,-2,3.6082973e-05,Low
S047,M006,961,954,0.79,1,1.8423203e-05,Low
S021,M002,1007,498,0.84,3,2.5281927e-06,Low
S016,M014,854,725,0.76,3,1.1714986e-06,Low
S021,M016,1059,965,0.76,-1,5.6766394e-06,Low
S011,M023,843,791,0.71,-1,8.015135e-06,Low
S037,M030,958,441,0.97,-1,0.45137754,Medium
S036,M020,897,612,0.76,0,6.7552696e-06,Low
S035,M013,825,464,0.77,3,8.215552e-07,Low
S019,M015,997,613,0.78,0,0.00077426207,Low
S020,M012,896,320,0.74,3,1.1199689e-05,Low
S018,M009,1038,381,0.89,2,3.4123266e-06,Low
S047,M026,811,880,0.72,2,1.513665e-06,Low
S041,M018,844,430,0.74,1,0.040176325,Low
S049,M021,808,898,0.89,1,2.3866746e-06,Low
S014,M014,800,604,0.8,3,6.9525623e-07,Low
S015,M020,1009,670,0.91,2,2.4618673e-06,Low
S031,M025,853,683,0.87,0,4.052986e-05,Low
S001,M004,903,744,0.78,0,5.1880033e-05,Low
S003,M008,951,724,0.9,2,1.3550523e-06,Low
S016,M008,809,460,0.73,1,7.107787e-05,Low
S023,M022,839,477,0.86,-1,7.068583e-05,Low
S011,M022,843,928,0.83,1,1.6925045e-05,Low
S012,M016,1067,789,0.78,0,2.114081e-05,Low
S010,M027,1077,626,0.88,0,5.0953226e-06,Low
S032,M024,954,897,0.96,0,0.0010910181,Low
S016,M028,881,588,1.0,-1,0.00092374545,Low
S008,M029,996,892,0.88,1,2.4275203e-05,Low
S038,M028,851,963,0.82,-1,6.8037814e-05,Low
S012,M010,1022,872,0.77,2,8.905982e-06,Low
S024,M025,858,872,0.78,4,1.5517905e-06,Low
S028,M021,1093,653,0.84,2,2.7794947e-06,Low
S008,M027,1075,327,0.81,4,0.032606367,Low
S028,M017,1075,342,0.97,-1,0.017046493,Low
S036,M001,909,980,0.81,2,7.03068e-06,Low
S026,M018,829,722,0.81,0,2.6405855e-06,Low
S008,M010,906,897,0.82,3,5.349648e-06,Low
S050,M026,1096,476,0.95,3,2.9792104e-06,Low
S028,M021,894,828,0.9,0,1.2069272e-05,Low
S028,M004,1084,909,0.88,2,3.6813257e-05,Low
S037,M001,1006,793,0.8,1,3.6126392e-05,Low
S041,M004,971,497,0.95,2,6.971489e-05,Low
S036,M004,878,909,0.71,0,0.00010037661,Low
S027,M026,1049,876,0.96,1,4.921387e-06,Low
S017,M004,1017,816,0.85,1,1.2945612e-05,Low
S009,M017,856,813,0.82,-1,2.1740439e-06,Low
S033,M009,946,321,0.85,-3,0.99822074,High
S020,M030,1033,411,0.9,1,0.97714293,High
S013,M019,816,356,0.7,-3,0.0028791446,Low
S028,M013,996,365,0.96,-1,0.0016225205,Low
S048,M004,988,397,0.83,2,0.00024698148,Low
S029,M005,931,443,0.8,2,1.4137265e-05,Low
S013,M029,1047,734,0.74,2,4.932678e-06,Low
S046,M013,949,936,0.83,1,2.4440278e-06,Low
S035,M023,1001,978,0.85,0,0.00012602915,Low
S006,M016,1012,385,0.82,-2,0.9954542,High
S018,M022,1016,887,0.9,0,4.211989e-05,Low
S005,M005,805,643,0.83,2,3.3713008e-05,Low
S047,M008,957,593,0.99,2,0.004119406,Low
S025,M016,874,870,0.88,-1,7.247474e-06,Low
S002,M030,1050,949,0.94,1,1.8079023e-05,Low
S010,M001,845,910,0.73,-2,1.7635357e-05,Low
S030,M023,1028,542,0.82,1,0.8871958,High
S050,M028,981,860,0.8,2,2.418783e-05,Low
S045,M006,882,331,0.87,4,8.728523e-05,Low
S005,M011,944,690,0.96,3,8.160632e-06,Low
S033,M016,849,576,0.72,-3,0.0035852306,Low
S001,M005,899,831,0.72,3,8.074817e-06,Low
S018,M016,1019,453,0.96,-2,0.9549729,High
S032,M007,938,682,0.76,0,0.0001505845,Low
S047,M019,813,367,0.9,3,0.35792604,Low
S049,M001,812,513,0.86,-1,0.00013673092,Low
S011,M009,1049,954,0.95,4,3.9779836e-05,Low
S021,M018,971,675,0.74,-2,4.8678753e-06,Low
S026,M013,905,512,0.74,0,0.97693074,High
S025,M026,988,378,0.87,4,0.033151336,Low
S022,M015,816,927,0.98,3,4.6073274e-06,Low
S027,M003,849,903,0.82,2,2.1956275e-05,Low
S049,M024,1048,680,0.8,2,6.185749e-07,Low
S013,M028,1026,979,0.88,2,1.3047465e-06,Low
S033,M010,878,357,0.98,1,0.0009624776,Low
S034,M009,1071,325,0.95,1,0.00019177752,Low
S041,M013,1012,746,1.0,1,1.2022033e-06,Low
S035,M016,816,365,0.71,0,0.0852085,Low
S001,M003,1050,553,0.73,3,2.4612695e-05,Low
S021,M022,883,343,0.88,1,0.6688138,Medium
S048,M023,996,396,0.95,1,6.8193316e-05,Low
S006,M015,1064,853,0.79,1,1.7914252e-06,Low
S028,M017,817,526,0.77,0,0.98443776,High
S017,M014,1020,978,0.94,0,1.46670645e-05,Low
S005,M007,1034,735,0.72,2,1.4580169e-05,Low
S031,M020,975,900,0.81,0,8.4057734e-05,Low
S005,M016,871,678,0.85,2,7.0865804e-07,Low
S038,M021,890,477,0.87,-3,0.5191382,Medium
S003,M008,822,726,0.92,0,0.00036609624,Low
S023,M004,1012,606,0.81,4,9.3878776e-07,Low
S037,M020,1093,803,0.88,-1,0.00015361278,Low
S037,M024,927,567,0.88,0,6.799546e-05,Low
S010,M015,858,885,0.86,3,1.596404e-06,Low
S010,M005,884,307,0.89,0,0.014113752,Low
S019,M013,1028,807,0.78,1,9.049353e-06,Low
S017,M006,1067,775,0.73,2,1.1816672e-05,Low
S021,M028,911,596,0.74,1,0.0004955501,Low
S014,M027,915,463,0.77,-3,0.009777475,Low
S009,M030,1037,784,0.85,-1,0.0010864701,Low
S046,M005,851,896,0.95,1,1.2560156e-05,Low
S001,M017,883,371,0.91,-2,0.9945562,High
S045,M007,910,866,0.94,0,4.7348472e-05,Low
S013,M006,999,858,0.81,1,3.4493576e-06,Low
S004,M002,1018,537,0.82,2,1.7374635e-06,Low
S001,M011,1028,403,0.82,1,3.979217e-05,Low
S049,M007,820,509,0.76,-1,0.9691823,High
S040,M022,975,853,0.72,3,2.0081766e-06,Low
S032,M021,855,767,0.88,0,2.4759289e-05,Low
S034,M008,1090,753,1.0,-1,3.4580327e-05,Low
S028,M005,1099,567,0.75,-2,0.00018705917,Low
S031,M027,1094,685,0.71,2,2.794629e-06,Low
S008,M018,942,686,0.93,-2,4.6245395e-06,Low
S039,M022,1025,558,0.78,0,7.162574e-06,Low
S026,M016,807,582,0.95,-1,4.508022e-06,Low
S034,M014,923,925,0.91,0,6.729325e-06,Low
S003,M012,1045,339,0.98,2,1.5226576e-05,Low
S050,M017,900,785,0.82,0,2.4060377e-05,Low
S012,M005,892,519,0.9,-2,0.9912254,High
S001,M014,1053,428,0.84,1,5.072563e-05,Low
S044,M006,879,819,0.89,4,1.0950771e-06,Low
S005,M015,1097,912,0.83,0,4.7209112e-05,Low
S030,M007,830,987,0.76,3,8.8178336e-07,Low
S030,M014,1098,918,0.85,-1,4.1558636e-05,Low
S017,M018,1081,912,0.86,0,5.6506274e-06,Low
S048,M001,811,559,0.94,-2,5.6957157e-05,Low
S047,M006,926,665,0.92,3,1.2012692e-06,Low
S023,M003,986,843,0.9,0,0.0007181824,Low
S015,M005,868,948,0.73,-1,7.886149e-05,Low
S037,M012,810,823,0.92,-3,0.00010830487,Low
S021,M011,822,315,0.85,1,0.009412168,Low
S014,M013,1008,428,0.97,-1,0.5592057,Medium
S002,M016,1014,874,0.98,-2,0.0003591029,Low
S011,M018,922,408,0.72,3,3.6149258e-06,Low
S039,M017,872,832,0.95,-1,0.0004027641,Low
S038,M017,1009,969,0.71,0,0.00015190797,Low
S034,M029,1073,568,0.81,-1,0.013684161,Low
S038,M011,893,461,0.86,0,9.054515e-07,Low
S050,M020,1035,559,0.74,1,0.00010879291,Low
S034,M010,953,401,0.92,0,0.009005339,Low
S018,M029,1073,805,0.7,2,1.946518e-06,Low
S030,M016,1012,870,0.75,1,2.8063538e-05,Low
S015,M002,927,546,0.87,1,7.490218e-07,Low
S027,M017,1032,939,0.91,-2,1.3550611e-05,Low
S034,M022,840,836,0.97,3,1.9784688e-06,Low
S038,M030,1088,430,0.91,1,5.6141103e-05,Low
S033,M020,842,652,0.9,1,1.3160048e-05,Low
S024,M010,1069,495,0.82,1,0.00075924,Low
S015,M013,827,965,0.7,1,3.8478584e-06,Low
S030,M012,1069,681,0.74,2,1.5284289e-06,Low
S042,M015,873,944,0.86,-2,5.222122e-06,Low
S017,M007,944,526,0.9,2,0.00047321603,Low
S005,M027,961,775,0.83,2,4.9335295e-06,Low
S029,M022,1045,776,0.92,0,3.0625637e-05,Low
S004,M021,1069,564,0.86,0,2.5093337e-05,Low
S010,M026,1010,671,0.72,1,1.544441e-06,Low
S017,M028,1079,785,0.76,0,1.1143043e-05,Low
S010,M013,1022,733,0.95,2,2.4230155e-06,Low
S017,M012,869,945,0.92,2,1.4032226e-05,Low
S020,M012,819,510,0.97,0,0.48107237,Medium
S024,M028,920,871,0.74,2,4.264038e-06,Low
S005,M002,972,676,1.0,-3,3.742489e-05,Low
S034,M005,833,694,0.76,1,9.913657e-06,Low
S006,M025,870,749,0.7,3,4.7212266e-06,Low
S002,M025,832,663,1.0,-1,0.4734298,Medium
S013,M002,1061,756,0.78,1,0.00055868493,Low
S043,M023,1071,525,0.9,-3,0.6261804,Medium
S043,M026,908,430,0.75,-1,6.838536e-06,Low
S048,M030,822,887,0.87,0,1.738357e-05,Low
S011,M020,945,775,0.97,2,8.0026626e-07,Low
S047,M013,813,576,0.8,0,7.6944e-06,Low
S023,M029,835,455,0.9,0,0.0020141285,Low
S016,M003,1070,517,0.76,-2,8.1814476e-05,Low
S031,M011,1060,489,0.89,2,1.6777632e-05,Low
S011,M016,852,716,0.8,1,9.690084e-07,Low
S016,M001,847,974,0.76,2,5.605248e-06,Low
S008,M019,810,991,0.79,4,1.3665308e-06,Low
S004,M011,1057,845,0.75,1,0.00015587544,Low
S040,M009,1079,340,0.97,1,0.0029215477,Low
S004,M014,1009,606,0.82,-3,0.0006475004,Low
S025,M009,811,637,0.77,2,4.328713e-06,Low
S003,M007,1050,613,0.83,1,6.711968e-06,Low
S032,M016,959,374,0.8,1,0.0001994629,Low
S003,M003,835,578,0.92,-2,9.358254e-05,Low
S027,M029,948,475,0.99,1,3.0395722e-05,Low
S029,M019,997,961,0.83,1,3.4540546e-06,Low
S032,M004,1045,572,0.96,-2,2.7864224e-05,Low
S050,M007,1003,919,0.87,0,0.0011795678,Low
S019,M023,843,950,0.75,3,1.4664576e-05,Low
S021,M028,1005,588,0.91,2,2.3662703e-06,Low
S005,M012,1040,571,0.85,-1,2.7876602e-06,Low
S018,M030,840,365,0.9,1,0.96128124,High
S028,M018,875,782,0.97,2,1.5595868e-06,Low
S042,M028,1001,547,0.83,2,8.388611e-06,Low
S022,M005,894,455,0.97,2,4.015968e-06,Low
S021,M023,827,346,0.93,-2,0.87639475,High
S006,M023,943,753,0.85,1,6.133798e-05,Low
S001,M022,858,500,0.88,1,0.6107383,Medium
S005,M026,928,959,0.8,-2,9.589872e-06,Low
S041,M010,800,423,1.0,1,0.00012829683,Low
S012,M012,1086,300,0.9,-2,0.949014,High
S026,M008,821,939,0.71,-2,3.193448e-05,Low
S046,M019,1025,490,0.8,-1,4.2275828e-05,Low
S034,M015,1003,878,0.89,-1,5.1402835e-06,Low
S049,M001,986,815,0.72,1,7.2404137e-06,Low
S014,M003,1083,741,0.71,-2,6.2044695e-05,Low
S026,M027,826,442,0.84,-3,0.00017106449,Low
S045,M018,928,490,0.8,-3,0.99921393,High
S027,M018,894,832,0.83,1,9.083089e-05,Low
S009,M030,865,526,0.78,2,2.4491877e-05,Low
S026,M030,976,612,0.75,-1,9.218313e-05,Low
S047,M002,1074,928,0.91,2,5.0880976e-06,Low
S022,M005,955,601,0.85,2,5.9615827e-06,Low
S047,M029,818,953,0.76,-2,0.00028154402,Low
S030,M001,857,759,0.8,-1,0.00023764027,Low
S043,M010,1072,700,0.88,-1,0.0065793786,Low
S048,M020,997,850,0.72,3,2.0243922e-06,Low
S017,M030,878,692,0.74,-1,0.0007766781,Low
S026,M010,840,506,0.72,-2,0.027650585,Low
S036,M005,1025,509,0.94,2,0.00041847106,Low
S001,M018,1060,414,0.93,1,5.2946576e-05,Low
S008,M021,1044,945,0.93,-1,0.0003474566,Low
S049,M026,822,550,0.91,0,0.00013134541,Low
S035,M015,996,518,0.9,1,0.00036524425,Low
S015,M020,1035,706,0.84,3,1.0219133e-05,Low
S047,M008,925,742,0.89,-1,1.3616767e-05,Low
S022,M017,1065,902,0.71,2,4.135811e-05,Low
S014,M012,939,653,0.89,0,5.0248836e-06,Low
S026,M021,926,857,0.93,0,4.062982e-05,Low
S028,M030,1085,849,0.85,-1,6.9398834e-06,Low
S023,M030,913,441,0.81,0,0.9657552,High
S014,M027,812,911,0.78,1,4.20647e-05,Low
S024,M012,1027,800,0.89,2,1.4952856e-06,Low
S002,M026,808,846,0.91,-2,0.00016600301,Low
S045,M001,945,958,0.96,1,1.4688986e-05,Low
S026,M026,962,841,0.8,-2,0.00011046024,Low
S014,M026,1022,806,0.93,2,1.1722205e-06,Low
S007,M004,1015,895,0.87,2,1.7054952e-06,Low
S003,M008,968,580,0.96,0,0.89459765,High
S047,M001,825,723,0.86,1,6.134578e-06,Low
S023,M027,924,569,0.86,1,0.45046487,Medium
S046,M015,1099,453,0.87,4,2.0166228e-06,Low
S043,M018,1049,913,0.92,2,0.00019372675,Low
S047,M001,809,961,0.99,1,1.8379521e-06,Low
S045,M011,904,382,0.72,-3,0.9986523,High
S018,M023,905,921,0.72,1,1.702475e-05,Low
S038,M002,800,725,0.98,-1,2.9232036e-05,Low
S035,M001,981,574,0.86,-2,0.000103709426,Low
S015,M012,940,583,0.88,0,0.0006105609,Low
S025,M016,1029,472,0.84,-1,0.0001634767,Low
S037,M022,863,626,0.73,-3,2.3275588e-05,Low
S028,M022,877,362,0.93,3,0.0026535466,Low
S010,M010,1031,372,0.92,-2,0.0029357416,Low
S039,M018,886,935,0.79,0,1.0160826e-05,Low
S017,M015,982,674,0.79,2,9.807855e-06,Low
S039,M017,945,932,0.95,2,2.8881036e-06,Low
S022,M030,891,807,0.72,-2,0.00010918962,Low
S026,M010,922,697,0.96,-1,0.002677505,Low
S044,M003,1075,419,0.78,-2,0.9870726,High
S025,M026,863,736,0.88,1,1.8714466e-06,Low
S017,M030,1018,975,0.98,0,2.8872416e-06,Low
S013,M021,991,764,0.9,-2,0.00015728487,Low
S020,M016,906,585,0.82,2,1.5748823e-05,Low
S025,M006,1046,564,0.91,-1,0.00091728684,Low
S004,M003,856,619,0.8,3,6.3184714e-05,Low
S010,M009,844,972,0.78,2,9.665838e-07,Low
S003,M011,885,675,1.0,-2,0.00031596152,Low
S041,M021,837,388,0.93,3,2.9020769e-06,Low
S045,M013,981,953,0.89,-1,0.00011812481,Low
S018,M018,963,502,0.81,-1,0.029224617,Low
S047,M026,1044,633,0.71,0,5.2584537e-06,Low
S036,M022,925,521,0.71,-2,7.0769015e-06,Low
S047,M028,1006,340,0.87,2,5.0835483e-06,Low
S022,M024,1066,367,0.93,-1,0.99986064,High
S034,M027,886,813,0.86,1,1.9192132e-06,Low
S047,M022,944,936,0.95,0,2.4896546e-05,Low
S008,M004,921,921,0.71,0,0.002107355,Low
S040,M022,897,897,0.81,2,7.536581e-06,Low
S049,M024,1088,931,0.77,3,1.8817406e-06,Low
S044,M008,932,426,0.83,2,0.00013971385,Low
S019,M013,864,554,0.72,3,7.884291e-06,Low
S042,M010,998,994,0.99,-1,4.5542307e-05,Low
S041,M002,924,315,0.77,3,6.685607e-05,Low
S037,M008,1007,776,0.98,1,2.9188498e-06,Low
S006,M006,1007,361,0.83,3,0.012862083,Low
S026,M016,1099,731,1.0,0,2.6323176e-05,Low
S034,M018,920,969,0.87,3,7.2259963e-06,Low
S045,M017,941,567,0.98,1,1.8681529e-05,Low
S006,M006,856,334,0.7,-2,0.99798214,High
S037,M013,944,875,0.92,0,1.3786331e-05,Low
S033,M023,843,793,0.97,-1,0.00062856084,Low
S022,M014,931,861,0.74,0,6.470916e-05,Low
S021,M030,880,768,0.73,3,4.674614e-06,Low
S006,M026,829,960,0.83,4,3.6531277e-05,Low
S006,M021,1008,624,0.98,1,3.2426165e-06,Low
S048,M030,1042,603,0.86,-3,0.0012908974,Low
S004,M010,982,575,0.86,1,2.3168984e-06,Low
S030,M024,957,983,0.74,3,1.2101934e-06,Low
S011,M011,945,500,0.7,-1,0.00014795508,Low
S030,M013,1032,744,0.94,3,1.1413397e-06,Low
S031,M012,891,623,0.73,0,8.856173e-06,Low
S024,M009,971,334,0.89,4,5.691856e-06,Low
S009,M004,989,781,0.97,1,1.9353415e-06,Low
S003,M007,830,779,0.76,-1,3.571097e-05,Low
S031,M024,908,364,0.9,-2,0.99962974,High
S040,M029,1071,307,0.72,2,7.916521e-05,Low
S037,M022,894,600,0.88,1,1.0913998e-06,Low
S036,M002,876,642,0.75,-1,0.00027911086,Low
S024,M007,950,730,0.92,2,5.968382e-05,Low
S031,M029,941,723,0.79,-1,5.445139e-06,Low
S006,M009,1030,631,0.84,-3,6.917571e-05,Low
S002,M005,1057,737,0.88,2,1.5101439e-06,Low
S020,M015,927,887,0.75,-1,1.520265e-05,Low
S028,M018,1023,473,0.92,0,0.95537305,High
S011,M004,983,858,0.79,2,1.596649e-06,Low
S004,M019,1079,826,0.9,-1,0.00034932033,Low
S015,M020,1092,958,0.75,1,6.4482556e-06,Low
S006,M026,828,325,0.91,2,0.000604633,Low
S049,M007,1097,904,0.74,3,1.2380936e-05,Low
S030,M026,817,705,0.83,0,9.348647e-05,Low
S038,M008,930,531,0.77,2,0.0003825464,Low
S002,M017,1068,832,0.92,-1,0.0003864416,Low
S015,M013,905,849,0.78,1,6.7976375e-06,Low
S011,M024,956,804,0.96,0,2.8829696e-05,Low
S008,M021,858,968,0.97,3,2.9505395e-06,Low
S026,M028,891,478,0.76,3,0.0034215965,Low
S045,M023,1059,431,0.88,1,0.95263636,High
S044,M011,850,754,0.73,3,4.97824e-06,Low
S005,M027,932,647,0.82,-2,0.0003880269,Low
S006,M001,966,839,0.91,1,1.3683866e-06,Low
S026,M002,1096,705,0.9,-3,7.7779005e-05,Low
S004,M017,804,375,0.89,0,0.99845994,High
S019,M005,935,878,0.78,2,1.4868078e-06,Low
S020,M030,1025,791,0.81,-3,2.026282e-05,Low
S033,M030,983,493,0.73,0,0.049037904,Low
S020,M006,890,461,0.92,1,0.00023780164,Low
S049,M026,988,646,0.85,0,4.5385834e-05,Low
S012,M025,932,660,0.91,4,6.470728e-06,Low
S047,M024,971,883,0.77,-2,2.4187652e-06,Low
S001,M007,1049,386,0.8,2,0.99026394,High
S026,M028,860,561,0.8,1,4.3411386e-05,Low
S014,M021,849,513,0.71,0,0.017040668,Low
S038,M030,1022,964,0.8,3,5.8269725e-06,Low
S037,M015,971,872,0.94,1,8.973444e-06,Low
S011,M019,1024,561,0.97,-1,1.6048763e-05,Low
S036,M016,990,582,0.86,0,1.0117362e-06,Low
S013,M025,1064,947,0.84,0,0.00035445156,Low
S043,M013,1043,766,0.71,1,4.147504e-06,Low
S003,M005,878,679,0.96,-1,0.00018595712,Low
S033,M003,821,661,0.7,4,2.0929956e-05,Low
S006,M003,835,748,0.98,1,3.703458e-06,Low
S050,M019,955,740,0.85,-3,1.3100108e-05,Low
S010,M014,855,392,0.8,1,9.920324e-06,Low
S005,M016,1047,920,0.98,2,2.1164078e-06,Low
S023,M022,1060,723,0.71,1,0.00012200497,Low
S010,M017,1059,441,0.87,-2,0.00027307862,Low
S044,M027,814,590,0.86,3,1.3014843e-06,Low
S002,M004,987,731,0.77,0,0.00010692039,Low
S013,M013,825,988,0.83,3,8.742376e-06,Low
S040,M008,822,952,0.9,-1,1.4843662e-05,Low
S002,M019,902,348,0.92,-3,0.8625854,High
S020,M005,828,601,0.7,-2,7.7223835e-05,Low
S001,M002,856,489,0.98,-3,2.6524669e-05,Low
S037,M015,861,435,0.75,1,0.9783403,High
S009,M002,847,854,0.77,-1,0.0017101534,Low
S017,M011,834,703,0.78,3,1.0001056e-06,Low
S009,M013,845,901,0.71,1,7.990827e-06,Low
S011,M023,832,640,0.74,-1,2.8437067e-05,Low
S015,M010,1025,617,1.0,2,1.729527e-05,Low
S024,M003,1065,917,0.79,1,3.7274152e-05,Low
S038,M005,1015,662,0.73,-2,0.0007915866,Low
S035,M003,1016,681,0.73,-2,1.9298075e-05,Low
S030,M006,975,532,0.92,1,0.00012351018,Low
S031,M013,843,643,0.96,4,3.165625e-05,Low
S049,M010,1018,848,0.78,2,2.681997e-06,Low
S005,M019,925,852,0.71,1,5.4563043e-06,Low
S044,M008,999,828,0.77,-2,3.8402857e-05,Low
S050,M018,884,870,0.72,1,9.577827e-06,Low
S014,M003,840,482,0.73,2,6.9651253e-07,Low
S011,M024,1010,340,0.83,2,0.98296577,High
S009,M024,838,850,0.77,4,9.251548e-05,Low
S034,M017,1068,696,0.85,1,0.0003023654,Low
S012,M008,980,793,0.78,4,7.166127e-06,Low
S035,M010,1030,958,0.98,1,1.718567e-05,Low
S035,M002,869,632,0.97,4,2.0399623e-06,Low
S001,M012,875,426,0.87,2,0.0019262386,Low
S040,M023,1075,857,0.81,-3,2.121228e-05,Low
S022,M006,1033,856,0.81,2,5.3174733e-07,Low
S029,M002,935,300,0.82,2,0.00012759313,Low
S008,M021,953,467,0.92,-2,0.99917966,High
S011,M023,1093,919,0.84,2,2.4027179e-06,Low
S041,M024,898,318,0.96,3,0.024571031,Low
S037,M003,929,631,0.98,2,2.0774253e-06,Low
S014,M017,806,883,0.8,0,1.7948756e-05,Low
S030,M029,904,755,0.87,2,0.0005005653,Low
S035,M007,849,408,0.73,-1,5.1037772e-05,Low
S021,M029,1023,567,0.76,0,0.00054411887,Low
S037,M021,863,744,0.82,-1,2.3823993e-06,Low
S005,M005,980,539,0.76,-2,2.3280948e-06,Low
S019,M023,874,600,0.96,1,5.2685336e-06,Low
S014,M001,1065,901,0.75,-1,3.2151438e-05,Low
S026,M008,988,402,0.84,3,2.3298182e-06,Low
S004,M012,982,549,0.88,0,0.0018989635,Low
S025,M014,867,752,0.91,-2,6.0513794e-05,Low
S045,M016,969,819,0.81,-1,0.0010060372,Low
S042,M010,971,452,0.96,3,0.005367915,Low
S025,M015,1083,473,0.87,2,2.5480215e-06,Low
S018,M021,906,642,0.83,-1,0.012017973,Low
S040,M024,910,969,0.72,2,9.00585e-07,Low
S008,M026,877,730,0.84,-2,7.0668116e-06,Low
S039,M015,985,988,0.95,2,2.418998e-06,Low
S040,M010,1052,986,0.88,-2,0.000102767895,Low
S014,M021,1035,957,0.95,-1,0.00016735583,Low
S032,M028,892,623,0.85,-2,2.1304928e-05,Low
S038,M007,929,972,0.74,3,1.6804781e-06,Low
S033,M026,982,938,0.7,2,8.742832e-07,Low
S023,M003,833,719,0.79,-1,1.5737958e-06,Low
S015,M002,1021,893,0.91,-1,1.4795793e-05,Low
S033,M006,1081,784,0.94,1,3.9922845e-05,Low
S025,M021,800,958,0.79,1,1.3402596e-06,Low
S017,M009,896,711,0.85,1,2.3195085e-05,Low
S033,M010,886,383,0.83,2,0.002371576,Low
S047,M004,1051,412,0.82,3,1.5399831e-06,Low
S002,M027,814,631,0.77,2,2.0840407e-05,Low
S014,M003,941,677,0.74,-3,0.00024026138,Low
S040,M009,1088,954,0.76,2,4.3563417e-05,Low
S040,M024,869,340,0.72,-1,0.021697888,Low
S039,M022,1078,404,0.76,0,0.16369502,Low
S006,M017,853,501,0.7,0,0.00015116729,Low
S006,M014,1051,749,0.89,0,3.7689856e-06,Low
S003,M010,1046,565,0.79,-1,5.7918032e-06,Low
S007,M013,933,509,0.99,-3,0.00019684895,Low
S008,M012,1043,862,0.76,-1,4.5392975e-05,Low
S042,M027,1038,417,0.8,1,0.005952147,Low
S015,M001,816,676,0.81,-2,8.9848845e-06,Low
S047,M028,1078,850,0.7,1,3.6363322e-06,Low
S029,M022,1032,839,0.95,4,9.713755e-06,Low
S033,M029,953,383,0.71,0,0.0014134389,Low
S030,M019,985,753,0.98,1,3.579812e-05,Low
S039,M019,882,966,0.97,-2,9.408558e-05,Low
S027,M006,854,928,0.86,0,2.216314e-06,Low
S036,M013,861,813,0.86,-2,8.670307e-06,Low
S029,M019,858,904,0.9,0,3.9811985e-06,Low
S038,M013,941,977,0.82,2,6.7443324e-07,Low
S033,M027,948,686,0.89,2,4.4724543e-06,Low
S037,M026,973,649,0.71,0,0.011021692,Low
S027,M022,861,595,0.72,-2,9.930178e-06,Low
S033,M021,966,557,0.84,1,3.0337053e-06,Low
S004,M004,969,380,0.86,3,0.00026582548,Low
S022,M024,902,567,0.97,0,0.006103709,Low
S002,M002,827,718,0.73,4,8.8433006e-07,Low
S010,M015,883,534,0.95,3,1.6509162e-05,Low
S005,M012,933,610,0.76,1,1.7021892e-05,Low
S010,M030,858,656,0.82,1,4.6884898e-07,Low
S033,M027,889,512,0.79,-1,0.00024987804,Low
S038,M007,869,873,0.82,2,1.2538079e-06,Low
S013,M020,984,348,0.75,3,0.00019622606,Low
S031,M018,859,426,0.85,4,0.00012322514,Low
S047,M023,944,522,0.94,1,9.837181e-05,Low
S036,M013,967,578,0.83,-3,0.0076767895,Low
S045,M017,865,707,0.85,0,0.00020539136,Low
S024,M004,923,804,0.95,0,1.197311e-05,Low
S015,M025,1012,593,0.91,2,1.7452772e-05,Low
S029,M014,981,576,0.85,1,1.3590729e-05,Low
S008,M020,870,737,0.78,2,0.00031305812,Low
S005,M028,843,406,0.97,0,0.00020140015,Low
S029,M013,994,957,0.87,0,8.387542e-05,Low
S047,M003,856,719,0.77,-1,0.026116015,Low
S004,M026,1091,910,0.78,-2,0.001838297,Low
S012,M026,856,728,0.94,0,3.9749084e-05,Low
S045,M018,970,674,0.71,1,1.5377128e-06,Low
S002,M014,1099,372,1.0,3,0.75986797,High
S027,M015,882,933,0.74,1,7.215815e-05,Low
S031,M003,893,329,0.94,3,6.979115e-06,Low
S036,M001,1066,487,0.82,3,7.6525606e-07,Low
S036,M026,960,663,0.85,1,7.335723e-06,Low
S026,M024,901,750,0.96,4,2.6573989e-05,Low
S043,M017,911,494,0.82,2,0.0034155645,Low
S027,M003,865,455,0.86,-2,0.00013206856,Low
S005,M014,909,471,0.71,2,9.049449e-05,Low
S020,M003,919,340,0.7,4,3.293339e-05,Low
S011,M013,1078,362,0.77,2,0.00012212695,Low
S010,M015,1041,322,0.9,3,0.0087926425,Low
S040,M018,947,659,0.74,3,1.5157913e-06,Low
S038,M014,1041,374,0.73,-2,0.16248667,Low
S006,M021,1021,859,0.82,0,3.1761483e-05,Low
S008,M026,1070,971,0.89,-1,1.0296886e-05,Low
S023,M003,1085,417,0.91,3,4.4484755e-06,Low
S047,M019,803,911,0.75,2,1.3402185e-06,Low
S026,M008,807,679,0.72,0,5.183226e-05,Low
S046,M004,851,978,0.98,1,9.91794e-05,Low
S043,M004,941,589,0.78,0,6.377773e-05,Low
S012,M019,1066,739,0.96,3,9.461675e-06,Low
S026,M011,1079,967,0.96,-1,0.00028932688,Low
S013,M001,887,306,0.93,3,0.99260485,High
S040,M008,959,495,0.75,-3,1.4303608e-05,Low
S018,M015,827,720,0.95,0,0.00035280772,Low
S025,M001,815,867,0.93,0,2.8801143e-05,Low
S033,M007,1097,492,0.88,0,0.9991184,High
S047,M021,1071,858,0.8,2,3.129283e-06,Low
S040,M020,899,447,0.78,0,0.00016298595,Low
S043,M020,1003,968,0.74,0,5.0841758e-05,Low
S012,M024,989,501,0.85,1,0.00021385532,Low
S044,M011,833,743,0.88,3,4.6820114e-06,Low
S036,M027,1093,718,0.81,0,6.404107e-05,Low
S048,M029,1077,726,0.84,-1,0.00027578376,Low
S004,M014,1058,778,0.81,0,2.2186585e-05,Low
S005,M022,1056,774,0.89,3,4.33565e-06,Low
S037,M016,852,425,0.97,-2,6.2440595e-05,Low
S008,M014,991,694,0.75,-2,2.5198899e-05,Low
S042,M012,971,875,0.81,-1,7.5124626e-06,Low
S049,M017,846,624,0.74,1,9.599764e-06,Low
S028,M014,990,691,0.89,1,3.8132275e-06,Low
S031,M010,840,987,0.92,1,8.795923e-06,Low
S009,M024,993,927,0.98,2,8.890741e-06,Low
S029,M029,865,739,0.78,2,1.1191393e-06,Low
S014,M014,842,503,0.99,2,3.1128235e-05,Low
S040,M018,989,785,0.72,2,5.2451915e-06,Low
S041,M022,888,330,0.88,1,0.99879944,High
S022,M009,975,687,0.72,3,1.3081619e-05,Low
S011,M017,825,924,0.97,1,4.685063e-05,Low
S023,M006,898,733,0.86,4,1.8087586e-06,Low
S001,M008,860,675,0.9,0,1.3519089e-05,Low
S046,M026,1049,643,0.95,2,5.5356635e-05,Low
S037,M013,1024,742,0.75,2,1.5213989e-06,Low
S021,M018,881,878,0.71,-2,6.059729e-05,Low
S026,M005,981,374,0.96,2,1.1084368e-05,Low
S046,M006,987,856,0.79,1,1.0927705e-06,Low
S036,M021,843,965,0.74,3,1.6606544e-06,Low
S023,M019,1058,454,0.84,0,0.96385574,High
S001,M004,897,729,0.88,2,3.260151e-06,Low
S040,M007,890,662,0.71,-1,7.701872e-05,Low
S015,M004,940,747,0.78,-1,8.545147e-05,Low
S021,M025,1051,533,0.71,0,3.4532444e-05,Low
S047,M011,1007,862,0.83,0,0.001706386,Low
S009,M012,978,561,0.97,1,9.792749e-07,Low
S009,M014,1097,424,0.99,0,0.7742591,High
S010,M013,986,544,0.89,-1,0.8803237,High
S026,M029,909,841,0.75,-2,9.419514e-06,Low
S041,M010,1018,784,0.97,2,1.02377835e-05,Low
S035,M018,802,421,0.85,0,2.9757985e-05,Low
S025,M016,840,424,0.75,0,0.013327486,Low
S026,M005,924,848,0.98,3,1.2490517e-05,Low
S011,M008,1056,469,0.93,1,6.6812504e-06,Low
S038,M014,992,423,0.92,1,5.778623e-06,Low
S002,M005,914,334,0.91,1,0.98496616,High
S007,M026,869,386,0.76,-1,0.09455275,Low
S018,M028,896,945,0.76,3,1.2039324e-06,Low
S027,M024,1015,500,0.91,3,2.9140326e-06,Low
S034,M008,1023,668,0.77,0,1.2910618e-06,Low
S027,M025,1080,376,0.83,2,6.8075715e-05,Low
S017,M026,928,358,0.93,-2,0.912439,High
S043,M006,898,730,0.94,0,1.8394605e-05,Low
S044,M016,1069,937,0.84,2,1.2544132e-06,Low
S024,M028,1046,799,0.94,-1,2.7228527e-05,Low
S025,M004,985,408,0.95,3,1.9773594e-05,Low
S007,M012,1043,577,0.9,4,1.0837364e-05,Low
S006,M011,837,367,0.77,-2,0.029034002,Low
S024,M003,1056,368,0.78,2,0.0042813113,Low
S033,M012,1047,464,0.79,0,1.8789895e-05,Low
S049,M030,932,788,0.74,0,0.00036331272,Low
S029,M005,843,604,0.78,-3,1.0237988e-05,Low
S043,M006,992,973,0.76,2,1.6346933e-06,Low
S022,M019,856,664,0.84,0,2.1449672e-05,Low
S026,M018,1047,678,0.97,1,4.706383e-05,Low
S028,M016,903,642,0.73,3,3.5979687e-05,Low
S050,M023,844,853,0.92,-1,7.691751e-06,Low
S021,M011,859,653,0.91,-1,2.6634423e-05,Low
S049,M005,865,715,0.73,-2,7.7182165e-05,Low
S007,M009,1022,408,0.98,-1,0.29769805,Low
S017,M003,846,862,0.87,1,2.342618e-06,Low
S020,M030,1037,796,0.81,-1,0.00092026754,Low
S041,M008,825,640,0.93,-1,7.9698975e-06,Low
S049,M006,893,682,0.78,0,5.1349625e-06,Low
S020,M004,909,832,0.91,1,1.8827835e-06,Low
S022,M012,1060,599,0.71,0,4.151938e-05,Low
S028,M012,1053,438,0.95,-2,0.00092244596,Low
S040,M025,1094,658,0.83,-2,0.002176428,Low
S049,M021,839,798,0.89,1,2.5477373e-06,Low
S007,M016,1091,684,0.77,3,6.673271e-06,Low
S001,M010,1053,903,0.9,-1,4.448355e-05,Low
S032,M022,896,579,0.93,2,8.6163135e-07,Low
S013,M014,825,936,0.84,1,0.00011420981,Low
S030,M013,903,782,0.89,-1,7.790015e-06,Low
S023,M009,902,410,0.84,1,0.97829574,High
S019,M007,874,438,0.97,2,1.5157639e-06,Low
S032,M012,884,734,0.85,0,2.3470555e-05,Low
S030,M005,1013,808,0.95,3,1.496297e-06,Low
S029,M018,912,572,0.94,4,7.437758e-07,Low
S049,M004,856,398,0.82,4,0.00023586173,Low
S045,M002,900,403,0.77,3,0.033185,Low
S029,M003,1049,513,0.82,-2,0.00090720254,Low
S030,M026,934,963,0.95,-2,0.00046564653,Low
S016,M012,940,464,0.77,-2,6.520452e-05,Low
S040,M003,883,819,0.86,3,0.00010630644,Low
S019,M004,1006,583,0.94,1,3.1456402e-05,Low
S018,M006,1029,816,0.81,-1,0.00015801754,Low
S001,M012,860,956,0.89,-1,1.505774e-05,Low
S014,M019,1016,912,0.77,1,6.8701997e-06,Low
S047,M010,855,463,0.73,2,8.879969e-07,Low
S050,M030,828,958,0.94,-1,2.6089605e-05,Low
S002,M001,910,363,0.73,-2,0.97696084,High
S028,M017,891,390,0.78,1,0.017762095,Low
S049,M016,941,416,0.96,-3,0.000496452,Low
S050,M009,901,566,0.8,2,1.9584648e-05,Low
S030,M025,870,984,0.99,1,9.949799e-07,Low
S038,M021,812,858,0.99,-3,3.3270462e-05,Low
S004,M009,956,439,0.78,2,1.78948e-05,Low
S001,M027,880,545,0.71,1,0.00087516994,Low
S008,M023,899,960,0.91,1,3.8848517e-05,Low
S029,M009,882,694,0.84,1,4.121214e-06,Low
S039,M012,1017,786,0.73,3,1.5314141e-05,Low
S003,M023,1036,775,0.91,2,6.7929745e-05,Low
S032,M009,924,816,0.71,1,1.668724e-06,Low
S010,M015,1000,483,0.96,0,4.049173e-05,Low
S010,M002,801,319,0.74,4,0.46164122,Medium
S019,M011,861,857,0.74,-2,1.4984339e-05,Low
S046,M011,819,823,0.75,-1,0.0003629203,Low
S034,M008,1009,881,0.99,4,4.013491e-06,Low
S033,M023,979,828,0.91,3,1.2234841e-06,Low
S023,M006,861,446,0.94,1,8.308359e-05,Low
S028,M021,1072,965,0.82,3,1.8550811e-06,Low
S032,M020,1094,603,0.8,2,2.7486523e-05,Low
S050,M007,1040,919,0.77,1,3.283301e-05,Low
S007,M003,1050,881,0.84,0,8.368679e-05,Low
S029,M008,809,994,0.87,-1,0.00075992255,Low
S008,M018,986,527,0.89,1,1.1847349e-06,Low
S001,M017,909,401,0.78,2,1.0746324e-05,Low
S003,M011,827,886,0.98,0,0.00024435183,Low
S024,M002,860,716,0.75,0,3.0834456e-06,Low
S023,M025,857,515,0.99,0,0.9937084,High
S008,M021,1099,706,0.7,-2,7.118606e-05,Low
S047,M027,1051,698,0.84,1,1.9602661e-05,Low
S037,M024,1055,798,0.8,0,3.1090522e-06,Low
S003,M019,944,764,0.83,-1,7.5745906e-05,Low
S033,M007,878,990,0.87,3,6.707566e-06,Low
S028,M018,1093,381,0.83,3,5.6238194e-05,Low
S047,M008,1085,903,0.82,1,5.080117e-06,Low
S008,M014,1087,986,0.92,1,3.0957383e-06,Low
S034,M007,1013,664,0.91,-1,0.00012530155,Low
S035,M028,819,462,0.95,3,2.2975724e-05,Low
S032,M021,1029,347,0.77,1,0.00043459443,Low
S024,M028,863,810,0.88,-3,0.0033231715,Low
S014,M027,835,628,0.88,1,7.1372306e-05,Low
S032,M004,1010,415,0.81,2,1.4598257e-06,Low
S046,M017,970,636,0.85,3,1.1171836e-06,Low
S043,M005,825,446,0.79,4,6.891885e-05,Low
S016,M012,1062,874,0.74,3,1.2274951e-06,Low
S004,M009,1089,622,0.76,1,4.1340052e-05,Low
S037,M026,963,742,0.73,-1,1.9003748e-05,Low
S021,M020,861,312,0.9,2,2.4999372e-05,Low
S014,M013,885,793,0.9,-1,4.2983746e-05,Low
S031,M025,872,586,0.99,-2,0.00022083597,Low
S048,M028,859,413,0.92,0,0.99936086,High
S018,M018,977,779,0.72,-1,8.024862e-05,Low
S007,M020,851,321,0.97,-1,0.017415145,Low
S010,M009,944,648,0.96,4,1.4108564e-05,Low
S007,M004,876,982,0.83,-1,0.00011570466,Low
S033,M021,918,865,0.88,-3,7.3571896e-06,Low
S023,M027,1008,619,0.99,-3,1.1677646e-05,Low
S021,M008,981,425,0.86,-2,7.126077e-05,Low
S019,M001,937,576,0.97,-1,2.610026e-06,Low
S048,M017,924,503,0.72,3,1.6810438e-06,Low
S019,M025,952,493,0.76,-1,1.2246853e-05,Low
S036,M009,817,980,0.83,-1,4.5223776e-05,Low
S029,M020,863,963,0.88,1,2.2755987e-05,Low
S018,M013,1035,846,0.94,0,1.1872666e-05,Low
S002,M002,878,995,1.0,1,4.4966096e-06,Low
S001,M013,858,585,0.82,-3,9.3087265e-06,Low
S047,M009,1050,356,0.71,0,0.0056903,Low
S005,M030,860,602,0.94,0,0.0019060068,Low
S020,M020,917,462,0.88,1,0.97349584,High
S011,M006,878,318,0.76,-2,0.96080786,High
S042,M028,1036,669,0.85,1,2.7512462e-05,Low
S002,M001,970,563,0.92,1,2.4988599e-06,Low
S003,M028,1043,412,0.93,1,0.9787674,High
S023,M025,1007,787,0.85,2,1.1238141e-05,Low
S012,M005,886,626,0.79,1,5.316239e-06,Low
S020,M003,938,841,0.99,2,5.09613e-06,Low
S005,M004,887,946,0.9,1,4.5225033e-06,Low
S037,M001,932,878,0.82,0,1.1981587e-05,Low
S038,M014,838,364,0.78,0,4.109282e-05,Low
S030,M009,975,591,0.92,2,4.850183e-06,Low
S009,M030,879,324,0.77,0,0.9347441,High
S034,M024,819,848,0.75,-1,4.634588e-06,Low
S044,M004,1020,300,0.86,-2,0.9996948,High
S035,M018,1074,848,0.79,0,1.2751999e-05,Low
S022,M014,987,440,0.89,3,7.745108e-07,Low
S044,M025,953,947,0.74,-2,0.0013769796,Low
S024,M004,942,487,0.9,2,3.377682e-05,Low
S017,M025,1050,427,0.78,-2,0.001507305,Low
S010,M010,1011,500,0.7,1,0.0018487446,Low
S030,M003,948,426,0.74,-2,0.0053106737,Low
S046,M023,974,556,0.98,0,1.5074881e-05,Low
S023,M007,971,975,0.96,-3,2.2137066e-05,Low
S032,M010,933,846,0.77,1,3.4266914e-06,Low
S017,M013,915,493,0.93,0,1.9218514e-05,Low
S050,M004,1002,403,0.88,1,0.9995735,High
S017,M018,1094,834,0.99,4,3.888904e-06,Low
S014,M011,945,564,0.81,0,6.8035715e-06,Low
S009,M025,1037,683,0.9,1,1.8218221e-06,Low
S040,M004,1027,559,0.72,-2,2.7867865e-05,Low
S002,M024,1054,713,0.82,2,4.5637107e-06,Low
S045,M014,1091,657,0.99,-2,0.0006653937,Low
S025,M018,955,374,0.86,-2,0.0030908922,Low
S039,M008,1042,654,0.79,0,8.952041e-06,Low
S009,M027,1006,883,0.74,0,7.123011e-06,Low
S022,M010,1053,487,0.91,0,0.7106125,High
S043,M005,1057,984,0.89,0,0.00014401124,Low
S046,M023,872,589,0.81,-1,0.014463314,Low
S004,M007,834,344,0.99,-1,0.0005648243,Low
S026,M012,928,872,0.71,-2,1.2136968e-05,Low
S029,M025,987,382,0.79,1,0.00011083015,Low
S045,M003,894,422,0.98,4,2.4440114e-06,Low
S034,M026,1019,657,0.8,2,1.4825829e-06,Low
S023,M004,924,827,0.78,0,3.2233038e-05,Low
S037,M010,984,365,0.86,1,0.03106598,Low
S011,M004,836,956,0.95,-1,2.3087654e-05,Low
S006,M015,1062,674,0.73,2,0.00023224998,Low
S018,M029,909,461,0.98,-1,0.00067254284,Low
S021,M010,977,679,0.94,4,3.5427973e-05,Low
S042,M021,941,955,0.75,-1,4.288376e-06,Low
S036,M030,933,657,0.91,1,7.4128566e-06,Low
S041,M022,948,487,0.82,-1,0.039995324,Low
S038,M016,1087,621,0.82,3,5.379351e-06,Low
S034,M015,1057,749,0.93,4,1.5131237e-06,Low
S017,M019,838,773,0.99,-2,2.9098865e-05,Low
S037,M029,1082,312,0.74,0,0.014047008,Low
S025,M020,813,483,0.83,3,8.1837425e-05,Low
S038,M019,1080,410,0.84,0,0.9995321,High
S012,M018,852,807,0.81,-2,6.06404e-06,Low
S023,M026,810,589,0.81,-2,3.2406282e-05,Low
S042,M012,962,594,0.72,-1,2.4538062e-06,Low
S022,M025,982,750,0.91,1,4.5250226e-06,Low
S021,M016,985,514,0.83,3,7.165938e-07,Low
S027,M001,836,931,0.76,0,1.2933877e-05,Low
S031,M016,808,866,0.94,4,1.7073666e-06,Low
S006,M002,827,326,0.94,4,0.25083053,Low
S027,M024,973,929,0.85,1,4.2041083e-06,Low
S040,M015,926,530,0.79,1,0.0006563575,Low
S034,M007,869,864,0.89,2,1.073e-05,Low
S012,M028,1082,620,0.79,-2,0.0032891785,Low
S045,M001,1065,532,0.77,3,2.2300304e-05,Low
S007,M005,950,969,0.92,-1,9.645395e-05,Low
S010,M010,948,736,0.71,4,3.6431396e-05,Low
S045,M022,1017,832,0.73,-3,0.000109639404,Low
S017,M021,925,702,0.7,-3,0.0001221039,Low
S026,M004,802,352,0.75,-2,0.00020564001,Low
S021,M014,986,612,0.72,-3,4.7091703e-06,Low
S028,M013,842,580,1.0,1,0.00030656412,Low
S046,M001,898,330,0.79,0,0.9980616,High
S002,M016,1062,636,0.74,3,7.2683083e-06,Low
S043,M023,989,482,0.77,0,1.1999219e-05,Low
S001,M009,841,322,0.98,-1,0.8942051,High
S036,M022,896,843,0.86,2,7.057612e-06,Low
S026,M016,1059,745,0.81,-1,0.00018048518,Low
S029,M019,1017,373,0.96,2,2.6943128e-06,Low
S021,M015,935,309,0.82,1,0.0021967546,Low
S011,M026,944,783,0.8,0,2.5543327e-06,Low
S040,M014,804,755,0.76,-2,3.1625565e-05,Low
S011,M020,935,865,0.81,1,4.5276505e-05,Low
S036,M010,806,863,0.8,-1,1.3295898e-06,Low
S049,M021,836,959,0.9,1,1.0942398e-06,Low
S039,M012,866,459,0.79,-1,3.9326642e-05,Low
S040,M028,804,313,0.87,3,0.005661948,Low
S035,M001,1072,477,0.72,1,0.0011515964,Low
S034,M021,857,711,0.76,-2,1.9484572e-05,Low
S047,M017,954,352,0.82,-2,0.93715733,High
S024,M009,912,707,0.98,2,4.1224835e-06,Low
S022,M023,891,321,0.81,0,0.00021583682,Low
S005,M019,1043,329,0.9,1,0.98943627,High
S033,M025,1083,559,0.78,-1,0.01902528,Low
S036,M018,888,504,0.74,2,1.5597386e-06,Low
S047,M028,977,358,0.72,1,1.2344401e-05,Low
S020,M007,1027,770,0.79,3,3.3051617e-06,Low
S019,M009,866,765,0.75,0,0.00010561713,Low
S035,M022,921,311,0.75,2,0.00014000913,Low
S043,M026,958,930,0.93,-1,1.1749968e-05,Low
S017,M021,1067,589,0.7,3,2.8433928e-06,Low
S045,M012,982,653,0.87,0,5.6332105e-06,Low
S043,M007,803,938,0.81,-1,0.00012085482,Low
S034,M014,920,374,0.85,0,0.6813926,Medium
S009,M015,1029,860,0.87,4,2.4903713e-06,Low
S026,M015,1097,890,0.79,1,7.350395e-05,Low
S002,M006,1018,740,0.79,-1,0.0002958911,Low
S009,M021,981,540,0.92,0,0.0021654086,Low
S009,M014,1077,453,0.96,-1,0.0020855602,Low
S040,M002,1056,395,0.76,1,2.3779774e-06,Low
S017,M008,842,593,0.73,-1,4.1407795e-05,Low
S001,M013,817,508,0.97,-2,0.0005505985,Low
S025,M023,997,642,0.8,-2,0.00038334934,Low
S043,M006,976,387,0.87,2,0.00015642264,Low
S040,M005,875,689,0.81,0,0.00028633792,Low
S042,M005,980,624,0.74,4,1.522563e-06,Low
S025,M025,949,456,0.88,0,4.367534e-06,Low
S039,M001,881,967,0.86,0,1.604754e-05,Low
S035,M009,809,950,0.76,-3,9.303827e-06,Low
S003,M006,1079,932,0.84,1,2.766708e-06,Low
S050,M020,1011,876,0.94,-1,1.3709671e-05,Low
S037,M026,939,918,0.88,0,0.00013269947,Low
S044,M030,1059,958,0.73,2,5.11407e-06,Low
S044,M007,1027,436,0.86,1,1.8444509e-05,Low
S030,M009,804,973,0.91,4,1.3667237e-06,Low
S038,M005,882,727,0.94,-1,5.98305e-05,Low
S034,M014,805,751,0.89,3,2.7429913e-05,Low
S012,M005,951,911,0.75,4,3.0406909e-05,Low
S019,M008,1022,440,0.91,-1,0.002825849,Low
S037,M007,980,382,0.9,0,0.00023573406,Low
S044,M013,1062,476,0.71,4,0.0008799184,Low
S049,M013,1065,497,0.82,-3,0.0010557501,Low
S017,M008,966,923,0.8,-1,0.00010599519,Low
S010,M011,877,867,0.9,4,1.7207872e-06,Low
S049,M028,841,990,0.76,0,3.6903216e-06,Low
S047,M026,861,720,0.88,-2,1.3664678e-05,Low
S012,M018,1077,700,0.97,0,8.819336e-05,Low
S016,M025,830,997,0.94,-1,1.294965e-05,Low
S024,M019,803,770,0.98,0,0.00054461695,Low
S019,M006,908,517,0.99,1,0.00022717525,Low
S008,M022,892,931,0.7,-2,8.575762e-06,Low
S031,M002,898,474,0.89,3,5.89716e-07,Low
S021,M028,991,322,0.82,-2,0.007977052,Low
S017,M013,1011,534,0.96,2,0.00010116389,Low
S023,M023,882,312,0.78,-2,0.99932647,High
S037,M025,1006,400,0.99,3,4.594218e-05,Low
S016,M028,914,835,0.88,-2,0.0016429698,Low
S006,M026,1051,822,0.94,0,4.6002373e-05,Low
S008,M011,860,751,0.73,4,3.8369058e-06,Low
S025,M001,1052,730,0.76,2,1.3594946e-06,Low
S018,M024,878,905,0.93,2,7.931833e-06,Low
S025,M002,995,832,0.71,0,2.5221427e-05,Low
S012,M030,1061,951,0.95,3,2.5552827e-06,Low
S015,M017,1095,592,0.7,2,5.2223813e-06,Low
S026,M008,1035,400,0.9,-1,0.008460671,Low
S041,M002,968,801,0.81,0,4.22012e-06,Low
S045,M006,806,603,0.88,4,3.84619e-05,Low
S026,M022,821,839,0.91,1,1.4874214e-05,Low
S047,M005,871,852,0.8,-2,0.0009534364,Low
S032,M016,905,654,0.73,2,1.7136606e-05,Low
S010,M008,938,602,0.72,-1,4.5216884e-06,Low
S016,M019,829,795,0.88,-1,5.3611957e-06,Low
S007,M016,888,957,0.86,2,2.4502099e-06,Low
S017,M013,952,526,0.92,2,3.20656e-06,Low
S023,M026,872,535,0.85,3,0.0005938134,Low
S026,M020,1037,754,0.83,2,3.0744518e-06,Low
S021,M007,1050,312,0.82,-1,0.00050530577,Low
S022,M016,807,509,0.71,-1,0.050406855,Low
S007,M023,1006,696,0.8,-1,4.437146e-06,Low
S014,M016,1057,399,0.99,0,0.0036721183,Low
S015,M029,1083,330,0.96,2,0.9968556,High
S007,M012,938,827,0.8,3,1.1786407e-05,Low
S009,M014,845,948,0.88,3,4.630581e-06,Low
S048,M024,925,628,0.95,3,1.2556519e-06,Low
S008,M018,820,465,0.83,1,2.0338517e-05,Low
S050,M027,969,758,0.71,3,8.0573017e-07,Low
S023,M028,831,399,0.72,2,9.189709e-05,Low
S029,M018,949,920,0.85,1,8.599286e-05,Low
S018,M016,1005,472,0.99,-1,0.9852857,High
S031,M020,820,461,0.91,0,0.47012153,Medium
S030,M016,1089,562,0.72,2,0.019233666,Low
S039,M013,937,573,0.76,0,0.020711295,Low
S035,M026,864,302,0.93,3,0.82559305,High
S018,M029,864,327,0.95,3,0.005781614,Low
S042,M009,887,625,0.89,-1,0.0006528965,Low
S039,M026,842,448,0.89,-3,0.00037959474,Low
S017,M028,940,839,0.71,-1,6.764093e-05,Low
S014,M009,803,787,0.95,-2,5.3301803e-05,Low
S031,M013,1078,737,0.94,1,4.3209634e-06,Low
S024,M029,840,364,0.78,-1,0.9996531,High
S035,M004,889,655,0.91,-2,7.4599316e-06,Low
S044,M009,1055,832,0.76,-2,0.011519595,Low
S045,M015,944,551,0.71,0,1.6060256e-06,Low
S034,M014,983,534,0.76,0,0.9967212,High
S003,M019,918,526,0.75,-1,2.3277627e-05,Low
S037,M012,912,824,0.8,1,6.1013445e-05,Low
S043,M021,1090,612,0.83,3,2.1682174e-06,Low
S040,M026,1048,348,0.85,4,0.00095361035,Low
S026,M025,891,417,0.84,-2,0.8694444,High
S023,M006,858,353,0.78,2,1.537015e-05,Low
S044,M003,1068,949,0.71,2,1.2116982e-05,Low
S039,M026,893,864,0.88,-1,1.0827901e-05,Low
S015,M025,1053,343,0.82,1,0.99731964,High
S049,M022,974,352,0.79,3,4.372632e-05,Low
S004,M020,802,885,0.96,2,3.6014098e-06,Low
S029,M016,820,857,0.92,2,3.0269746e-06,Low
S022,M030,903,824,0.96,0,0.00021047969,Low
S025,M020,1068,976,0.85,-2,0.00015719415,Low
S013,M024,1008,401,0.74,4,2.5909028e-06,Low
S018,M023,895,697,0.91,3,2.2307356e-06,Low
S033,M017,892,437,0.76,1,8.4162886e-05,Low
S016,M016,844,974,0.83,-2,9.633146e-06,Low
S045,M006,861,686,0.72,2,2.4063638e-06,Low
S042,M008,829,410,0.95,4,0.0010832822,Low
S044,M019,1069,913,0.74,0,1.7444119e-06,Low
S002,M030,809,316,0.97,-1,0.99904126,High
S035,M025,805,481,0.96,3,4.624411e-05,Low
S042,M026,818,835,0.84,3,1.2034513e-06,Low
S034,M002,811,840,0.92,0,3.627093e-05,Low
S030,M014,991,470,0.89,-2,0.00017282169,Low
S013,M022,902,708,0.94,-1,2.9321718e-06,Low
S013,M012,1049,677,0.83,2,1.1567167e-06,Low
S018,M017,1043,487,0.94,0,1.3348573e-05,Low
S032,M028,994,529,0.84,1,1.0709877e-06,Low
S032,M027,1064,418,0.98,1,0.97607887,High
S035,M015,933,455,0.85,2,9.086372e-05,Low
S039,M018,976,986,0.84,1,0.00026184556,Low
S046,M016,898,764,0.94,3,6.9074695e-06,Low
S029,M013,829,403,0.95,2,0.0001911067,Low
S049,M021,1090,903,0.87,0,0.0004477717,Low
S029,M017,862,997,0.75,1,2.5621575e-05,Low
S044,M008,827,801,0.84,2,9.0020717e-07,Low
S016,M001,945,992,0.99,0,2.5257973e-06,Low
S044,M029,1087,981,0.93,4,1.2835919e-05,Low
S047,M025,868,998,0.94,0,0.000543736,Low
S010,M026,1051,474,0.71,-3,0.9878144,High
S030,M027,961,973,0.84,0,0.00017850944,Low
S025,M003,909,720,0.89,3,6.3161706e-06,Low
S039,M016,931,433,0.95,3,1.833352e-05,Low
S020,M028,1070,690,0.71,1,9.00653e-06,Low
S005,M002,987,800,0.96,3,1.1590286e-05,Low
S001,M015,819,964,0.86,3,2.8968372e-05,Low
S030,M001,1075,332,0.76,-1,0.058836296,Low
S049,M009,976,354,0.8,2,0.00050528557,Low
S003,M016,898,818,0.78,0,3.1771844e-05,Low
S045,M004,1046,937,0.86,0,1.41927585e-05,Low
S014,M012,817,311,0.72,2,0.05993563,Low
S030,M001,1088,827,0.75,1,4.478845e-05,Low
S050,M001,924,854,0.94,4,3.5613706e-05,Low
S004,M007,952,672,0.74,2,1.4744241e-05,Low
S018,M018,868,783,0.77,-2,0.0001913147,Low
S037,M023,945,946,0.84,1,9.895359e-07,Low
S025,M028,844,527,0.86,-1,0.00028294115,Low
S048,M023,819,922,0.93,1,7.816478e-06,Low
S001,M015,1090,606,0.83,-1,4.218224e-05,Low
S046,M026,1046,756,0.94,0,0.0011298513,Low
S015,M030,1002,459,0.89,1,1.2889646e-05,Low
S009,M025,808,630,0.73,0,0.000807631,Low
S015,M013,979,524,0.75,2,1.4713511e-06,Low
S049,M016,955,803,0.83,2,4.3402317e-05,Low
S024,M007,818,755,0.82,1,1.701626e-05,Low
S004,M016,902,344,0.92,-1,0.0025463365,Low
S012,M013,1045,513,0.87,2,4.3620144e-06,Low
S037,M014,884,358,0.82,-1,0.9934457,High
S037,M017,1033,943,0.75,4,2.9384255e-06,Low
S043,M012,934,915,0.77,0,2.5401208e-05,Low
S006,M029,836,494,0.87,2,3.7527632e-06,Low
S039,M024,891,788,0.83,4,4.0381826e-07,Low
S046,M024,1091,456,0.85,2,0.0005200848,Low
S024,M020,816,909,0.75,0,4.2743515e-05,Low
S011,M013,889,525,0.9,2,7.780296e-06,Low
S013,M024,964,711,0.96,-1,0.0010774385,Low
S034,M020,1052,504,0.78,-2,0.9948232,High
S025,M015,880,378,0.85,3,0.0065987115,Low
S007,M024,983,423,0.99,3,1.547025e-05,Low
S004,M021,1089,770,0.8,4,6.1755263e-06,Low
S008,M004,1048,517,0.88,2,2.4554294e-05,Low
S020,M022,1014,815,0.73,1,6.396986e-07,Low
S029,M002,957,901,0.88,-2,0.00029298404,Low
S045,M028,978,403,0.73,-3,0.11152462,Low
S046,M018,819,692,0.99,1,1.673087e-06,Low
S010,M002,946,930,0.91,-2,0.00018078988,Low
S043,M025,867,944,0.94,0,0.00035958132,Low
S034,M015,876,907,0.91,0,0.0015541584,Low
S026,M030,901,733,0.88,2,1.5858731e-06,Low
S041,M026,939,630,0.83,1,1.6448971e-06,Low
S049,M019,872,442,0.96,-1,0.0048005586,Low
S003,M015,1006,839,0.99,1,1.5169182e-05,Low
S006,M026,1012,577,0.85,0,0.012998601,Low
S005,M020,878,532,0.98,-1,0.00024984422,Low
S005,M010,912,828,0.87,4,1.4521473e-06,Low
S047,M028,1052,870,0.86,0,1.0821295e-05,Low
S023,M024,932,389,0.84,2,0.00011799772,Low
S049,M020,996,791,0.76,-1,1.3196104e-06,Low
S009,M011,824,498,0.7,2,5.0761164e-06,Low
S035,M026,900,661,0.77,0,0.0003872483,Low
S020,M010,1044,740,0.85,3,3.5970766e-05,Low
S049,M029,830,325,0.81,1,0.99968505,High
S042,M023,1089,324,0.83,2,0.00026037157,Low
S035,M005,1055,693,0.99,-1,0.0007597582,Low
S050,M009,1005,806,0.81,1,8.222542e-06,Low
S018,M020,867,600,0.84,2,0.00026251876,Low
S017,M019,1014,638,0.74,2,1.0982681e-06,Low
S024,M013,921,566,0.71,0,0.0787182,Low
S003,M018,845,760,0.93,0,9.104234e-06,Low
S032,M017,868,992,0.87,-1,0.00020729582,Low
S035,M027,826,755,0.93,-1,0.00032175356,Low
S038,M006,970,659,0.74,2,5.0107825e-05,Low
S013,M010,1044,367,0.87,3,0.018833293,Low
S047,M002,1073,711,0.78,-1,0.0002515741,Low
S025,M024,1087,790,0.77,0,0.00013964034,Low
S009,M006,1048,348,0.7,-2,0.00013471219,Low
S004,M028,801,986,0.74,-2,0.00015824041,Low
S014,M028,819,863,0.79,3,8.022806e-06,Low
S037,M021,1093,401,0.74,-1,0.027717173,Low
S034,M013,1056,515,1.0,-1,0.000102677186,Low
S011,M018,1048,737,0.79,-1,2.8589748e-05,Low
S041,M007,952,999,0.74,1,3.2396274e-06,Low
S003,M002,936,868,0.76,3,6.408948e-07,Low
S028,M029,1021,858,0.88,0,0.00020589017,Low
S029,M014,1010,458,0.72,0,0.78137183,High
S009,M005,988,788,0.96,-1,0.0010424803,Low
S003,M018,1031,985,0.99,1,3.144339e-06,Low
S025,M011,935,541,0.77,-1,7.853144e-05,Low
S034,M010,815,304,0.84,-1,0.025533497,Low
S012,M011,913,895,0.71,4,1.1886203e-05,Low
S042,M027,1063,660,0.89,1,6.3436914e-06,Low
S009,M002,1078,758,0.82,2,6.718315e-06,Low
S015,M015,872,547,0.78,-1,0.00073450076,Low
S040,M007,1023,865,0.76,2,7.3767496e-06,Low
S025,M009,833,972,0.9,2,1.1893208e-06,Low
S005,M005,1044,721,0.82,-1,1.5183568e-05,Low
S011,M007,1037,314,0.75,1,0.9965448,High
S034,M020,817,872,0.91,1,1.8434818e-06,Low
S024,M002,843,421,0.87,1,0.003358996,Low
S015,M003,942,576,0.96,2,4.1655094e-05,Low
S038,M002,814,857,0.74,-1,1.3483373e-05,Low
S008,M021,892,752,0.94,1,0.00034469098,Low
S005,M022,1078,689,0.9,2,2.5136599e-06,Low
S048,M023,1014,593,0.73,2,1.8708328e-06,Low
S026,M019,1048,873,0.91,4,1.5163728e-05,Low
S018,M004,870,897,0.83,0,1.0178681e-05,Low
S006,M024,908,745,0.98,-1,0.000108408494,Low
S037,M020,1087,509,0.74,2,1.7737285e-06,Low
S048,M007,959,889,0.89,-3,1.2184621e-05,Low
S013,M028,1088,601,0.81,4,2.4556955e-06,Low
S028,M022,970,522,0.99,4,7.609747e-05,Low
S005,M007,812,302,0.8,-1,0.9994522,High
S013,M017,1019,817,0.99,-2,0.0022140003,Low
S017,M019,984,392,0.97,0,6.772916e-05,Low
S050,M022,1008,819,0.78,3,2.7197022e-05,Low
S040,M016,1087,727,0.94,2,7.652476e-06,Low
S045,M003,905,792,1.0,-1,7.806293e-05,Low
S032,M015,1011,534,0.78,-2,0.22472793,Low
S029,M014,1031,919,0.83,1,2.605512e-05,Low
S003,M015,1012,460,0.86,3,0.0034867923,Low
S040,M014,995,630,0.79,2,7.3475135e-06,Low
S034,M007,1048,632,0.7,3,0.0013269673,Low
S040,M025,1063,349,0.77,3,2.4057532e-05,Low
S027,M003,1016,822,0.78,2,2.710663e-05,Low
S013,M030,1062,967,0.83,0,0.0012972492,Low
S045,M017,969,791,0.75,-3,2.8367049e-05,Low
S033,M010,955,881,0.96,2,6.451294e-06,Low
S006,M015,869,980,0.91,0,2.8365535e-05,Low
S024,M029,1033,571,0.73,-2,1.7569786e-05,Low
S019,M006,853,879,0.9,2,8.006533e-06,Low
S016,M028,969,551,0.9,1,5.5076903e-06,Low
S040,M017,835,859,0.99,-1,6.422607e-05,Low
S028,M017,1058,995,0.7,1,2.4690903e-06,Low
S033,M014,1050,998,0.77,1,2.4069655e-06,Low
S048,M024,812,389,0.98,1,0.0009218779,Low
S041,M025,958,745,0.98,-1,6.8526824e-05,Low
S013,M018,828,631,0.92,-2,1.2262735e-05,Low
S043,M025,856,438,0.93,-1,0.0034993223,Low
S045,M005,960,656,0.73,2,9.0386317e-07,Low
S025,M029,1065,900,0.85,3,8.763368e-05,Low
S042,M008,1029,573,0.77,0,0.031085582,Low
S036,M007,992,318,0.75,1,0.99145025,High
S027,M023,907,610,0.94,0,0.37272194,Low
S038,M004,1057,453,0.74,-3,0.998467,High
S007,M018,909,689,0.84,1,0.0003065393,Low
S005,M005,929,559,0.98,-1,4.0176943e-05,Low
S043,M016,922,919,0.76,2,1.0961514e-05,Low
S045,M014,915,870,0.99,0,7.949645e-06,Low
S031,M027,1029,424,1.0,1,0.7023803,High
S023,M027,1092,653,0.87,0,0.00020802049,Low
S042,M019,1032,572,0.75,-1,0.007337427,Low
S010,M014,1033,918,0.79,-1,0.00012287466,Low
S032,M009,1095,544,0.83,2,1.3728818e-06,Low
S043,M006,990,749,0.79,-1,4.7542817e-06,Low
S030,M017,824,546,0.78,0,0.00089392206,Low
S039,M019,965,819,0.99,3,1.9706315e-06,Low
S031,M012,1092,440,0.75,1,0.00013432174,Low
S018,M004,1009,661,0.92,1,5.649846e-06,Low
S036,M016,826,307,0.7,-1,0.172258,Low
S002,M025,977,777,0.88,0,7.988e-06,Low
S014,M011,843,651,0.97,-1,4.00566e-06,Low
S013,M022,871,794,0.79,-2,2.4562609e-05,Low
S029,M004,1021,905,0.76,1,3.294167e-06,Low
S012,M017,1027,726,0.9,1,2.6698374e-06,Low
S039,M008,1032,338,0.91,2,0.02398122,Low
S002,M014,1067,892,0.91,-3,0.0027466267,Low
S032,M027,1053,486,0.8,3,5.833275e-05,Low
S013,M002,962,895,0.78,2,3.7492437e-06,Low
S046,M011,805,899,0.99,-1,1.1910793e-05,Low
S027,M011,846,392,0.98,0,0.7919935,High
S049,M024,867,385,0.84,0,0.99627614,High
S041,M022,1053,343,0.95,-2,0.9990134,High
S017,M024,858,436,0.84,2,1.7697608e-05,Low
S040,M006,918,720,0.83,3,1.2665156e-06,Low
S031,M021,985,373,0.75,2,0.9397912,High
S034,M021,847,847,0.83,0,2.7983815e-05,Low
S024,M014,990,912,0.86,2,6.4603996e-06,Low
S045,M030,1064,811,0.71,3,2.881605e-06,Low
S035,M010,971,455,0.83,-2,0.98887384,High
S048,M026,845,554,0.93,3,0.00012399317,Low
S006,M027,942,470,0.9,2,3.3165413e-06,Low
S019,M008,1045,469,0.89,-2,0.7987037,High
S030,M007,1015,621,0.97,-1,0.00043972823,Low
S007,M008,975,866,0.71,-1,2.942256e-06,Low
S010,M028,944,755,0.87,-1,1.552899e-05,Low
S041,M008,834,902,0.94,3,3.0501968e-05,Low
S032,M023,931,912,0.86,2,3.12885e-06,Low
S034,M002,952,454,0.8,3,5.5089245e-06,Low
S028,M027,847,648,0.74,1,1.1323001e-06,Low
S015,M016,967,750,0.97,-2,2.296821e-05,Low
S030,M009,977,952,0.84,-2,4.168469e-06,Low
S037,M013,1062,472,0.96,0,0.00029382968,Low
S029,M023,894,309,0.88,1,0.99919885,High
S022,M012,1090,564,0.9,0,4.0814397e-05,Low
S004,M027,1029,737,0.94,2,4.621824e-06,Low
S020,M022,990,546,0.9,1,0.0022821354,Low
S032,M025,943,966,0.82,2,9.568838e-07,Low
S036,M029,963,845,0.85,2,3.7222455e-06,Low
S050,M017,818,798,0.94,2,1.8262632e-06,Low
S004,M027,867,428,0.81,-1,0.25705364,Low
S027,M002,897,971,0.82,0,0.0016365477,Low
S017,M013,806,900,0.73,-2,9.275381e-06,Low
S012,M001,976,904,0.97,-2,1.0413672e-05,Low
S022,M026,1005,626,0.73,0,0.00022801395,Low
S017,M028,1098,703,0.89,-2,0.000372683,Low
S010,M019,1087,928,0.82,1,3.847265e-05,Low
S001,M011,1028,905,0.82,0,2.979108e-06,Low
S022,M005,918,974,0.9,1,4.7145313e-06,Low
S026,M001,1069,910,0.72,0,1.8215205e-05,Low
S018,M020,880,924,0.88,-1,0.0001427432,Low
S050,M030,959,658,0.93,1,5.729084e-06,Low
S014,M013,987,902,0.95,-3,8.352895e-06,Low
S047,M008,987,316,0.75,-1,0.9991897,High
S029,M006,993,573,0.97,1,2.8228636e-05,Low
S012,M029,1059,984,0.9,4,1.8989824e-06,Low
S036,M017,990,415,0.96,-1,0.8614554,High
S035,M012,1088,992,0.85,4,6.989852e-06,Low
S012,M001,905,390,0.86,2,2.3903236e-05,Low
S007,M003,928,381,0.98,0,0.0024486412,Low
S029,M014,896,623,0.97,-2,0.0009948375,Low
S011,M026,863,413,0.83,1,0.95324516,High
S033,M008,927,357,0.78,0,0.1345235,Low
S006,M011,1022,453,0.82,4,1.8547185e-05,Low
S047,M027,1092,703,0.82,-1,1.143441e-05,Low
S015,M014,903,927,0.79,-3,1.6980175e-05,Low
S032,M008,951,565,0.78,0,5.878221e-05,Low
S011,M029,913,614,0.96,-2,2.3904444e-05,Low
S023,M003,854,340,0.72,1,0.00076775753,Low
S026,M007,920,404,0.9,-3,0.99787223,High
S034,M028,1016,492,0.75,1,1.17284e-06,Low
S046,M019,922,700,0.8,4,1.7709224e-05,Low
S034,M004,802,577,0.72,0,0.00050706614,Low
S029,M025,891,653,0.78,1,8.325062e-06,Low
S004,M016,963,879,0.93,3,1.3645864e-06,Low
S017,M013,918,555,0.97,2,5.8513688e-06,Low
S035,M020,860,950,0.77,-1,8.103414e-06,Low
S013,M019,1013,960,0.84,1,0.00017390508,Low
S041,M005,1046,398,0.84,0,0.0037576212,Low
S039,M023,1034,887,0.96,3,3.3003869e-06,Low
S015,M005,1088,581,0.93,0,9.300534e-05,Low
S029,M020,877,702,0.85,2,6.5690523e-07,Low
S029,M024,823,408,0.9,3,0.0395945,Low
S011,M004,900,999,0.95,4,0.00035486996,Low
S032,M002,1050,498,0.7,1,2.910383e-06,Low
S002,M026,922,602,0.82,1,0.006883054,Low
S047,M013,1014,626,0.97,1,3.3666427e-06,Low
S014,M030,1061,453,0.92,4,4.610923e-05,Low
S020,M016,922,851,0.86,1,1.8287187e-06,Low
S022,M022,1051,944,0.86,2,0.00010848306,Low
S011,M002,957,704,0.8,-2,2.3339846e-05,Low
S027,M019,948,761,0.86,-2,2.478589e-05,Low
S003,M017,864,431,0.9,3,0.0006949151,Low
S017,M005,803,383,0.83,1,0.9830482,High
S044,M025,973,698,0.91,2,1.2598946e-06,Low
S028,M018,935,927,0.96,3,1.153763e-06,Low
S029,M028,1043,408,0.75,-2,0.99917406,High
S021,M023,859,520,0.84,2,1.650189e-05,Low
S047,M021,844,852,0.82,2,8.3846146e-07,Low
S016,M018,871,667,0.91,2,2.3113128e-06,Low
S037,M008,894,446,0.77,2,1.2887446e-05,Low
S020,M027,830,411,0.89,3,3.5715334e-06,Low
S006,M015,955,914,0.96,3,1.0768048e-06,Low
S019,M013,1039,857,0.83,2,1.4371357e-05,Low
S005,M013,863,793,0.97,0,2.6954567e-05,Low
S003,M016,908,804,1.0,1,2.991599e-05,Low
S001,M022,867,774,0.73,-1,3.691274e-05,Low
S038,M020,834,570,0.77,-3,0.00066244043,Low
S015,M013,1050,720,0.99,-1,5.6970846e-05,Low
S034,M020,835,666,0.99,-2,1.0785842e-05,Low
S035,M002,931,579,0.73,0,0.0018094435,Low
S049,M003,1021,582,0.7,2,1.4451498e-06,Low
S025,M015,966,339,0.75,1,0.0019130143,Low
S024,M023,1073,488,1.0,0,0.678826,Medium
S012,M019,859,463,0.75,1,1.1579695e-06,Low
S018,M013,912,835,0.85,-2,1.4157988e-05,Low
S015,M005,1020,835,0.95,3,1.0942263e-06,Low
S044,M026,1078,303,0.71,1,0.01103268,Low
S016,M022,867,589,0.88,-1,3.2063377e-05,Low
S027,M006,1062,732,0.78,0,2.240321e-06,Low
S008,M014,1068,770,0.96,2,2.662103e-06,Low
S046,M004,930,480,0.79,1,0.0001299929,Low
S025,M022,1066,547,0.91,2,5.5576573e-05,Low
S017,M019,1007,927,0.9,2,4.303139e-07,Low
S029,M023,1011,578,0.77,1,2.951535e-05,Low
S008,M007,850,880,0.71,3,1.3466322e-06,Low
S015,M004,1087,553,0.82,-3,0.0006572636,Low
S027,M002,841,480,0.79,0,0.0013941407,Low
S046,M027,1046,980,0.94,3,1.8819812e-06,Low
S050,M007,994,808,0.94,3,1.5306738e-06,Low
S007,M003,1043,999,0.84,0,1.0914584e-05,Low
S003,M015,999,865,0.88,1,2.3595829e-05,Low
S029,M001,920,625,0.88,-1,5.9929234e-06,Low
S044,M002,1002,656,0.95,2,1.4722355e-06,Low
S024,M010,905,949,0.83,0,3.083981e-06,Low
S003,M016,1049,979,0.78,0,3.0605968e-06,Low
S020,M025,1088,690,0.78,-2,8.90217e-06,Low
S046,M028,878,914,0.86,-2,2.8221722e-05,Low
S015,M015,964,384,0.83,0,0.9984913,High
S025,M024,918,616,0.83,-1,0.00041907164,Low
S030,M015,856,511,0.73,0,7.0533324e-06,Low
S014,M014,987,814,0.92,-1,0.0020468836,Low
S007,M022,851,683,0.76,-3,0.00013683175,Low
S017,M014,871,990,0.76,0,0.0011677475,Low
S044,M006,1040,641,0.82,4,1.11853215e-05,Low
S020,M014,899,337,0.77,-1,0.99849737,High
S036,M017,954,810,0.88,2,1.4489833e-05,Low
S009,M018,858,719,0.81,-1,1.3665069e-05,Low
S038,M020,1074,468,0.83,-2,0.99904007,High
S048,M019,1058,642,0.86,3,6.8749236e-05,Low
S022,M030,1000,605,0.76,-3,0.00049025746,Low
S002,M017,1094,841,0.75,0,0.0015988803,Low
S024,M016,1083,836,0.96,-1,0.00029242507,Low
S008,M008,975,411,0.83,-1,0.00030765595,Low
S011,M007,897,710,0.82,0,0.00013220614,Low
S013,M020,981,505,0.71,0,2.6428897e-05,Low
S017,M028,1071,484,0.85,-2,0.00049939676,Low
S008,M012,834,681,0.87,1,3.985833e-05,Low
S021,M009,886,795,0.87,2,1.6731044e-06,Low
S018,M027,957,678,0.91,1,0.0016722676,Low
S030,M014,915,346,0.75,2,7.881389e-06,Low
S018,M020,807,850,0.78,2,8.566289e-06,Low
S046,M001,906,827,0.94,2,1.700497e-05,Low
S047,M010,906,803,0.98,0,0.0001516057,Low
S031,M017,913,321,0.74,-1,0.9994816,High
S038,M017,809,512,0.85,-1,1.8300901e-06,Low
S032,M017,1083,609,0.76,2,2.330965e-06,Low
S011,M004,859,960,0.72,2,1.0478558e-06,Low
S045,M017,1065,571,0.8,-1,0.00014791108,Low
S025,M018,901,870,0.74,2,1.1136445e-06,Low
S033,M020,862,501,0.91,1,6.271624e-05,Low
S038,M023,974,331,0.86,2,2.0104006e-05,Low
S041,M002,996,742,0.74,-3,0.00026304464,Low
S008,M008,1021,461,0.7,3,5.3732033e-06,Low
S011,M013,989,553,0.94,-3,9.66602e-05,Low
S022,M023,927,820,0.75,-2,7.298544e-06,Low
S024,M025,845,950,0.88,-2,2.516855e-06,Low
S041,M030,868,779,0.8,-3,6.6206458e-06,Low
S017,M022,857,309,0.88,-2,0.9820848,High
S012,M020,1015,804,0.79,-2,0.00083227176,Low
S046,M022,914,859,0.73,0,2.2580277e-06,Low
S032,M015,809,735,0.77,0,2.1398882e-05,Low
S015,M020,1068,410,0.76,0,0.00033660413,Low
S016,M023,1091,452,0.83,1,0.9960311,High
S022,M009,885,934,0.9,-2,7.0698516e-06,Low
S028,M003,946,401,0.78,1,0.99419796,High
S020,M003,917,490,0.7,3,9.08913e-06,Low
S033,M002,934,862,0.86,1,0.00019562546,Low
S010,M001,814,380,0.88,1,0.00067114894,Low
S040,M014,1005,788,0.99,2,1.50114e-05,Low
S032,M017,1032,387,0.88,0,0.9926964,High
S050,M013,865,493,0.84,0,0.0017825433,Low
S033,M019,803,403,0.87,-2,0.0046085333,Low
S002,M030,802,395,0.98,1,0.8628751,High
S033,M023,1058,722,0.95,0,0.000108435386,Low
S033,M015,1002,497,0.8,-2,1.1380168e-05,Low
S041,M027,1039,300,0.77,-1,0.98318547,High
S013,M025,892,706,0.78,3,8.495938e-06,Low
S030,M014,1083,677,0.85,0,4.851759e-05,Low
S033,M002,822,466,0.92,4,8.649699e-07,Low
S013,M007,1085,808,0.85,0,0.00016742173,Low
S026,M017,886,937,0.72,-1,2.5286163e-05,Low
S022,M018,850,612,0.92,2,1.4642667e-06,Low
S039,M006,1096,892,0.94,1,1.099357e-05,Low
S002,M027,842,717,0.79,2,1.1188139e-06,Low
S038,M021,1003,980,0.9,1,2.5427562e-06,Low
S039,M008,857,776,0.83,-1,5.693473e-05,Low
S026,M028,858,372,0.97,-1,0.0017528732,Low
S046,M027,967,440,0.95,3,4.9599157e-07,Low
S050,M002,973,881,0.86,-2,1.2280337e-05,Low
S015,M001,1006,561,0.91,2,9.227871e-07,Low
S034,M016,910,639,0.97,-1,5.7565405e-05,Low
S042,M007,822,607,0.85,-1,1.6015596e-06,Low
S044,M022,1032,544,0.79,-2,8.585583e-06,Low
S049,M024,1074,814,0.93,-2,3.5940317e-05,Low
S040,M011,971,636,0.77,4,0.0013388761,Low
S011,M015,810,874,0.82,4,2.7734428e-05,Low
S003,M013,859,860,0.96,0,1.50497e-05,Low
S006,M030,1031,375,0.92,0,0.62334245,Medium
S009,M024,1034,474,0.82,2,5.8429987e-07,Low
S006,M002,802,408,0.76,2,2.0893724e-06,Low
S009,M014,943,482,0.81,1,0.007189236,Low
S039,M024,1029,491,0.79,3,1.2693542e-05,Low
S031,M006,808,364,0.75,-1,0.9944278,High
S032,M009,1096,773,0.92,3,1.928633e-06,Low
S041,M028,1093,399,0.78,0,0.0016170663,Low
S050,M007,992,843,0.84,2,5.562157e-07,Low
S012,M018,1090,427,0.82,1,0.98138005,High
S008,M024,926,751,0.99,3,8.422631e-06,Low
S008,M009,847,668,0.82,3,1.8839725e-06,Low
S050,M023,906,342,0.72,0,0.99791986,High
S028,M004,1063,718,0.73,3,3.6739577e-06,Low
S020,M009,1052,787,0.88,-2,3.1357952e-06,Low
S047,M004,826,377,0.88,2,5.141774e-06,Low
S007,M012,808,569,0.83,-1,0.00013562421,Low
S011,M004,1019,973,0.83,-1,6.767205e-06,Low
S020,M025,957,614,0.72,-2,4.7427975e-06,Low
S016,M030,813,467,0.85,0,3.666509e-05,Low
S004,M024,828,638,0.85,-2,1.6746173e-05,Low
S006,M020,825,492,0.74,1,0.039973512,Low
S022,M014,1013,752,0.73,0,5.513565e-06,Low
S026,M024,942,582,0.74,-1,0.98117375,High
S003,M024,914,635,0.73,-1,4.581533e-06,Low
S041,M007,1017,689,0.88,-3,9.04209e-06,Low
S042,M026,880,824,0.76,3,1.9121248e-06,Low
S014,M013,1000,539,0.78,-1,4.178531e-05,Low
S011,M022,866,782,0.75,-1,9.895181e-06,Low
S018,M008,1048,958,0.99,3,1.6974742e-06,Low
S012,M023,943,891,0.96,1,5.098329e-05,Low
S023,M005,940,854,0.77,2,7.930547e-06,Low
S012,M012,895,757,0.8,2,5.6962817e-06,Low
S013,M013,917,388,0.76,3,3.2354408e-06,Low
S025,M029,984,959,0.85,3,1.4184111e-05,Low
S045,M020,1091,394,0.71,3,1.75227e-05,Low
S019,M014,1044,751,0.9,3,8.500939e-06,Low
S046,M028,1000,727,0.86,-1,6.350293e-05,Low
S036,M018,1077,450,0.97,0,0.00021262282,Low
S045,M027,909,813,0.75,2,1.1600043e-06,Low
S008,M024,1011,675,0.94,2,1.6436521e-06,Low
S029,M025,1058,321,0.94,1,0.003192357,Low
S032,M020,963,612,0.74,3,7.0456827e-07,Low
S044,M004,896,818,0.82,4,9.190247e-07,Low
S018,M021,1009,505,0.75,3,1.8925713e-06,Low
S006,M018,835,674,0.78,3,1.927642e-06,Low
S018,M007,1065,750,0.78,1,3.3187243e-06,Low
S019,M015,899,925,0.87,2,2.7296703e-06,Low
S022,M021,820,894,0.82,1,0.00031136745,Low
S037,M006,1016,478,0.98,1,5.5739574e-06,Low
S032,M016,903,509,0.74,2,6.490796e-06,Low
S041,M020,911,799,0.99,2,7.962285e-06,Low
S003,M024,1018,763,0.77,2,2.3798536e-06,Low
S028,M008,919,423,0.93,2,1.5714411e-06,Low
S010,M028,1048,412,0.8,1,0.0043422934,Low
S035,M021,895,311,0.74,1,0.99946755,High
S029,M016,987,425,0.96,2,1.3084324e-06,Low
S015,M028,943,864,0.79,4,3.772859e-06,Low
S033,M022,827,630,0.9,-1,1.2511823e-05,Low
S007,M016,805,582,0.87,-1,5.5759403e-05,Low
S012,M003,1061,439,0.84,2,8.019876e-06,Low
S049,M017,1029,700,0.85,2,6.464726e-06,Low
S030,M009,921,396,0.92,2,6.28398e-05,Low
S021,M025,993,816,0.73,3,8.327801e-06,Low
S031,M003,904,868,0.9,1,3.773636e-06,Low
S024,M020,998,368,0.97,3,2.1448897e-05,Low
S020,M029,861,417,0.72,-2,0.019544853,Low
S037,M007,1083,358,0.74,0,0.0014228772,Low
S004,M018,879,332,0.91,2,6.5973334e-05,Low
S028,M012,974,617,0.83,-1,0.69146883,Medium
S044,M019,808,349,0.82,-1,0.0010336146,Low
S020,M016,979,788,0.74,0,4.5527282e-05,Low
S024,M022,1070,318,0.85,-1,0.94603664,High
S050,M027,961,496,0.74,2,0.00014227263,Low
S049,M024,1075,749,0.84,-1,9.396868e-06,Low
S032,M017,1005,858,0.93,2,2.2670105e-05,Low
S041,M020,859,978,0.78,-1,9.741081e-05,Low
S036,M015,985,751,0.84,1,1.1018875e-06,Low
S034,M001,874,588,1.0,0,0.11660974,Low
S036,M002,893,440,0.91,4,7.726179e-06,Low
S002,M008,866,383,0.95,0,0.99975234,High
S015,M022,801,993,0.82,3,5.7219695e-06,Low
S034,M025,977,690,0.93,-2,2.490685e-05,Low
S036,M002,941,890,0.71,3,2.0835046e-06,Low
S006,M019,843,514,0.74,3,8.875323e-06,Low
S039,M009,973,825,0.76,2,2.4415863e-06,Low
S042,M009,1094,514,0.82,3,0.0004157654,Low
S012,M013,1030,702,0.95,-2,0.0005579822,Low
S003,M006,1035,427,0.8,1,0.014062913,Low
S045,M030,892,776,0.9,-1,1.8122542e-05,Low
S018,M015,843,703,0.91,-1,9.258379e-05,Low
S040,M019,826,328,0.88,3,4.469126e-05,Low
S021,M021,1071,637,0.81,2,1.21042085e-05,Low
S015,M015,838,660,0.87,1,9.419257e-07,Low
S033,M018,1088,868,0.8,1,1.205687e-05,Low
S035,M007,1047,691,0.73,-3,0.00013135393,Low
S026,M026,849,517,1.0,2,2.9852965e-06,Low
S008,M011,1082,873,0.74,-1,0.00024334442,Low
S036,M008,1008,968,0.72,3,1.638403e-06,Low
S048,M006,923,501,0.96,1,0.00014686659,Low
S030,M008,1048,316,0.79,1,0.98636323,High
S023,M002,1083,621,0.9,-1,6.7819283e-06,Low
S042,M019,950,817,0.8,2,1.6368758e-05,Low
S044,M016,863,869,0.82,1,1.8207037e-06,Low
S014,M007,1040,624,0.78,3,1.6479386e-06,Low
S014,M010,966,711,0.8,0,3.257111e-05,Low
S002,M012,1039,617,0.82,0,0.0030570102,Low
S037,M017,848,980,0.92,3,8.398329e-06,Low
S005,M007,986,381,0.85,2,0.0001427017,Low
S038,M022,947,773,0.98,-1,3.4506702e-05,Low
S045,M008,988,767,0.71,0,9.24695e-06,Low
S041,M007,910,724,0.85,0,0.000111139496,Low
S047,M004,1064,988,0.88,-2,0.00012599526,Low
S014,M003,1078,503,0.98,0,0.6677124,Medium
S039,M019,1036,882,0.71,1,6.6063535e-06,Low
S025,M015,958,686,0.87,2,4.7634494e-06,Low
S020,M004,859,397,0.96,3,0.017464006,Low
S002,M025,874,644,0.77,0,0.00030999634,Low
S039,M009,1027,507,0.96,1,0.9547417,High
S006,M013,953,813,0.71,3,1.0760031e-06,Low
S017,M018,1086,935,0.92,2,4.009589e-06,Low
S025,M021,1040,885,0.98,1,0.00026609097,Low
S028,M016,1026,465,0.9,0,0.0017948142,Low
S002,M001,968,321,0.83,0,0.3690033,Low
S035,M004,1083,453,0.71,-2,0.026760723,Low
S037,M018,1061,738,0.98,-2,1.8136667e-05,Low
S005,M008,1089,594,0.84,1,1.9294866e-06,Low
S001,M020,808,518,0.71,0,0.00049263507,Low
S040,M016,897,968,0.91,2,6.364197e-06,Low
S012,M021,811,794,0.84,0,1.8458777e-06,Low
S036,M011,1071,529,0.74,3,3.7012053e-06,Low
S045,M020,870,319,0.76,0,0.9746825,High
S023,M021,934,852,0.72,1,2.4351405e-06,Low
S047,M021,1058,447,0.87,-1,0.03567359,Low
S031,M021,804,407,0.89,0,0.7220029,High
S011,M027,1038,702,0.85,3,5.7343805e-06,Low
S010,M019,1093,895,0.95,-1,0.0001546371,Low
S003,M023,898,782,0.96,2,6.189697e-07,Low
S014,M019,950,666,0.88,-1,7.843438e-05,Low
S016,M018,1057,713,0.7,3,2.9827906e-05,Low
S010,M019,948,608,0.91,-3,0.00052661536,Low
S029,M011,941,433,0.83,3,8.5207563e-07,Low
S010,M003,1050,582,0.87,1,6.554328e-05,Low
S012,M008,1033,372,0.89,1,0.0007182293,Low
S030,M020,931,780,0.81,0,4.920055e-05,Low
S041,M019,846,651,0.98,-3,8.303258e-05,Low
S001,M010,893,859,0.74,1,7.2632915e-06,Low
S005,M016,1048,625,0.9,4,1.37192455e-05,Low
S020,M005,819,742,0.7,2,2.9967156e-05,Low
S008,M020,979,399,0.98,0,0.7829781,High
S043,M009,1071,358,0.73,3,6.8172562e-06,Low
S012,M008,935,807,0.73,-1,2.7002498e-06,Low
S001,M011,1036,557,0.8,0,0.0003631839,Low
S020,M016,989,712,0.81,-1,0.00042937297,Low
S028,M007,1011,751,0.76,0,9.1474785e-06,Low
S043,M015,863,364,0.88,0,0.9996922,High
S037,M024,963,894,0.83,3,8.167405e-06,Low
S047,M029,837,453,0.71,2,1.3958867e-06,Low
S037,M021,1014,565,0.8,3,1.9491335e-06,Low
S012,M020,818,378,0.94,-3,0.9990711,High
S037,M023,1053,614,0.91,-2,6.5720094e-05,Low
S049,M017,873,961,0.92,-3,9.028588e-06,Low
S049,M006,940,859,0.91,-1,7.329264e-05,Low
S044,M015,816,547,0.79,3,3.6962108e-06,Low
S028,M008,894,909,0.73,3,2.1041276e-06,Low
S047,M007,1033,713,0.78,1,2.812666e-05,Low
S015,M002,887,324,0.95,4,0.00091796,Low
S006,M030,1097,583,0.99,1,0.0006857586,Low
S044,M013,850,748,0.85,1,1.4474836e-06,Low
S020,M030,1044,600,0.7,0,1.7907294e-05,Low
S050,M023,912,367,0.74,0,0.9964024,High
S014,M029,807,306,0.8,2,0.9956722,High
S002,M006,836,436,0.87,-2,0.0019862507,Low
S009,M029,846,463,0.72,2,1.2651413e-05,Low
S037,M005,899,382,0.98,-3,0.008429773,Low
S020,M020,972,949,0.81,-1,2.2156082e-06,Low
S026,M001,1040,719,0.97,2,0.00015718982,Low
S029,M029,990,372,0.93,4,0.00013531973,Low
S001,M018,1033,536,0.93,-1,0.6971633,Medium
S035,M015,1080,345,0.88,-1,0.77279353,High
S006,M023,1034,917,0.89,2,7.775534e-06,Low
S037,M010,925,561,0.89,2,9.870787e-07,Low
S005,M003,977,475,0.89,2,4.184293e-06,Low
S033,M005,972,465,0.87,-1,0.012795264,Low
S049,M024,919,956,1.0,-3,3.586277e-05,Low
S014,M029,829,669,0.92,-2,1.6234935e-05,Low
S012,M013,847,353,0.93,3,0.00028045525,Low
S042,M008,978,989,0.96,1,5.1771517e-06,Low
S020,M022,893,718,0.76,1,5.0528606e-06,Low
S050,M021,854,806,0.73,-2,5.539771e-06,Low
S024,M029,1035,640,0.84,-1,0.00012739349,Low
S043,M002,1086,426,0.85,3,0.0034043074,Low
S034,M009,873,708,0.95,0,0.00011173701,Low
S025,M017,921,666,0.83,-2,7.301493e-05,Low
S050,M027,856,570,0.87,4,1.0012709e-06,Low
S029,M018,1072,943,0.86,1,2.9532364e-06,Low
S039,M013,938,904,0.71,-2,4.7311737e-06,Low
S031,M001,998,678,0.88,-3,1.2606851e-05,Low
S047,M012,1008,372,0.95,2,7.6513395e-05,Low
S043,M020,1072,547,0.75,3,1.1298901e-05,Low
S050,M020,937,342,0.88,-1,0.9981408,High
S023,M021,933,676,0.88,3,2.2394224e-05,Low
S044,M005,815,340,0.75,1,0.010693783,Low
S038,M008,902,469,0.74,1,0.00027972332,Low
S020,M027,1042,511,0.99,-1,0.9990571,High
S023,M015,889,792,0.82,1,1.7521514e-06,Low
S045,M027,803,979,0.77,0,2.2216022e-06,Low
S016,M003,861,338,0.75,-1,0.010591939,Low
S050,M006,1011,668,0.9,-1,0.00012341177,Low
S042,M028,1047,450,0.88,-2,0.33741838,Low
S008,M013,991,410,0.89,2,6.433789e-05,Low
S050,M012,855,779,0.73,3,0.0004106283,Low
S021,M019,1088,735,0.97,-2,1.1388702e-05,Low
S001,M029,830,346,0.82,-1,0.99932706,High
S008,M018,800,874,0.79,2,0.0001364574,Low
S029,M024,997,665,0.84,0,1.1186644e-05,Low
S032,M001,844,368,0.82,0,0.99976903,High
S038,M025,846,598,0.96,-1,5.3160466e-06,Low
S005,M027,1021,595,0.98,-2,2.387378e-05,Low
S047,M007,1085,502,0.79,0,1.5561754e-05,Low
S022,M012,880,360,0.96,-1,0.9987802,High
S047,M010,1079,613,0.93,3,2.9564506e-05,Low
S034,M029,1086,460,0.98,1,0.0016413546,Low
S001,M012,1083,630,0.77,1,4.959815e-06,Low
S026,M011,988,827,0.87,3,6.4243413e-06,Low
S043,M004,838,637,0.78,3,1.4616926e-06,Low
S010,M019,882,905,0.95,-1,1.7208105e-05,Low
S030,M006,975,603,0.7,-2,1.1250666e-05,Low
S050,M025,808,802,0.87,1,2.0669968e-05,Low
S018,M009,1077,949,0.8,-1,1.2046584e-05,Low
S017,M020,1057,637,0.8,2,3.900455e-06,Low
S026,M010,1071,849,0.89,-2,3.7000886e-05,Low
S008,M005,1060,938,0.96,3,5.553148e-06,Low
S047,M027,979,574,0.88,4,0.00066878204,Low
S040,M013,953,463,0.96,1,8.7121916e-05,Low
S049,M009,814,742,0.78,4,1.2327379e-06,Low
S012,M002,866,618,0.86,1,2.0111964e-05,Low
S027,M018,986,888,0.84,0,5.883487e-05,Low
S008,M021,862,803,0.7,0,0.001706723,Low
S025,M001,1080,985,0.87,2,6.110324e-06,Low
S046,M024,840,686,0.9,-1,0.6129225,Medium
S004,M021,827,902,0.88,2,3.0751762e-06,Low
S033,M012,1076,990,0.92,-2,2.5280086e-05,Low
S001,M010,1020,793,0.87,0,6.2602085e-06,Low
S019,M002,1016,789,0.72,-1,0.00038141644,Low
S031,M028,1021,372,0.73,1,0.00014884814,Low
S016,M009,860,808,0.88,2,1.3997766e-06,Low
S014,M002,902,689,0.78,0,3.597126e-06,Low
S048,M023,984,918,0.72,3,5.077879e-06,Low
S005,M024,946,594,0.83,-3,0.9917583,High
S041,M030,874,668,0.87,1,0.0009035058,Low
S026,M022,800,993,0.8,-2,6.37077e-05,Low
S028,M014,961,848,0.92,3,1.6711225e-06,Low
S002,M011,816,948,0.89,3,6.6080494e-05,Low
S050,M023,1042,867,0.8,2,2.3936564e-06,Low
S006,M011,818,486,0.93,-1,0.0019796197,Low
S009,M017,858,744,0.89,4,5.9574006e-07,Low
S033,M004,1000,869,0.89,3,1.1725464e-05,Low
S041,M013,914,662,0.87,0,1.0723986e-05,Low
S025,M007,1002,422,0.7,-1,0.18872453,Low
S048,M016,1093,487,0.91,3,0.00020292486,Low
S013,M001,830,979,0.81,-1,3.539953e-06,Low
S009,M013,993,719,0.98,-3,0.55756533,Medium
S013,M001,905,925,0.95,2,1.2799547e-06,Low
S031,M011,925,551,0.88,-1,0.029354824,Low
S041,M006,902,918,0.78,2,1.2454218e-06,Low
S011,M020,962,848,0.76,1,2.4330488e-06,Low
S004,M003,920,634,0.8,0,2.2574617e-05,Low
S034,M012,1039,391,0.84,4,1.5485424e-05,Low
S038,M005,894,829,0.79,0,2.9373552e-06,Low
S046,M009,1007,362,0.85,-3,0.9952447,High
S004,M026,948,961,0.75,0,1.4349036e-05,Low
S038,M026,992,811,0.99,-2,5.6694284e-05,Low
S019,M012,941,438,0.73,2,4.87473e-05,Low
S006,M030,1071,997,0.98,0,0.0013016497,Low
S034,M030,1000,484,0.97,-3,0.0003117937,Low
S018,M028,961,504,0.86,2,9.0030935e-06,Low
S013,M027,908,513,0.92,0,1.6599656e-06,Low
S041,M010,1062,555,0.83,-1,0.0026437505,Low
S023,M019,1009,434,0.89,2,5.9461618e-06,Low
S019,M005,948,872,0.8,-3,9.200891e-06,Low
S045,M026,1055,387,0.79,-1,0.98443604,High
S011,M005,998,506,0.87,1,2.7647706e-05,Low
S001,M009,985,428,0.85,3,4.0493545e-05,Low
S024,M027,964,302,0.87,-2,0.96737057,High
S007,M028,907,420,0.79,0,0.6706063,Medium
S025,M026,882,684,0.81,3,2.767423e-06,Low
S021,M027,879,913,0.73,3,5.037003e-06,Low
S015,M020,1052,337,0.72,-2,0.22359408,Low
S001,M017,824,640,0.78,0,0.0008869442,Low
S012,M010,1082,944,0.72,0,9.756248e-06,Low
S007,M021,850,320,0.73,-1,0.012507356,Low
S015,M001,907,541,0.94,-1,0.0005093878,Low
S021,M022,1037,754,0.71,3,1.3289497e-06,Low
S019,M028,985,920,0.9,-1,4.830624e-06,Low
S029,M016,879,602,0.78,-1,1.39737485e-05,Low
S025,M026,895,895,0.96,2,8.491281e-06,Low
S033,M026,949,894,0.85,4,9.832961e-07,Low
S049,M015,805,368,0.79,-2,0.9996433,High
S032,M023,821,428,0.86,2,1.3744847e-05,Low
S049,M017,1019,495,0.81,-1,0.00011867521,Low
S035,M026,811,439,0.87,0,0.000115849616,Low
S044,M020,1082,743,0.73,3,8.941896e-06,Low
S038,M025,991,582,1.0,-2,2.7885595e-05,Low
S026,M013,1024,611,0.83,-1,0.00010505204,Low
S011,M001,966,834,0.8,0,3.5005005e-06,Low
S035,M025,915,964,0.91,1,2.3660925e-05,Low
S008,M008,947,576,0.81,0,3.1974266e-06,Low
S046,M005,835,360,0.95,0,0.9990114,High
S014,M006,1044,618,0.84,-1,1.3209867e-05,Low
S010,M023,929,351,0.92,1,0.00032984786,Low
S002,M020,1039,452,0.73,1,2.9650694e-06,Low
S046,M030,904,610,0.95,2,5.0557253e-07,Low
S009,M014,966,843,0.92,0,7.92737e-05,Low
S003,M022,841,866,0.76,1,6.4668876e-07,Low
S021,M023,1053,688,0.74,-1,0.0012663762,Low
S026,M011,1004,847,0.79,-3,0.00059813866,Low
S008,M006,994,921,0.99,3,8.6325576e-07,Low
S048,M011,970,476,0.78,1,0.05845446,Low
S002,M013,1049,661,0.84,-2,1.06271655e-05,Low
S006,M012,903,613,0.71,1,1.7745017e-06,Low
S028,M022,838,396,0.82,2,1.5576784e-06,Low
S029,M002,1035,512,0.87,-1,0.8236631,High
S026,M021,933,436,0.99,3,7.9574376e-05,Low
S025,M003,1051,305,0.86,-2,0.9997353,High
S012,M023,969,408,0.95,0,7.82115e-05,Low
S005,M004,1082,846,0.86,-1,5.5636916e-05,Low
S034,M017,1006,338,0.71,2,2.227824e-05,Low
S048,M028,942,961,0.79,2,2.3398034e-05,Low
S037,M028,818,724,0.87,1,1.0455166e-05,Low
S015,M022,989,929,0.99,2,8.022445e-06,Low
S044,M006,863,560,0.96,-1,5.7405327e-05,Low
S036,M007,1029,725,0.77,0,2.1567755e-06,Low
S015,M015,974,386,0.77,0,0.9986119,High
S043,M011,819,764,0.76,1,1.7742848e-05,Low
S048,M024,1075,375,0.98,-1,0.94815546,High
S023,M003,1025,770,0.96,3,1.8891146e-06,Low
S006,M030,1030,713,0.93,2,2.0883544e-06,Low
S046,M006,900,756,0.82,1,4.858034e-06,Low
S050,M026,1026,584,0.85,-1,0.9697482,High
S044,M002,1093,538,0.84,2,0.0007963998,Low
